dt,lat_ms,thr_bp,hold_ms,pnl_usd,n_place,n_fill,n_pull,volume,gross_bp,ops_per_s,eq_min,end_inv
2026-07-10,0,inf,0,16.122009615889,216971,6490,0,2293.847486033425,1.0347307009623765,5.022476851851851,-1.232131547709585,2.0351955307262584
2026-07-10,0,1.0,500,14.866181931384503,164398,4359,25838,1524.1480446927699,1.0149071600352737,3.805509259259259,0.0,2.0478584729981426
2026-07-10,0,2.0,500,14.934463828935264,195251,5698,8526,2002.324208566151,1.012714133402137,4.519699074074074,-0.795327391880889,2.1659217877095
2026-07-10,0,4.0,500,14.615512447497721,207732,6196,3111,2186.129795158255,1.0198567566178443,4.808611111111111,-1.272417545772882,1.9454376163873395
2026-07-10,0,2.0,250,16.56488909747023,204503,6071,9163,2139.5646182495275,1.0254757130310017,4.7338657407407405,-0.7921789932216399,1.8934823091247703
2026-07-10,0,2.0,1000,16.018620195044704,184434,5401,7693,1894.7135940410092,1.002109585717167,4.2693055555555555,-0.03180623433893004,2.148603351955309
2026-07-10,100,inf,0,12.077310928145423,215214,5825,0,2054.856238361304,0.7497410540144616,4.981805555555556,-0.23915185668536765,1.9627560521415306
2026-07-10,100,1.0,500,11.664605948497652,165958,3553,26376,1245.2687150838235,0.8176049126779384,3.84162037037037,0.0,1.3234636871508396
2026-07-10,100,2.0,500,13.56698971229602,196092,5074,8651,1782.7690875233143,0.7658653681460532,4.539166666666667,0.0,1.8588454376163928
2026-07-10,100,4.0,500,13.003875549817224,206500,5547,3097,1953.7148975791831,0.7555127539644265,4.780092592592593,-0.06319358212294901,2.000558659217879
2026-07-10,100,2.0,250,13.042413793064298,203326,5256,9218,1849.9908752328129,0.7799989935344898,4.70662037037037,0.0,1.7312849162011228
2026-07-10,100,2.0,1000,13.183852439292508,186595,4866,7807,1707.58826815646,0.7667119989264355,4.319328703703704,0.0,1.696648044692739
2026-07-11,0,inf,0,1.8371364723503234,47169,2214,0,779.7262569832529,0.9923886500411547,1.091875,-0.23373473791097865,1.8283054003724404
2026-07-11,0,1.0,500,2.1837301448809683,44026,1968,3720,691.83445065178,1.0092463967500112,1.0191203703703704,-0.20229073502270012,1.9834264432029822
2026-07-11,0,2.0,500,1.844413875555773,45878,2133,675,750.7932960893974,0.998635791354736,1.0619907407407407,-0.4038649516287762,1.800744878957174
2026-07-11,0,4.0,500,1.9172977065153844,46970,2189,221,770.2703910614649,0.995613420753608,1.0872685185185185,-0.3882143957527262,1.6558659217877119
2026-07-11,0,2.0,250,2.4303387752164554,47033,2196,694,772.2774674115582,0.9987432029981939,1.0887268518518518,-0.2961023430674743,1.573184357541902
2026-07-11,0,2.0,1000,2.0500938237765354,45373,2095,666,738.2201117318552,0.9989907678536804,1.050300925925926,-0.32900432473866204,1.8007448789571723
2026-07-11,100,inf,0,-0.31060984120121304,47483,1988,0,692.0651769087635,0.6840780354877991,1.0991435185185185,-0.9237381778328455,1.6141527001862241
2026-07-11,100,1.0,500,0.5626452513567415,44116,1664,3828,581.061638733714,0.7371419798016432,1.0212037037037036,-0.3961265738732296,1.3141527001862232
2026-07-11,100,2.0,500,-0.13926881396687918,46017,1914,694,666.5739292365096,0.7017414094291364,1.0652083333333333,-0.7918583501692495,1.6141527001862237
2026-07-11,100,4.0,500,-0.24252929037167803,46925,1964,222,683.5990689013145,0.6888079946678739,1.0862268518518519,-0.8618289300094801,1.5417132216014935
2026-07-11,100,2.0,250,0.1963500268670373,46676,1934,708,674.095158286789,0.7088903764227763,1.080462962962963,-0.48484285958798523,1.8314711359404123
2026-07-11,100,2.0,1000,-0.1577755927713298,45288,1866,673,650.2039106145351,0.7062172683672328,1.0483333333333333,-0.8508217096813553,1.686592178770951
2026-07-12,0,inf,0,-0.21075415458582114,55359,3114,0,1105.4368715083972,1.0515453381942992,1.2814583333333334,-1.5249037573650952,-0.8692737430167539
2026-07-12,0,1.0,500,0.42030371797082466,48050,2696,4554,952.8162011173323,1.0370691400783163,1.1122685185185186,-0.934383917059705,-1.5487895716945943
2026-07-12,0,2.0,500,0.039138606687671995,52283,2977,1342,1053.5953445065336,1.040208188221861,1.2102546296296297,-1.2440557379801618,-1.514152700186212
2026-07-12,0,4.0,500,0.5118420397048311,53960,3062,537,1086.0424581005755,1.044226004358768,1.249074074074074,-0.8136930367429613,-1.6417132216014836
2026-07-12,0,2.0,250,0.12355961463208587,53567,3060,1456,1085.3527001862365,1.048917072835162,1.239976851851852,-1.0397949968513558,-1.6417132216014867
2026-07-12,0,2.0,1000,0.2879388391354496,51268,2910,1283,1029.6765363128648,1.0399536980212576,1.1867592592592593,-1.022818361423063,-1.7763500931098637
2026-07-12,100,inf,0,-0.5510181077490302,54907,2797,0,984.0255121042974,0.7593119449723015,1.2709953703703705,-2.0395270171840423,-2.2039106145251317
2026-07-12,100,1.0,500,-0.07898663627914004,47333,2247,4643,789.9852886406064,0.7996006389165862,1.0956712962962962,-1.6553477999015485,-1.9692737430167535
2026-07-12,100,2.0,500,0.3540112055457456,52152,2695,1441,945.4642458100693,0.7699110360763858,1.2072222222222222,-1.1065843309630026,-1.9417132216014845
2026-07-12,100,4.0,500,0.02288316194410811,53826,2752,574,966.8484171322299,0.7697223128647255,1.2459722222222223,-1.4963811091296009,-1.9039106145251317
2026-07-12,100,2.0,250,-0.4112707850921993,53085,2708,1519,951.023277467425,0.7719559009081334,1.2288194444444445,-1.9162287278579697,-2.031471135940404
2026-07-12,100,2.0,1000,0.5705271585815552,50825,2650,1347,929.8115456238492,0.7673599268411767,1.1765046296296295,-1.051120930776321,-1.9865921787709413
2026-07-13,0,inf,0,14.448394591743167,288639,7701,0,2751.8417132212653,1.1334080669320163,6.6814583333333335,-0.6376601627174523,-0.9765363128491473
2026-07-13,0,1.0,500,10.956209845964478,203208,4795,31367,1698.3512104283388,1.1100918619882394,4.703888888888889,-0.18557795605212846,0.28491620111733007
2026-07-13,0,2.0,500,14.69842113981376,255975,6632,11788,2362.995158286643,1.1115119240210987,5.925347222222222,-0.3626051354934674,-1.3489757914338731
2026-07-13,0,4.0,500,15.380020897338298,277191,7265,4294,2592.1446927371785,1.1177511668650555,6.416458333333333,-0.26607273594041203,-1.2489757914338786
2026-07-13,0,2.0,250,19.18264652477428,269828,7158,12764,2553.77001862174,1.1231386365554747,6.246018518518518,-0.375959588230927,-0.504096834264418
2026-07-13,0,2.0,1000,17.380601001034123,235311,6251,10264,2220.957914338865,1.0989961331490983,5.447013888888889,-0.32023284975792876,-1.204096834264415
2026-07-13,100,inf,0,9.364922289077967,277892,6479,0,2285.9135940408737,0.7874966809181305,6.432685185185186,-1.0696536567308215,-1.281191806331449
2026-07-13,100,1.0,500,8.094509205261707,203380,3888,31818,1365.6256983240482,0.8931816796675976,4.707870370370371,-0.00040685169459564463,-0.2260707635009181
2026-07-13,100,2.0,500,8.022787310091331,244552,5576,11199,1965.006145251438,0.8372354746193088,5.660925925925926,-0.5878719886778185,-1.553631284916182
2026-07-13,100,4.0,500,9.592861659319581,265949,6135,4135,2162.4054003724177,0.8101682203781078,6.1562268518518515,-0.029896418621966347,-1.443389199255096
2026-07-13,100,2.0,250,11.543659277786915,258633,5828,12193,2053.405027933001,0.8479593941993282,5.986875,-0.6952593337522615,-1.526070763500909
2026-07-13,100,2.0,1000,8.890128946733938,227647,5295,10003,1862.019925512143,0.8287150093977886,5.269606481481482,-0.27234556703327684,-1.526070763500913
2026-07-14,0,inf,0,0.0786587423698677,338218,11291,0,4033.4597765354206,0.925355488036365,7.8291203703703705,-2.5282304026311664,-0.8102420856610697
2026-07-14,0,1.0,500,-2.0063576036332997,232356,7247,35288,2596.0383612660485,0.8116812405426023,5.378611111111111,-5.276389349897428,-0.007076350093102035
2026-07-14,0,2.0,500,4.322504753944564,294025,9584,14507,3419.702234636273,0.8556711154019552,6.8061342592592595,-2.1471707169911127,-0.5070763500930965
2026-07-14,0,4.0,500,2.100167640711156,319508,10642,5325,3800.4614525132006,0.8922667941205978,7.3960185185185185,-2.1848721112205567,-0.8756052141526818
2026-07-14,0,2.0,250,5.423502029245846,311917,10432,15657,3727.1538175039186,0.8972753738362574,7.220300925925926,-0.34866607967737195,-0.86219739292363
2026-07-14,0,2.0,1000,2.921280325981364,267968,8960,12419,3193.397579142884,0.8241157395420048,6.202962962962963,-0.5479300738673842,-0.9070763500930965
2026-07-14,100,inf,0,-1.3412616384357818,340135,10685,0,3777.057541898714,0.5125144037464774,7.87349537037037,-2.8192319843377476,0.8936685288640707
2026-07-14,100,1.0,500,-5.909331544648673,230866,6689,35559,2366.0510242084406,0.46743834478215757,5.34412037037037,-7.577940200976542,0.9102420856610851
2026-07-14,100,2.0,500,1.6543549221021152,293882,9223,14467,3252.174487895199,0.48110368969351575,6.802824074074074,-0.5895263564458446,0.8936685288640693
2026-07-14,100,4.0,500,0.2668785559641904,322993,10156,5363,3584.165363127841,0.5014470538569541,7.476689814814815,-1.7374995503422355,0.8905027932960996
2026-07-14,100,2.0,250,3.3298799405452613,313681,9569,15927,3375.9551210422696,0.5014293011618312,7.26113425925926,-0.6889026634179345,0.6590316573556909
2026-07-14,100,2.0,1000,3.182856848938897,268472,8743,12553,3081.070391061003,0.462125301961092,6.21462962962963,-0.24572820018353525,0.8141527001862237
2026-07-15,0,inf,0,10.763391355746862,294778,10708,0,3623.584543761053,0.7172839982790165,6.823564814814815,-1.0178477051620973,0.13202979515831453
2026-07-15,0,1.0,500,11.117441244088738,217103,7648,30970,2620.1830540035153,0.6809105163499477,5.0255324074074075,-0.4940180184757281,-1.2977653631284738
2026-07-15,0,2.0,500,8.801489474272024,269860,9826,9561,3332.6162011168403,0.6928939656422777,6.246759259259259,-1.132290339326758,-0.6135940409683169
2026-07-15,0,4.0,500,9.78370091700755,286466,10411,2728,3523.7132216009422,0.699227329455054,6.631157407407407,-1.001995973950315,-0.23724394785844566
2026-07-15,0,2.0,250,10.195595229568925,280391,10211,9980,3465.3031657350343,0.7065296685062508,6.490532407407407,-0.960885714820165,-0.18919925512101365
2026-07-15,0,2.0,1000,7.4187968192454505,253418,9368,8715,3175.0443202975375,0.6852604188758157,5.866157407407408,-2.2085024249256975,-0.9135940409683156
2026-07-15,100,inf,0,2.1878950145535896,297052,11621,0,3891.771508379197,0.34221185919709407,6.876203703703704,-4.199691974098954,0.8556797020484366
2026-07-15,100,1.0,500,0.7116385190915224,219010,7864,31682,2656.2284916198964,0.33148997197002694,5.069675925925926,-3.3325773165748274,-0.787523277467393
2026-07-15,100,2.0,500,0.8003807422571495,271987,10608,9683,3555.1962756046473,0.33503798253441835,6.29599537037037,-5.1083057229576525,0.010055865921804963
2026-07-15,100,4.0,500,1.2035868164094374,288610,11323,2767,3790.0033519546523,0.3342530336700815,6.680787037037037,-5.45336677946915,0.4037243947858667
2026-07-15,100,2.0,250,0.5607971667439884,282502,10913,10105,3659.4195530720167,0.34061590303551587,6.539398148148148,-5.188512099393051,0.551769087523301
2026-07-15,100,2.0,1000,-0.9184387986888751,255391,10169,8833,3405.0212290497793,0.32592134907830234,5.911828703703704,-6.241570641123914,0.05810055865923852
2026-07-16,0,inf,0,7.72531238654549,304594,11000,0,3847.969459961747,0.6278753942959351,7.050787037037037,-0.36570840598356824,1.1392923649906928
2026-07-16,0,1.0,500,3.675067968899711,221951,7589,32527,2677.1271880816025,0.6148843709989046,5.1377546296296295,-0.514266345314681,1.4046554934823139
2026-07-16,0,2.0,500,7.603394487062154,276615,9924,10396,3477.553445064383,0.6069799843950273,6.403125,-0.47383325832765877,0.580260707635017
2026-07-16,0,4.0,500,7.391785394663259,296674,10685,3052,3741.0249534441164,0.617657698662044,6.867453703703704,-0.21930851099556037,1.6290502793296207
2026-07-16,0,2.0,250,7.404149688890158,289193,10370,11069,3636.5945996266732,0.6199927863943062,6.694282407407408,-0.2553280405640379,1.0597765363128528
2026-07-16,0,2.0,1000,7.070084491270457,260654,9489,9481,3324.3469273735927,0.6003902512732486,6.033657407407407,-0.7551744634936739,0.7905027932960975
2026-07-16,100,inf,0,-2.6296135366065414,302597,11249,0,3901.154189943123,0.244866756564305,7.004560185185185,-3.5287906013435446,-0.3638733705772746
2026-07-16,100,1.0,500,-4.251707938551551,224891,7415,33504,2597.3707635006426,0.27097513759379105,5.205810185185185,-4.4215611617183015,0.48733705772812425
2026-07-16,100,2.0,500,-4.786935981630286,277993,10222,10542,3550.5940409675122,0.25631216058385065,6.435023148148148,-5.124733391676905,-0.4402234636871421
2026-07-16,100,4.0,500,-3.103701108109476,295032,10959,3063,3807.455307261596,0.24831028541334857,6.829444444444444,-3.60304914125318,-0.3811918063314624
2026-07-16,100,2.0,250,-4.309710667355283,289132,10471,11126,3640.396089384594,0.2619320892884493,6.69287037037037,-4.626176831070367,-0.25046554934822735
2026-07-16,100,2.0,1000,-4.175438229092151,262249,9825,9622,3416.6094972059495,0.24873804335308564,6.070578703703704,-4.507206149529829,-0.5402234636871435
2026-07-17,0,inf,0,16.924373989511217,336997,12970,0,4570.80912476649,0.6963013340908647,7.800856481481482,-0.8417023668805541,-0.5253258845437434
2026-07-17,0,1.0,500,13.194893234570637,229663,8371,35790,2962.629981377606,0.6741495751257762,5.316273148148148,-1.4659878975361522,-0.29143389199254083
2026-07-17,0,2.0,500,17.724212283916287,283094,10725,18099,3779.98845437533,0.6747705355996012,6.553101851851852,-0.8110675318563665,-0.5426443202979316
2026-07-17,0,4.0,500,18.238559425668114,316013,12137,6184,4278.014152699287,0.6773118104925672,7.31511574074074,-0.7604932996180054,-0.5150837988826622
2026-07-17,0,2.0,250,17.86350063361432,305469,11527,20289,4066.1141526991946,0.6886336086474679,7.071041666666667,-0.6564058171449858,-0.5324022346368522
2026-07-17,0,2.0,1000,14.751261987170444,255039,9929,15127,3491.345437615714,0.662100734333283,5.903680555555556,-1.006989235735233,-0.4702048417132046
2026-07-17,100,inf,0,1.7562664288058132,341128,12893,0,4516.213966479706,0.3319901685426059,7.896481481481482,-5.699126041267249,-0.1253258845437385
2026-07-17,100,1.0,500,-2.504638899515786,236237,7843,37491,2745.688268156134,0.3362128918819938,5.468449074074074,-8.859051427779825,-0.3914338919925369
2026-07-17,100,2.0,500,-0.7029792112887447,288057,10503,18718,3670.6100558651656,0.33376846781412334,6.667986111111111,-6.231692066213512,-0.11508379888266218
2026-07-17,100,4.0,500,1.976598480868609,320759,12102,6363,4237.147299812876,0.32951856635686727,7.424976851851852,-4.595373653336928,-0.14581005586590484
2026-07-17,100,2.0,250,4.67448516234261,308434,11058,20761,3867.4778398501658,0.3485513179711146,7.139675925925926,-3.6871971697635644,0.14711359404098745
2026-07-17,100,2.0,1000,-4.256840060533548,259183,9699,15699,3381.0426443197025,0.3240905208401123,5.999606481481481,-7.8595921532074655,-0.40800744878955714
2026-07-18,0,inf,0,1.2993002878426694,36288,3159,0,1032.55940409686,0.7247441557752902,0.84,-0.6165429048656108,-2.057728119180608
2026-07-18,0,1.0,500,0.814560159277562,32322,2703,3267,885.7331471136152,0.7172626467686756,0.7481944444444445,-0.7677142705486233,-2.0340782122904772
2026-07-18,0,2.0,500,1.2118120071074543,35332,3051,502,998.0193668529112,0.7205296699413489,0.8178703703703704,-0.6027481442871618,-2.0372439478584456
2026-07-18,0,4.0,500,1.157838457664738,35747,3120,137,1019.613780260733,0.7221057127724082,0.8274768518518518,-0.6326171695956191,-2.0301675977653373
2026-07-18,0,2.0,250,1.1820590735492829,35855,3117,502,1019.4689013035635,0.722524845527996,0.8299768518518519,-0.602609289958906,-2.030167597765335
2026-07-18,0,2.0,1000,1.0375816202271722,34915,3014,497,986.0186219739536,0.717904197040073,0.8082175925925926,-0.6421689430953421,-2.009683426443178
2026-07-18,100,inf,0,-0.00483929679568007,36871,3079,0,995.0201117318677,0.5160457511513636,0.8534953703703704,-1.2708799763666292,-2.2238361266293976
2026-07-18,100,1.0,500,0.48047275786825594,31850,2390,3330,773.3925512104458,0.5290592911667757,0.7372685185185185,-0.8360627965971901,-2.14189944134076
2026-07-18,100,2.0,500,0.2207716317038262,35779,2941,523,951.0966480447162,0.5217511200039183,0.8282175925925926,-1.0145037578635367,-1.9584729981377746
2026-07-18,100,4.0,500,0.08855018493092359,36417,3035,150,980.7949720670636,0.5157227208904289,0.8429861111111111,-1.285601597876223,-2.1513966480446634
2026-07-18,100,2.0,250,0.18853902961258484,36229,2989,532,968.946182495368,0.5256551916512485,0.8386342592592593,-1.1371730120682173,-1.9309124767225057
2026-07-18,100,2.0,1000,0.38822636638207086,35293,2921,517,944.5376163873606,0.5177810100982251,0.8169675925925926,-1.1347173593365625,-1.9033519553072347
2026-07-19,0,inf,0,1.0724450407022204,69391,3479,0,1234.6024208566337,0.8873270457864724,1.6062731481481483,-1.2865150069341915,1.5566108007448862
2026-07-19,0,1.0,500,3.229866087662046,53112,2657,7592,943.1554934823258,0.8592329023079708,1.2294444444444443,-1.3593208405214021,1.8944134078212371
2026-07-19,0,2.0,500,3.4776123758172304,62970,3192,2195,1131.6335195530935,0.861726311715504,1.457638888888889,-0.9707221886739745,1.766852886405966
2026-07-19,0,4.0,500,2.099613595949421,67086,3369,779,1194.3962756052365,0.8701068555026752,1.5529166666666667,-1.1573088664701459,1.6841713221601542
2026-07-19,0,2.0,250,2.2847337088187203,65956,3341,2389,1184.4577281192026,0.8767679535764682,1.5267592592592591,-1.0800472902106293,1.539292364990695
2026-07-19,0,2.0,1000,2.631826582477899,59263,3061,1937,1083.3888268156625,0.850882212621672,1.3718287037037038,-1.0243028656526008,1.2495344506517778
2026-07-19,100,inf,0,-0.6732647667444098,69349,3456,0,1221.8363128491847,0.46791182239084284,1.6053009259259259,-2.1439376852754606,2.1841713221601537
2026-07-19,100,1.0,500,-1.3712062248565644,53358,2352,7853,826.699255121057,0.5105572661221189,1.2351388888888888,-2.370163045916051,1.6944134078212363
2026-07-19,100,2.0,500,-0.4212739953693472,63138,3114,2266,1098.8383612663142,0.487899223695416,1.4615277777777778,-1.841911479046189,2.0566108007448864
2026-07-19,100,4.0,500,0.14912291223647856,66604,3338,780,1178.8506517691092,0.47131661626823645,1.5417592592592593,-2.2183404623793024,2.001489757914345
2026-07-19,100,2.0,250,-0.5063318360220137,65744,3204,2421,1132.2854748603559,0.4928264618747252,1.5218518518518518,-2.1945179719363352,2.1290502793296158
2026-07-19,100,2.0,1000,-0.8230984444048204,59658,3028,2007,1067.6983240223656,0.4802917500038874,1.3809722222222223,-1.8089890698840918,1.5117318435754272
2026-07-20,0,inf,0,5.95262977169601,272421,8803,0,3087.7398510236853,0.6778203522296582,6.306041666666666,-1.5444830387476713,-1.0173184357541833
2026-07-20,0,1.0,500,6.677820215842075,196172,5996,30671,2128.818063314695,0.6318845945932098,4.541018518518518,-0.28997391302879194,-1.7204841713221586
2026-07-20,0,2.0,500,6.705847414216535,247589,7932,10020,2788.400744878563,0.6484925396703123,5.731226851851852,-2.1951557930613177,-1.2346368715083804
2026-07-20,0,4.0,500,8.515034112202692,264316,8513,3105,2986.454376163391,0.6615151681716571,6.1184259259259255,-0.7793207915969464,-0.9519553072625633
2026-07-20,0,2.0,250,7.212643314513102,258140,8260,10672,2903.0113594036447,0.6691313686093643,5.975462962962963,-0.6338138307521746,-1.4724394785847266
2026-07-20,0,2.0,1000,6.080690896037893,230654,7493,8894,2632.87690875202,0.6315687231311409,5.3392129629629625,-1.7045229661352082,-1.4173184357541904
2026-07-20,100,inf,0,-3.7370959915604587,272790,9215,0,3208.8763500925306,0.27990904420158175,6.314583333333333,-4.563354998507123,-0.9795158286778363
2026-07-20,100,1.0,500,-7.835271536679073,194555,5974,30694,2099.1709497206734,0.2785712348598711,4.503587962962963,-8.784652222760528,-1.6480446927374293
2026-07-20,100,2.0,500,-1.0035701062351308,244028,8231,9923,2867.651582867343,0.28293960310192456,5.648796296296296,-2.5445849699549825,-1.1346368715083774
2026-07-20,100,4.0,500,-1.4061396386372422,263666,8907,3113,3101.524767224779,0.2805722188343706,6.10337962962963,-2.208605643308047,-0.9173184357541881
2026-07-20,100,2.0,250,-1.073719033516383,256451,8451,10717,2944.3253258840605,0.29171925135178617,5.936365740740741,-2.28699363440262,-1.3897579143389187
2026-07-20,100,2.0,1000,-3.316932873813471,227790,7853,8795,2735.201675977289,0.2699771464130755,5.272916666666666,-4.759475116741996,-1.1346368715083788
2026-07-21,0,inf,0,1.8826348406541058,227209,10668,0,3471.698696461239,0.6365440728558908,5.259467592592593,-2.8127316135159077,0.5769087523277983
2026-07-21,0,1.0,500,-0.0029621001329118712,171672,8264,24003,2694.5201117315846,0.6188854264963164,3.973888888888889,-3.564847840958521,0.6873370577281557
2026-07-21,0,2.0,500,0.6998680869328116,210183,10053,5972,3266.624581005084,0.6210511690250983,4.865347222222222,-3.604006897419893,-0.07895716945991282
2026-07-21,0,4.0,500,0.8734672830946337,221726,10471,1647,3403.846182494789,0.6303557428542613,5.132546296296296,-3.11776647072638,0.6800744878957758
2026-07-21,0,2.0,250,1.7071787527030295,217015,10326,6342,3359.5785847294383,0.6291239275656816,5.02349537037037,-2.7167724022441178,-0.3026070763500371
2026-07-21,0,2.0,1000,1.4729518891585522,201565,9801,5500,3179.1122905023253,0.6152704850216436,4.665856481481481,-3.1171859201893426,-0.10335195530721653
2026-07-21,100,inf,0,-7.072106031108568,228603,11059,0,3546.3415270012492,0.3217494760602253,5.291736111111111,-8.121111231474785,-1.039478584729937
2026-07-21,100,1.0,500,-2.8978328945706764,173650,7972,24939,2555.9268156422722,0.34631716812319496,4.019675925925926,-4.039053590894227,0.7819366852886716
2026-07-21,100,2.0,500,-6.272054153548176,212146,10410,6138,3331.5698324017126,0.327138992134656,4.9107870370370375,-6.977094405917214,-1.1158286778398037
2026-07-21,100,4.0,500,-7.675504285002283,222909,10893,1688,3489.672439478,0.3216355026385014,5.1599305555555555,-8.631690332942085,-0.7119180633146638
2026-07-21,100,2.0,250,-7.16395640480593,219768,10582,6560,3389.8389199249677,0.32878355742530163,5.0872222222222225,-7.998732981286295,-1.4087523277466965
2026-07-21,100,2.0,1000,-6.072075219381887,203564,10154,5672,3243.8851024203764,0.323678265694934,4.712129629629629,-7.188101564102993,-1.3677839851023725
2026-07-22,0,inf,0,5.135764071355197,271603,11585,0,3970.9662942263185,0.6449925662794069,6.287106481481482,-1.8216013580669994,-2.1867783985102296
2026-07-22,0,1.0,500,5.4729266012479485,210727,8957,26455,3092.213407820745,0.6195767410976626,4.877939814814815,-3.246870208050346,-1.9080074487895553
2026-07-22,0,2.0,500,6.899479161386168,253152,10857,7126,3727.3616387329444,0.6296466314487421,5.86,-0.5531241309502235,-2.121415270018612
2026-07-22,0,4.0,500,5.348621185746367,265257,11349,2068,3891.90279329525,0.6374980625309821,6.140208333333334,-1.5418531253513947,-1.9765363128491489
2026-07-22,0,2.0,250,5.123009911331792,260722,11204,7484,3845.5037243939687,0.6372577638592566,6.035231481481482,-2.025403684820006,-2.1111731843575248
2026-07-22,0,2.0,1000,4.593815556344708,241068,10483,6547,3594.9495344499524,0.6202562325385681,5.580277777777778,-2.8541226649965665,-1.938733705772796
2026-07-22,100,inf,0,-2.7835894701076995,277392,12138,0,4067.4698324013716,0.3316958541290807,6.421111111111111,-4.808602083699668,-2.097020484171309
2026-07-22,100,1.0,500,-0.947228294285523,214313,8625,27497,2903.818063314345,0.3363788541888996,4.960949074074074,-6.538272901618782,-2.0284916201117227
2026-07-22,100,2.0,500,-2.8288871242539813,258773,11269,7354,3780.0314711351866,0.335240382414065,5.990115740740741,-6.428214586932526,-2.04189944134077
2026-07-22,100,4.0,500,-3.4675483111804795,270909,11883,2129,3984.5646182487035,0.33279428537204897,6.271041666666667,-6.2961188643792525,-1.8797020484171194
2026-07-22,100,2.0,250,-3.021612211766609,266241,11490,7704,3853.605214151915,0.33944261319220514,6.1629861111111115,-6.427695346421061,-1.8867783985102247
2026-07-22,100,2.0,1000,-4.357859144234098,246384,10940,6750,3664.2515828670885,0.3283011211144081,5.703333333333333,-6.083900344905601,-1.9040968342644156
2026-07-23,0,inf,0,4.912281920632381,312764,11147,0,3899.8750465540347,0.6732643991709728,7.239907407407407,-0.46586330780463925,-1.522346368715061
2026-07-23,0,1.0,500,7.222357497170492,239040,8605,28408,3027.287523276978,0.6506454193134007,5.533333333333333,-0.6114366214919471,-1.602607076350082
2026-07-23,0,2.0,500,7.948120038825124,289076,10490,8684,3668.091620110931,0.6573462933204711,6.691574074074074,-0.4780822417481545,-1.7396648044692626
2026-07-23,0,4.0,500,7.0265957510452495,303542,10923,2629,3821.2186219730656,0.6613550643122292,7.026435185185186,-0.4617377161473115,-1.6499068901303349
2026-07-23,0,2.0,250,5.40815306366342,299655,10819,9114,3785.7888268147894,0.6669405967464034,6.936458333333333,-0.44224934795440163,-1.5396648044692554
2026-07-23,0,2.0,1000,5.572338103199513,272578,10038,7918,3506.3158286771177,0.6485356609098981,6.309675925925926,-1.288213676340348,-1.5947858472997942
2026-07-23,100,inf,0,-3.168410084621977,315800,11449,0,3934.989757913445,0.35974121944588566,7.310185185185185,-3.318372209188695,0.008379888268176372
2026-07-23,100,1.0,500,0.9510682018075549,241492,8232,29261,2834.458286778019,0.3565211309134153,5.590092592592592,-1.8838839286330256,-0.36480446927373783
2026-07-23,100,2.0,500,0.5430472918099642,290843,10643,8824,3651.9994413400073,0.3581484440127609,6.732476851851852,-1.5113910887548911,-0.23333333333331924
2026-07-23,100,4.0,500,-1.7569025702407028,306962,11225,2682,3856.353817503798,0.3582848883170642,7.105601851851852,-2.068591888462194,0.08081936685290392
2026-07-23,100,2.0,250,-0.42546676050119103,301488,10866,9249,3729.9456238353187,0.3691680441075874,6.978888888888889,-1.0078474346482125,-0.32625698324021074
2026-07-23,100,2.0,1000,1.7481976311455227,275092,10221,8119,3504.3141526994814,0.35156453115193714,6.367870370370371,-1.5264772460327123,-0.09553072625696679
2026-07-24,0,inf,0,-0.01656391694539483,291352,7023,0,2538.6754189941644,0.7164990848951417,6.744259259259259,-3.3824142677839433,-0.08510242085660635
2026-07-24,0,1.0,500,-3.5840395843356276,217704,5260,28831,1907.4683426443585,0.7007181945804255,5.039444444444444,-3.9566997884329425,0.8456238361266313
2026-07-24,0,2.0,500,-2.1513504134798875,266640,6493,8586,2347.83519553059,0.6951398515920054,6.1722222222222225,-2.9907310512263052,-0.20949720670390232
2026-07-24,0,4.0,500,-2.4822008105066615,283025,6876,2601,2485.1441340779934,0.704730100960155,6.55150462962963,-3.725528243743767,-0.18510242085660172
2026-07-24,0,2.0,250,-2.8228782256660434,277046,6744,9106,2438.058472997947,0.7034730768227142,6.413101851851851,-3.3278328788612583,-0.28193668528863763
2026-07-24,0,2.0,1000,-3.5008696984122594,253065,6191,7962,2236.855307262499,0.6851781071810181,5.857986111111111,-3.802192653496604,-0.5819366852886323
2026-07-24,100,inf,0,-4.6482778947358625,291371,6879,0,2457.9387337055705,0.31680288315061084,6.744699074074074,-5.532350078822915,-1.0709497206703849
2026-07-24,100,1.0,500,-6.027355732511559,218619,4733,29466,1698.5849162011505,0.32610664401125417,5.060625,-6.250226700629952,-0.9819366852886353
2026-07-24,100,2.0,500,-3.2418928884856513,266247,6254,8757,2235.2411545623145,0.3203694261480451,6.163125,-5.185355221900409,-0.9677839851024133
2026-07-24,100,4.0,500,-3.654372138072091,283008,6720,2670,2400.6279329607273,0.31705129008697075,6.551111111111111,-5.276534289496453,-1.0607076350093028
2026-07-24,100,2.0,250,-3.0547433792906418,274372,6397,9141,2286.620484171223,0.326172017296471,6.351203703703704,-5.3524575149740485,-1.0953445065176846
2026-07-24,100,2.0,1000,-2.1707809134199394,250218,6038,7996,2154.9186219739076,0.309091713958459,5.792083333333333,-5.5516402334540516,-1.1126629422718786
2026-07-25,0,inf,0,-1.1394756509401667,45251,2792,0,972.2074487895845,0.6572681849378766,1.0474768518518518,-1.619558995021606,-0.5102420856610812
2026-07-25,0,1.0,500,-0.26249212941896616,40663,2500,3300,867.5487895717052,0.6520274997304377,0.9412731481481481,-0.7073885507091955,-0.8448789571694622
2026-07-25,0,2.0,500,-0.791911970553155,43832,2730,539,949.6783985102545,0.6497887809942533,1.0146296296296295,-1.1115240222775356,-0.49292364990688925
2026-07-25,0,4.0,500,-0.8447790316897574,44975,2771,140,964.0862197393051,0.65318379756783,1.041087962962963,-1.2972071487646133,-0.4378026070763517
2026-07-25,0,2.0,250,-0.9457695695643409,44297,2765,554,963.2862197393051,0.6533907388353847,1.0253935185185186,-1.3213576049962228,-0.637802607076349
2026-07-25,0,2.0,1000,-0.7789100282368899,43144,2679,519,931.4013035381871,0.642158496944414,0.9987037037037036,-1.0377287072682861,-0.49292364990688925
2026-07-25,100,inf,0,-1.2203358792582613,45385,2637,0,920.3769087523405,0.3535988486792136,1.0505787037037038,-1.356153671123252,-0.5378026070763515
2026-07-25,100,1.0,500,-1.0661613682463518,41624,2236,3439,780.0435754190046,0.372396552231422,0.9635185185185186,-1.2921045657569437,-0.5929236499068904
2026-07-25,100,2.0,500,-0.8578505116687722,44821,2576,577,899.9998137802731,0.3530522932045012,1.0375231481481482,-1.0404690582567753,-0.69292364990689
2026-07-25,100,4.0,500,-1.0189610274659096,45435,2621,138,915.9249534450779,0.3536777475641331,1.0517361111111112,-1.1936454551281344,-0.5204841713221606
2026-07-25,100,2.0,250,-0.6620484455577653,45205,2603,585,909.3659217877221,0.358891109277091,1.0464120370370371,-0.8083039457054753,-0.6653631284916188
2026-07-25,100,2.0,1000,-0.9332318641483681,44289,2549,549,890.5888268156548,0.3507310014193294,1.0252083333333333,-1.1066339402408545,-0.6204841713221607
2026-07-26,0,inf,0,-2.4893457841411504,51938,3298,0,1119.750279329632,0.5408899819397536,1.2022685185185185,-2.9960818207771496,2.1923649906889966
2026-07-26,0,1.0,500,-1.900517519301431,45183,2859,4600,973.2925512104468,0.5242440308885017,1.0459027777777778,-2.3620584282550396,2.061638733705757
2026-07-26,0,2.0,500,-2.3861840678092534,50216,3214,963,1088.3378026070984,0.5287662523292777,1.1624074074074073,-2.723273471496981,2.0648044692737253
2026-07-26,0,4.0,500,-2.8521471898825155,51124,3263,247,1106.514897579166,0.5330282675647773,1.1834259259259259,-2.974397904855209,2.0199255121042667
2026-07-26,0,2.0,250,-2.7401332249988144,50670,3255,984,1103.7975791434117,0.5369945924964641,1.1729166666666666,-2.9482919420628804,1.882122905027914
2026-07-26,0,2.0,1000,-2.284426884652376,48994,3155,918,1067.8331471136157,0.5263598087193352,1.1341203703703704,-2.8527416091382634,2.1270018621973734
2026-07-26,100,inf,0,-3.559838232363262,52777,3364,0,1128.7990689013268,0.25955042516779914,1.2216898148148148,-3.5796817088623243,1.647486033519532
2026-07-26,100,1.0,500,-3.5389385060502576,45729,2759,4745,921.4715083799053,0.292135535064973,1.0585416666666667,-3.524887854281161,2.161638733705754
2026-07-26,100,2.0,500,-3.4489911335685406,50760,3242,1016,1083.4063314711577,0.2691095601171688,1.175,-3.4689692469391105,1.6923649906889946
2026-07-26,100,4.0,500,-3.2155531325847875,52140,3326,262,1114.691247672276,0.26568125996373027,1.2069444444444444,-3.3143945558031476,1.7474860335195312
2026-07-26,100,2.0,250,-3.5369823644447393,51513,3276,1040,1096.5141527002083,0.2702693964520603,1.1924305555555557,-3.5566604778153135,1.5923649906889954
2026-07-26,100,2.0,1000,-3.8795356323370385,49495,3167,944,1056.8804469273955,0.26604713197653207,1.1457175925925926,-3.9479719567445386,2.1821229050279136
2026-07-27,0,inf,0,13.293275977864454,307952,10558,0,3803.938361265363,0.5818350055039985,7.1285185185185185,-0.4750113713220543,2.110428305400361
2026-07-27,0,1.0,500,9.456360877829681,222153,7507,28226,2698.781936684965,0.5497688253800871,5.142430555555555,-1.0786254532360005,0.49776536312848363
2026-07-27,0,2.0,500,15.078848311926578,275528,9375,9968,3371.95418994344,0.5502961304988585,6.377962962962963,-0.8542715343016312,2.0867783985102313
2026-07-27,0,4.0,500,15.76718875205016,296581,10132,3407,3646.541340781279,0.564740476754152,6.865300925925926,-0.49887616327735884,1.917504655493471
2026-07-27,0,2.0,250,16.127834740103538,289700,10019,10684,3608.973743015934,0.5746850254156983,6.706018518518518,-0.5730190796275281,1.9245810055865822
2026-07-27,0,2.0,1000,13.128185937346672,255961,8866,8796,3186.521042829952,0.5396291480088276,5.925023148148148,-0.6596537788842056,2.1143389199254994
2026-07-27,100,inf,0,-0.6509162819324956,311827,10640,0,3810.418621973005,0.2523284294211596,7.218217592592593,-0.9802958057001803,2.0175046554934726
2026-07-27,100,1.0,500,-0.35989252746524514,228332,7572,29505,2702.9409683423246,0.2490066444239632,5.285462962962963,-2.360014656594405,0.4284916201117244
2026-07-27,100,2.0,500,2.606347305309953,278624,9646,10140,3450.453072624967,0.2511064543667484,6.44962962962963,-0.595709802650287,1.8348230912476604
2026-07-27,100,4.0,500,-0.004833113357008756,300361,10353,3442,3705.3355679693377,0.2517811005378924,6.952800925925926,-1.200892366710022,2.217504655493473
2026-07-27,100,2.0,250,0.8920103523279579,291229,9934,10728,3555.0463687142956,0.2593691040865389,6.741412037037037,-1.725894309564623,1.8899441340782002
2026-07-27,100,2.0,1000,-0.5067330501046854,259683,9197,9071,3289.6111731837177,0.24181585748399917,6.011180555555556,-2.002656887270234,2.162383612662933
2026-07-28,0,inf,0,5.352585418031609,381515,13167,0,4811.357169459332,0.6218368176505754,8.831365740740742,-0.6052455872980147,-1.7188081936685282
2026-07-28,0,1.0,500,3.672734486568409,257636,8520,39032,3107.6180633141835,0.5914912911874745,5.963796296296296,-0.0966550580327663,-0.5700186219739236
2026-07-28,0,2.0,500,3.3801961896295225,265319,8757,36636,3193.0098696456084,0.594199699351693,6.141643518518518,-0.5021735936590801,-0.45977653631284904
2026-07-28,0,4.0,500,7.825785977218494,339054,11525,12467,4204.622532587447,0.5955381564830046,7.848472222222222,-1.7071439005111273,-0.1566108007448777
2026-07-28,0,2.0,250,2.5856002981915935,306345,10381,42912,3789.119366851972,0.6170399847402201,7.091319444444444,-0.9054274050528761,-1.6046554934823085
2026-07-28,0,2.0,1000,-2.265329799965011,205888,7219,27055,2629.32383612635,0.5847919741776875,4.765925925925926,-4.471262178126963,-0.19050279329608794
2026-07-28,100,inf,0,-3.8233083453683037,382696,12755,0,4648.205027932236,0.2627979872573695,8.858703703703704,-4.198630585396273,-2.1219739292364967
2026-07-28,100,1.0,500,5.416266534235493,260511,8118,39959,2946.9249534446317,0.2713079437148097,6.030347222222222,-3.2742857751810632,-0.6385474860335179
2026-07-28,100,2.0,500,5.661424540291151,268686,8396,37649,3048.1592178766086,0.2704404707963863,6.2195833333333335,-3.188571690180254,-0.7283054003724341
2026-07-28,100,4.0,500,0.4475939230448489,342984,11470,12790,4173.421042829516,0.2642277783671216,7.939444444444445,-2.7601892829934656,-0.9424581005586568
2026-07-28,100,2.0,250,5.0466585953484255,309563,9352,44117,3395.2169459955962,0.2890309722539723,7.165810185185185,-3.164452205583558,-1.1353817504655457
2026-07-28,100,2.0,1000,-0.011059034838769577,208634,6939,28103,2516.106145251175,0.26072299825805495,4.829490740740741,-4.207050645796542,-0.25586592178771067
2026-07-29,0,inf,0,-3.663022084181904,546790,14103,0,5204.302607075929,0.7879095614079427,12.657175925925927,-6.024369107468047,0.0456238361266309
2026-07-29,0,1.0,500,-5.303713884922587,304693,6693,59427,2469.0541899439295,0.7228933574755463,7.0530787037037035,-5.532953388121868,1.7346368715083802
2026-07-29,0,2.0,500,-5.464618399640571,306432,6753,59128,2489.9659217874923,0.7225425516436542,7.093333333333334,-5.693857902839838,1.734636871508382
2026-07-29,0,4.0,500,-3.7674477083937035,450014,10980,27087,4047.9512104272076,0.7343045431804329,10.41699074074074,-5.145188245704823,1.39366852886406
2026-07-29,0,2.0,250,-6.090113255304637,398584,9591,76285,3538.120111731035,0.7782619607950688,9.226481481481482,-8.099134348297412,0.6865921787709495
2026-07-29,0,2.0,1000,3.562130098768776,198162,4575,37737,1685.9698324022647,0.6994623536825324,4.587083333333333,-6.278994881564884,1.7243947858473008
2026-07-29,100,inf,0,-7.434658688706829,548080,13101,0,4825.294599626894,0.22275775534526068,12.687037037037037,-8.20866050110456,-0.6268156424580951
2026-07-29,100,1.0,500,0.07091708387920193,301585,5607,59596,2062.0675977653914,0.2675494550487541,6.981134259259259,-3.3381081296087842,-1.2378026070763466
2026-07-29,100,2.0,500,0.36124620723160206,303619,5668,59360,2083.6966480447086,0.2712885722340182,7.0282175925925925,-2.4941458928113747,-1.2653631284916158
2026-07-29,100,4.0,500,-2.590316965766462,447946,10088,27265,3712.804469272836,0.23355885978992214,10.36912037037037,-4.157295418386084,-0.9165735567970166
2026-07-29,100,2.0,250,-4.450072634927494,391275,7148,75897,2629.5992551207505,0.30237043835234517,9.057291666666666,-8.672013028685953,-2.220484171322158
2026-07-29,100,2.0,1000,-3.2464361287652252,195960,3930,37806,1444.1290502793552,0.2472524582121916,4.536111111111111,-3.327604233197256,-1.3204841713221542
2026-07-30,0,inf,0,2.6681860504727943,405381,11651,0,4221.055493481294,0.7056821271852881,9.383819444444445,-7.500390247264576,-0.5474860335195499
2026-07-30,0,1.0,500,7.025605949106656,256048,6570,47024,2367.4445065175605,0.6579328531824011,5.927037037037037,-1.2289692355605837,0.006145251396649676
2026-07-30,0,2.0,500,7.844769561604718,284604,7526,34955,2702.2314711356253,0.649208860603536,6.588055555555556,-1.2289692355605837,-0.5033519553072596
2026-07-30,0,4.0,500,5.690871419467136,359151,10049,13160,3631.015270017793,0.6633414700772843,8.313680555555555,-3.5157359963092816,-0.4372439478584687
2026-07-30,0,2.0,250,5.740465425152532,329104,9016,42163,3252.0553072619578,0.6941216233445802,7.618148148148149,-1.9823783563814743,-0.5513966480446846
2026-07-30,0,2.0,1000,5.455062860105393,225418,6153,24423,2201.9767225325413,0.6166218984184286,5.218009259259259,-0.3543707757169159,-0.8828677839850956
2026-07-30,100,inf,0,-0.6226986478948824,402548,11500,0,4149.238361265247,0.056035207627590324,9.318240740740741,-2.601775452513092,-0.5001862197392903
2026-07-30,100,1.0,500,6.147654104810627,251274,5557,46926,1994.3608938547848,0.12275855390042148,5.816527777777778,-1.2030099903165024,-1.8253258845437603
2026-07-30,100,2.0,500,5.261834578386342,280296,6871,34869,2449.856797020315,0.0787148775213353,6.488333333333333,-1.2030099903165024,-1.5040968342644292
2026-07-30,100,4.0,500,-0.8119098174230928,358327,9875,13349,3548.4627560513723,0.0636788509428362,8.294606481481482,-4.133919443463455,-0.3726256983240169
2026-07-30,100,2.0,250,2.8331027711665797,325417,7673,42200,2745.404469273413,0.10822711688680939,7.532800925925926,-1.3697805275162125,-1.82458100558659
2026-07-30,100,2.0,1000,7.686651179513561,223252,5716,24517,2027.1694599627947,0.05309887306202106,5.167870370370371,-1.1481611125511648,-1.8733705772811877
2026-07-31,0,inf,0,11.87027737790693,411522,11513,0,4128.261638732604,0.7753620009311465,9.525972222222222,-3.8076544922438558,-1.5182495344506466
2026-07-31,0,1.0,500,11.793565997983094,249595,6095,46277,2176.4493482308835,0.6891780776145442,5.777662037037037,-2.7170977449394513,-1.747299813780257
2026-07-31,0,2.0,500,7.790380304337617,342178,9101,19057,3245.8847299807426,0.7026569894992214,7.920787037037037,-3.7583869785359383,-1.5048417132215912
2026-07-31,0,4.0,500,8.835345291004792,380404,10453,7613,3736.862383611748,0.7206372873312441,8.805648148148148,-3.569994727235766,-0.8009310986964555
2026-07-31,0,2.0,250,12.581116712094143,372666,10370,21408,3710.0160148966806,0.7495223502847366,8.626527777777778,-3.38225300407953,-1.6804469273742972
2026-07-31,0,2.0,1000,3.9330106600371693,302258,8069,15712,2869.8562383608446,0.6806694828365913,6.996712962962963,-3.144775487934595,-1.6119180633147019
2026-07-31,100,inf,0,0.8607027068327611,407712,10456,0,3713.7694599618517,0.08392442992241061,9.437777777777777,-6.322156388431793,-0.11582867783984152
2026-07-31,100,1.0,500,-0.5681445435167731,245083,4801,45878,1690.168528864094,0.12445028295432602,5.673217592592593,-3.2403410051105794,-1.0094972067039032
2026-07-31,100,2.0,500,-4.42728373125437,336347,8025,18973,2830.3162011169175,0.09200121314603595,7.785810185185185,-5.949043836525711,-0.7504655493482228
2026-07-31,100,4.0,500,-2.4139818190304183,375309,9519,7668,3369.5180633140026,0.07339487681360433,8.687708333333333,-7.6667350114425545,0.9810055865921878
2026-07-31,100,2.0,250,-6.061150035095125,364870,8588,21270,3034.6540037238765,0.12148575528652207,8.446064814814815,-6.532304498018831,-0.8055865921787662
2026-07-31,100,2.0,1000,-5.72519708492829,295217,7115,15503,2505.9741154560224,0.0619468875699823,6.833726851851852,-6.374228988648454,-0.9126629422718666
2026-08-01,0,inf,0,-1.7875797971945104,45908,1551,0,556.2616387337139,0.49437841827821905,1.0626851851851853,-2.426012132837073,-1.4653631284916224
2026-08-01,0,1.0,500,-2.014758066715686,40681,1306,4670,469.2729981378089,0.4706999244450363,0.9416898148148148,-2.319362262145816,-1.28268156424581
2026-08-01,0,2.0,500,-2.275008640696228,42487,1390,2377,497.40595903166417,0.4748410632046782,0.9834953703703704,-2.5879894991372794,-1.4551210428305417
2026-08-01,0,4.0,500,-1.4425403505419183,45119,1525,418,546.405772811926,0.4822986776837701,1.0444212962962962,-2.0260716135588552,-1.2929236499068908
2026-08-01,0,2.0,250,-2.4686990105053184,43817,1454,2499,521.597206703918,0.4889225222527046,1.0142824074074075,-2.7717298656264973,-1.410242085661081
2026-08-01,0,2.0,1000,-2.1561473008276266,40379,1326,2186,474.7595903165799,0.46543263998244405,0.934699074074074,-2.8852801418384075,-1.1551210428305423
2026-08-01,100,inf,0,-1.7364764816238463,45883,1982,0,707.6649906890243,-0.20003990030143312,1.0621064814814816,-2.404704210192918,-1.1480446927374297
2026-08-01,100,1.0,500,-0.9485928974405908,39710,1362,4656,485.64301675978294,-0.09634427768004056,0.919212962962963,-1.613154000920943,-1.5204841713221628
2026-08-01,100,2.0,500,-1.4748327661361884,41825,1620,2393,576.6733705772896,-0.1447986986839421,0.9681712962962963,-2.449365919225599,-1.5653631284916212
2026-08-01,100,4.0,500,-1.3963456295836707,45149,1913,438,682.4839851024317,-0.18208271601956946,1.0451157407407408,-2.127680615407101,-1.1480446927374297
2026-08-01,100,2.0,250,-1.3833851330103784,43617,1674,2554,595.7504655493573,-0.13186860636811126,1.0096527777777777,-2.162401862148343,-1.5653631284916203
2026-08-01,100,2.0,1000,-1.628939018971579,39561,1558,2172,554.5443202979594,-0.14897168556791807,0.9157638888888889,-2.4398545568719214,-1.6378026070763503
2026-08-02,0,inf,0,6.183173441398637,87376,2744,0,996.9189944134243,0.618069528820694,2.0225925925925927,-0.2649520230888527,0.5558659217877089
2026-08-02,0,1.0,500,5.591516818333176,69048,2002,10370,728.9318435754301,0.5797425768791805,1.5983333333333334,-0.23492279813834216,-0.46852886405959043
2026-08-02,0,2.0,500,6.137676844962074,81173,2495,2763,905.9713221601636,0.586861897560156,1.8790046296296297,-0.28287258174805174,0.28342644320297966
2026-08-02,0,4.0,500,7.192595869135026,84575,2623,852,952.3262569832558,0.5988472194300107,1.9577546296296295,-0.28287258174805174,0.45586592178770796
2026-08-02,0,2.0,250,5.588635227192462,84592,2631,2913,954.9608938547642,0.6085449515366614,1.9581481481481482,-0.28287258174805174,0.600744878957167
2026-08-02,0,2.0,1000,7.041083193400116,76593,2363,2522,858.0163873370715,0.5705183346404875,1.7729861111111112,-0.3060075815245682,-0.289013035381752
2026-08-02,100,inf,0,-0.6485807927845428,87579,3317,0,1201.5536312849372,-0.19522390530917455,2.0272916666666667,-0.9447480792797762,1.56294227188082
2026-08-02,100,1.0,500,3.1620208077436978,67261,1947,10207,702.2713221601595,-0.060710005496339065,1.5569675925925925,-0.214254022060544,-0.4787709497206723
2026-08-02,100,2.0,500,0.9381000358763778,80496,2945,2778,1063.3510242085845,-0.151343230040728,1.8633333333333333,-0.31290844332085044,0.6180633147113581
2026-08-02,100,4.0,500,-0.04161175365454994,85224,3209,904,1161.3301675977855,-0.18476458127954556,1.9727777777777777,-0.2734800245817439,0.8180633147113576
2026-08-02,100,2.0,250,0.8656429504388115,83691,2997,2927,1083.46275605216,-0.13984593915235038,1.9372916666666666,-0.4386560160583315,1.3629422718808182
2026-08-02,100,2.0,1000,1.1473383231088903,76282,2832,2573,1021.3102420856786,-0.15740244606812684,1.765787037037037,-0.1615241145618853,0.6905027932960868
2026-08-03,0,inf,0,9.066045204235834,297867,7573,0,2740.7620111728784,0.6002271899721254,6.895069444444444,-0.36190821559362973,-1.1504655493482283
2026-08-03,0,1.0,500,0.8167524404024618,200040,4662,37152,1687.1156424581268,0.5451163692620585,4.6305555555555555,-0.3641195646266766,0.052700186219741485
2026-08-03,0,2.0,500,4.366343297395815,238714,5838,17994,2107.022718808197,0.5435695346077366,5.525787037037037,-0.32481397690864355,-1.695344506517687
2026-08-03,0,4.0,500,7.40645877098563,275143,6887,6540,2489.6999999998225,0.5578201859195683,6.369050925925926,-0.025291324263136516,-0.898510242085661
2026-08-03,0,2.0,250,6.010020437442364,262193,6556,21395,2370.2610800743664,0.5774332388444483,6.069282407407408,-0.5216219583041308,-1.6055865921787715
2026-08-03,0,2.0,1000,4.441620550091855,209234,5254,13465,1892.70465549351,0.523653285207875,4.84337962962963,-0.20068871210425243,-1.4126629422718817
2026-08-03,100,inf,0,-8.302338992701152,297251,8093,0,2917.881750465148,-0.07519584126245536,6.880810185185185,-8.415541688466092,0.9353817504655542
2026-08-03,100,1.0,500,-2.6136572513934766,194434,4172,36428,1497.0061452514194,0.015840262337612068,4.500787037037037,-2.844797827274677,0.328305400372446
2026-08-03,100,2.0,500,-4.775028256363635,235944,6041,17899,2168.706703910588,-0.05051274983839233,5.461666666666667,-4.867347480687812,-0.11973929236498881
2026-08-03,100,4.0,500,-8.26639230166571,273891,7400,6608,2663.578026070499,-0.06272457681592745,6.3400694444444445,-8.34150179445112,0.8353817504655519
2026-08-03,100,2.0,250,-7.04096172485778,257155,6404,20691,2300.4810055865055,-0.033502197954937064,5.952662037037037,-7.128568658679171,-0.2094972067039063
2026-08-03,100,2.0,1000,-3.5071463282165887,206221,5548,13428,1987.6357541899758,-0.06487693877002977,4.773634259259259,-3.6257165767493262,-0.1992551210428256
2026-08-04,0,inf,0,4.2752726298552375,300111,7687,0,2801.0011173180965,0.5162315056942625,6.947013888888889,-1.116196690707639,-1.4104283054003717
2026-08-04,0,1.0,500,1.7207336265522173,201801,4767,38369,1737.326443203006,0.4925238104542666,4.671319444444444,-0.7326409378207703,-1.6702048417132185
2026-08-04,0,2.0,500,4.324158274184249,262978,6599,11736,2401.2396648043264,0.4839377383712817,6.087453703703703,-0.6576709986962044,-0.7450651769087477
2026-08-04,0,4.0,500,5.181133410511293,286969,7312,3723,2661.05363128465,0.4935087658611911,6.6428009259259255,-0.7792925173287557,-1.6104283054003685
2026-08-04,0,2.0,250,4.364289531873844,280060,7123,12898,2594.2491620109345,0.5020782285836013,6.48287037037037,-0.4833295859783533,-0.9553072625698271
2026-08-04,0,2.0,1000,2.663333957239388,243848,6196,10177,2252.3433891991845,0.4719274647125049,5.644629629629629,-0.7471306301175531,-0.8797020484171278
2026-08-04,100,inf,0,-10.572447657558158,302110,9046,0,3288.745623835513,-0.11301850726509087,6.993287037037037,-10.686439574429642,-2.1348230912476684
2026-08-04,100,1.0,500,-2.680510219574842,198984,4653,38120,1687.1266294227448,0.007224075047465681,4.606111111111111,-2.8099832451241866,-1.9977653631284913
2026-08-04,100,2.0,500,-9.095978972504582,266822,7617,11990,2762.7027932957676,-0.07819088920073801,6.176435185185185,-9.212024148221516,-2.162383612662939
2026-08-04,100,4.0,500,-8.979545180761534,289523,8634,3736,3137.0903165730315,-0.10394816615007617,6.701921296296296,-9.079400133014772,-1.9450651769087484
2026-08-04,100,2.0,250,-8.101521267444966,281780,7883,13001,2860.474860334829,-0.06839330569370053,6.5226851851851855,-8.20882621969821,-2.0450651769087487
2026-08-04,100,2.0,1000,-7.659431267456711,246974,7236,10330,2623.807262569575,-0.08960962110425624,5.716990740740741,-7.761866666637317,-1.979702048417132
2026-08-05,0,inf,0,7.828092628546528,288946,8176,0,2986.1003724389816,0.4422365460730311,6.688564814814815,-1.3095545758749125,-1.9387337057728116
2026-08-05,0,1.0,500,4.3151305277562955,194074,5141,35330,1878.8534450652094,0.3955986215249522,4.492453703703704,-0.2899914027354953,-2.0292364990689005
2026-08-05,0,2.0,500,7.326238659067442,255810,6980,9984,2549.4776536310287,0.4013172880643083,5.9215277777777775,-0.42784342042870094,-2.056052141527003
2026-08-05,0,4.0,500,6.060486507868205,275607,7675,3612,2804.26405958992,0.41280792032503916,6.379791666666667,-2.376845637547831,-1.928491620111734
2026-08-05,0,2.0,250,9.27322071922255,269561,7564,10927,2761.771322159776,0.4261759313693795,6.239837962962963,-0.3814078592600225,-2.1284916201117325
2026-08-05,0,2.0,1000,7.517654472720622,234855,6532,8534,2384.604283053844,0.39109762844238016,5.436458333333333,-0.9930003804286969,-2.0560521415270014
2026-08-05,100,inf,0,-8.981571067326342,292056,10602,0,3870.7063314701318,-0.16123461098817726,6.760555555555555,-9.096767336376601,0.42662942271881105
2026-08-05,100,1.0,500,-0.07044904007646835,196226,5794,36224,2115.6454376163833,-0.0706809704230931,4.542268518518519,-0.5540396397514655,1.6502793296089395
2026-08-05,100,2.0,500,-2.677944411096451,259799,9097,10277,3320.6722532581566,-0.14327308912412626,6.013865740740741,-5.756398779554289,0.44394785847300194
2026-08-05,100,4.0,500,-8.063059016540215,280374,10133,3670,3696.811731842671,-0.1578261746084391,6.490138888888889,-8.226079373486158,0.7439478584729997
2026-08-05,100,2.0,250,-3.731688622177021,273316,9407,11167,3431.107262569081,-0.13382859112547166,6.326759259259259,-7.069009933187715,0.271508379888271
2026-08-05,100,2.0,1000,-6.699845031287666,240743,8676,8971,3165.3720670385046,-0.14964998006327124,5.57275462962963,-7.7341874464936495,1.2439478584730004
2026-08-06,0,inf,0,-0.2692568731325391,253829,6871,0,2494.240037243734,0.4683601634190327,5.8756712962962965,-1.0470675968221457,0.10782122905027824
2026-08-06,0,1.0,500,-0.8788931456056481,165548,4073,32336,1488.1729981378285,0.40135091215390956,3.8321296296296294,-2.6818250078720496,-0.0370577281191794
2026-08-06,0,2.0,500,1.0532481824035642,220484,5639,10263,2052.4346368715424,0.4093290624616856,5.103796296296296,-1.4647845383410214,0.29757914338919794
2026-08-06,0,4.0,500,3.976892641436274,242742,6389,3263,2324.1288640594717,0.4283189774291851,5.619027777777778,-1.0618786769735777,-0.019739292364989447
2026-08-06,0,2.0,250,2.596928481767824,234858,6221,11206,2260.3346368714224,0.44825285373961193,5.436527777777778,-1.481636927461608,0.17001862197392997
2026-08-06,0,2.0,1000,1.854339193332077,201208,5232,8669,1906.5698324022685,0.4011570628394166,4.657592592592593,-1.5662935395587496,0.2905027932960909
2026-08-06,100,inf,0,-15.667012189287693,259752,9689,0,3538.7918063306797,-0.20003548098279478,6.012777777777778,-15.677309146606138,-0.8811918063314679
2026-08-06,100,1.0,500,-6.815702010425232,173066,5001,34253,1825.785847299847,-0.09082091431477889,4.006157407407407,-6.819284269792089,-0.25437616387337075
2026-08-06,100,2.0,500,-10.402672371621833,225508,8000,10455,2920.635940409233,-0.17135027299027528,5.220092592592593,-10.409944468605076,-0.41582867783985195
2026-08-06,100,4.0,500,-16.04298853607619,249067,9203,3356,3360.100372438791,-0.1920895200963186,5.7654398148148145,-16.053577206616236,-0.9260707635009293
2026-08-06,100,2.0,250,-11.895906616187217,241031,8332,11694,3041.5165735562805,-0.1616636766740859,5.579421296296296,-11.901586999948858,-0.17094972067038833
2026-08-06,100,2.0,1000,-10.91819006526141,206793,7583,8920,2769.5050279325933,-0.17989369413844464,4.786875,-10.925395588687856,-0.40558659217876675
2026-08-07,0,inf,0,6.00529704828854,228574,7697,0,2825.102420856198,0.4694542491628066,5.291064814814815,-1.9907284816432451,1.90391061452514
2026-08-07,0,1.0,500,5.185010467946881,152468,5003,28915,1842.4117318436115,0.42159680224876805,3.529351851851852,-1.8587022141429088,2.1212290502793305
2026-08-07,0,2.0,500,7.4990711002313475,190090,6348,10658,2333.383054003597,0.42793775211032925,4.400231481481481,-1.6299656135742708,2.1558659217877096
2026-08-07,0,4.0,500,4.362915473625961,213654,7144,3700,2624.4890130350846,0.4435186738709429,4.945694444444444,-1.8170396608515773,1.8834264432029808
2026-08-07,0,2.0,250,6.322031590433085,206212,6986,12414,2564.1364990686398,0.4541774241448052,4.773425925925926,-1.8890968640598373,1.9212290502793306
2026-08-07,0,2.0,1000,7.122556812700154,170482,5944,7796,2186.114338919885,0.41917070578460475,3.946342592592593,-2.148808568485009,2.083426443202981
2026-08-07,100,inf,0,-8.925842692676454,229789,9257,0,3404.79851024134,-0.16503805965174959,5.3191898148148145,-9.13519857021852,2.000744878957172
2026-08-07,100,1.0,500,1.4722512570706527,150220,4988,28876,1833.8802607076705,-0.07033657230379835,3.477314814814815,-1.7784201338573524,1.8936685288640627
2026-08-07,100,2.0,500,-6.249687991027898,190683,7597,10689,2791.5253258841517,-0.14803645448076833,4.413958333333333,-7.506941087513283,2.0731843575419022
2026-08-07,100,4.0,500,-10.621595018899498,214677,8700,3780,3199.701675977026,-0.1597129658855722,4.969375,-10.821029108732063,1.9456238361266323
2026-08-07,100,2.0,250,-5.962413341348395,206641,7920,12451,2910.5610800740255,-0.1357344258293205,4.783356481481482,-6.248422588637112,1.8731843575419016
2026-08-07,100,2.0,1000,-3.3225537388228616,172804,7215,8200,2649.8983240220373,-0.15749823856970246,4.000092592592592,-4.128702552680309,2.1731843575419005
2026-08-08,0,inf,0,-0.36977156686644896,20974,1188,0,424.45903165736104,0.33556803515852,0.48550925925925925,-0.7948426726375146,0.044878957169458
2026-08-08,0,1.0,500,-0.6395794601126283,19136,1054,2032,379.11824953445506,0.3280332932446707,0.44296296296296295,-0.7789557637880762,0.27243947858472867
2026-08-08,0,2.0,500,-0.2700164964329428,20627,1167,180,417.082681564251,0.32083870615550114,0.47747685185185185,-0.8027047860080927,0.11731843575418865
2026-08-08,0,4.0,500,-0.34059047993905445,20770,1176,35,419.98975791434424,0.3277572069531862,0.480787037037037,-0.8027047860080927,0.044878957169458
2026-08-08,0,2.0,250,-0.38557406846793363,20776,1180,185,421.47951582868313,0.32817428573549007,0.4809259259259259,-0.7948426726375146,0.044878957169458
2026-08-08,0,2.0,1000,-0.22122617914413745,20265,1141,172,408.0614525139715,0.32099643352557866,0.4690972222222222,-0.7899727252194992,0.14487895716946142
2026-08-08,100,inf,0,-2.549543804227644,20767,1751,0,630.7392923650003,-0.19911787056627805,0.4807175925925926,-2.616884244647764,0.03463687150838102
2026-08-08,100,1.0,500,-1.0933139305238484,18759,1326,2012,479.1635009311052,-0.14306451315333657,0.4342361111111111,-1.100389464527595,-0.9448789571694598
2026-08-08,100,2.0,500,-2.046826311327532,20430,1714,187,617.2039106145345,-0.18969664587624827,0.47291666666666665,-2.1215014817290268,0.16219739292365182
2026-08-08,100,4.0,500,-2.4072010842815406,20682,1743,41,627.9322160149072,-0.19931492288196975,0.47875,-2.4646262546830258,-0.13780260707634995
2026-08-08,100,2.0,250,-2.3561612950147257,20627,1723,190,620.1834264432124,-0.18872770765890376,0.47747685185185185,-2.4308364654162204,0.16219739292365182
2026-08-08,100,2.0,1000,-2.091971707072229,20063,1699,175,612.0897579143482,-0.18969829145979444,0.4644212962962963,-2.160896877473718,0.062197392923650896
