dt,n,bid_exact,ask_exact,bid_1tick,ask_1tick,mid_abs_p50,mid_abs_p90,mid_abs_p99,mid_abs_max,mid_gt_1bp,mid_gt_10bp,obi_gt_02,spread_real,spread_mine,szb_real,szb_mine,sza_real,sza_mine,obi_corr,obi_sign,cross_mine
2026-05-04,86399,0.9877660621072003,0.985775298325212,0.9879975462678966,0.986597067095684,0.0,1.968910093722243e-12,1.598394501521461,594.7471793084101,0.014514056875658283,0.0009953818909941088,0.07378557622194701,4.104760629991847,4.143145683360248,0.871,0.899,1.403,1.419,0.9620962836554153,0.9582286832023519,0.0
2026-05-05,86399,0.9757867567911666,0.9663884998668966,0.9770020486348222,0.96774268220697,0.0,1.8961711542066854e-12,2.1256522351438756,713.6439982813182,0.029757288857509924,0.0006597298579844674,0.0705795205963032,3.9404140861221104,4.034385376904554,2.032,1.747,2.218,2.141,0.9330281286164548,0.9592703619254852,0.0
2026-05-06,86399,0.9916665702149331,0.9803354205488489,0.9923147258648827,0.9814696929362609,0.0,1.686348014145248e-12,1.3975520772041203,605.4517249021204,0.01379645597749974,0.00024305836873111957,0.05956087454715911,4.288427372418868,4.352426477762512,2.213,2.395,2.015,1.838,0.9600142485436409,0.9614463130360306,0.0
2026-05-07,86399,0.9902197942105812,0.9863655829349877,0.9903702589150337,0.9868979965045892,0.0,1.7257571018742045e-12,1.3969666015367967,85.14068557828813,0.012882093542749338,0.00017361312052222827,0.04442181043762081,3.593834230490061,3.646806764826687,1.24,1.239,1.244,1.24,0.960873808901159,0.9704857695112212,0.0
2026-05-08,86399,0.9823146101228023,0.9785529925114874,0.982650262155812,0.9792127223694719,0.0,1.7062281946198219e-12,1.4075350040552852,637.2943520192101,0.016909917938865034,0.00033565203300964133,0.05623907684116714,3.6917397323500083,3.7591966059821265,1.128,1.12,1.072,1.069,0.9380612927441306,0.9610759383789165,0.0
2026-05-09,86394,0.9828113063407181,0.9838761951061417,0.9838414704724865,0.9860869967821839,0.0,1.4807446745067018e-12,1.1177812699300098,607.0824085721238,0.010938259601361206,0.0007639419404125286,0.16997708174178763,5.591423017157215,5.668672673701313,0.253,0.257,0.258,0.26,0.8905089201112042,0.8866703706275899,0.0
2026-05-10,86399,0.9241773631639255,0.9624069723029202,0.9332399680551858,0.9666315582356277,0.0,0.0659500098924415,2.4483589551942693,600.0526939797123,0.03147027164666258,0.0008449171865415109,0.24325513026771142,2.973900788083944,3.2221685194135654,0.301,0.262,0.262,0.263,0.7299540817224541,0.8466070209145939,0.0
2026-05-11,86399,0.9776502042847718,0.9746293359876851,0.9785761409275571,0.9756478662947488,0.0,1.4527035646417543e-12,2.563735329597521,641.019072382832,0.02642391694348314,0.001064827139203,0.07651708931816341,3.457925372848824,3.555916791548175,2.028,2.039,1.866,1.852,0.9443816269366274,0.9566314424935474,0.0
2026-05-12,86399,0.9732172826074376,0.9810298730309378,0.975879350455445,0.9818284933853401,0.0,1.477680640033483e-12,1.8351062146818853,399.2699795081976,0.019664579451151055,0.0004166714892533478,0.06603085683862081,2.6051164487058496,2.6910139356083467,2.689,2.7,2.036,2.067,0.9446487181756312,0.9632287410733921,0.0
2026-05-13,86399,0.9810645956550423,0.9735413604324125,0.9825345200754638,0.9750460074769384,0.0,1.42769749554645e-12,1.3477577812921546,68.43218332754596,0.014189979050683458,0.00024305836873111957,0.07260500700239586,1.904217842520896,1.9934217083620072,1.975,2.009,1.823,1.866,0.9392677745748917,0.9597680528709823,0.0
2026-05-14,86399,0.9743284065787798,0.9801270848042223,0.9756131436706443,0.9826155395317075,0.0,1.439447422706095e-12,1.3250313875286983,2738.867087527725,0.014687669996180512,0.0001388904964177826,0.06932950612854316,1.6719934663639342,1.762846745658818,2.201,2.244,2.184,2.259,0.9482184012860091,0.9636222641465758,0.0
2026-05-15,86399,0.9742821097466405,0.9720714360119909,0.9756247178786791,0.9737381219690042,0.0,1.5353065191899543e-12,1.6356155187177392,606.5861314061141,0.019479392122594013,0.0002893552008703804,0.06306785958170812,1.9656792404612435,2.0396092108748873,2.335,2.362,2.492,2.5020000000000002,0.9494363486269236,0.9663769256588618,0.0
2026-05-16,86399,0.9793979096980289,0.9550573502008125,0.982650262155812,0.9594902718781467,0.0,1.5914056625551672e-12,1.3915252976601824,399.6508989352418,0.0143751663792405,0.0004398199053229783,0.17504832231854536,1.6709368385875645,1.6754160616553744,0.509,0.514,0.467,0.454,0.7912983508848587,0.904732693665436,0.0
2026-05-17,86399,0.975508975798331,0.9713538351138323,0.9795368001944467,0.9744672970751976,0.0,1.5847947714064912e-12,0.9885958408351705,55.400522465324315,0.009930670493871457,0.0004050972812185326,0.15269852660331718,1.6567949302075764,1.6796371983652167,0.504,0.513,0.493,0.509,0.8723328944755508,0.9172791351751757,0.0
2026-05-18,86399,0.9772335327955185,0.9636454125626454,0.9786918830079052,0.9663306288267225,0.0,1.6172474834681106e-12,1.7781303643114936,412.4619628201386,0.020254864060926633,0.0005324135696015,0.06530168173242745,1.8991826210180411,1.9455689666783222,2.691,2.698,2.489,2.498,0.9475149600818525,0.9634949478581928,0.0
2026-05-19,86399,0.9745135939073369,0.9552078149052651,0.9759024988715147,0.9579740506255859,0.0,1.689417814820392e-12,1.6856550140747166,408.44930839692694,0.021111355455502957,0.00030092940890519564,0.071030914709661,1.9357480549453963,2.044810562906937,2.732,2.709,3.437,3.282,0.9388853777485148,0.9610527899628468,0.0
2026-05-20,86399,0.9810530214470075,0.9722913459646524,0.9816896028889224,0.9743978518269888,0.0,1.5714474571961344e-12,1.0920196057624607,624.6522755090682,0.01111123971342261,0.0001388904964177826,0.05491961712519821,1.4227382019421664,1.5143067572499314,3.184,3.196,2.45,2.419,0.9595282473761255,0.9717589323950508,0.0
2026-05-21,86399,0.977893262653503,0.972569126957488,0.9799997685158393,0.9742126644984317,0.0,1.5171798502878042e-12,1.3412114432430502,981.8992480202298,0.014699244204215327,0.001493072836491163,0.059908100788203564,1.594154765857069,1.6152261989690084,3.845,3.903,2.411,2.428,0.9535840002935888,0.9688306577622426,0.0
2026-05-22,86399,0.9833910114700402,0.9648028333661269,0.9841896318244424,0.9679741663676663,0.0,1.5022739915510897e-12,0.9794830941223893,124.53151165572274,0.009132050139469206,0.0005092651535318696,0.06704938714568455,1.325416180681035,1.4294718101663206,2.185,2.192,2.501,2.456,0.9438628436462858,0.9651963564393107,0.0
2026-05-23,86397,0.9371737444587196,0.9550678843015382,0.940090512402051,0.9591420998414297,0.0,0.06753197639075963,3.3560876073109016,404.0050601566493,0.02938759447666007,0.001828767202564904,0.14525967336828824,1.7384211124557263,1.828559486958274,0.791,0.79,0.558,0.531,0.8440076237251346,0.9103904070743197,0.0
2026-05-24,86399,0.972812185326219,0.977013622842857,0.9749534138126599,0.978205766270443,0.0,1.4673908231843102e-12,0.9067203758021195,501.1321923243171,0.0090510306832255,0.00015046470445259782,0.11169110753596685,1.8084350578051582,1.9141320368276105,0.343,0.321,0.357,0.367,0.8881384629648731,0.9300454866375768,0.0
2026-05-25,86399,0.9623375270547113,0.916445792196669,0.9653699695598329,0.921515295315918,0.0,0.18922335167756327,2.4809342117779924,239.93382877564292,0.02362295859905786,0.0004050972812185326,0.16049954281878262,1.637331150225076,1.6665064256641404,0.495,0.488,0.758,0.713,0.8000069206932797,0.9062720633340664,0.0
2026-05-26,86399,0.9686801930577901,0.9698028912371671,0.970624660007639,0.9722450491325131,0.0,1.4538237654381612e-12,1.501849387720545,650.119454019948,0.017951596661998404,0.0003240778249748261,0.07365825993356405,1.430009295060368,1.5331544653122304,2.728,2.725,2.456,2.5180000000000002,0.9401849894172042,0.9608444542182201,0.0
2026-05-27,86399,0.9726848690378361,0.9573258949756362,0.9741200708341532,0.9595018460861815,0.0,1.2422279399423726e-12,1.816393399700924,739.0356324694317,0.02175951110545261,0.0006018588178103913,0.12437643954212434,1.2111936313238199,1.3129677447591201,2.86,4.349,4.117,4.238,0.9189083589764884,0.914374008958437,0.0
2026-05-28,86399,0.9769094549705436,0.9699533559416197,0.9783446567668608,0.9719788423477124,0.0,1.2468874953701452e-12,1.181571723494266,401.187169852421,0.012916816166853784,0.0004050972812185326,0.06613502471093416,1.2705942145610578,1.31236466239424,4.19,4.425,3.073,3.309,0.9532145719135876,0.965925531545504,0.0
2026-05-29,86399,0.9820021065058623,0.965925531545504,0.9832868435977268,0.96805518582391,0.0,1.2113636048438974e-12,1.0851865776240686,492.48236458567885,0.011273278625910023,0.0012615886757948588,0.07268602645863957,1.3887034317009923,1.4558462626345237,3.076,3.11,3.7,3.846,0.9421837484832973,0.9633676315698099,0.0
2026-05-30,86399,0.9645250523732913,0.9819326612576534,0.9657287700089121,0.9836340698387713,0.0,1.1700510242642958e-12,0.7749758383551284,404.95510783376017,0.006388962835218,0.0007407493142281739,0.09871642032893899,1.341347021951613,1.436162573603192,1.276,1.24,1.251,1.281,0.9238221229390142,0.9491892267271612,0.0
2026-05-31,86399,0.891885322746791,0.9801965300524311,0.8948714684197734,0.9809951504068334,0.0,0.2040181372110529,1.0213651203849534,500.8692478851677,0.011099665505387794,0.0010185303070637391,0.1502216460838667,1.1218937566613834,1.3106093829549752,2.407,1.724,1.845,1.82,0.8707002464836512,0.9176379356242549,0.0
2026-06-01,86399,0.9883100498848366,0.9657750668410514,0.9930554751791109,0.9818169191773053,0.0,1.1291338106134581e-12,1.4677821811240985,500.5935892362499,0.01273162883829674,0.0011342723874118914,0.07122767624625286,0.9985520994560161,1.9193857965433598,8.519,8.636000000000001,9.267,9.135,0.948030148257941,0.9633792057778446,0.0
2026-06-02,86399,0.9878239331473744,0.975879350455445,0.9940855796942094,0.9871526290813551,0.0,0.0,1.4071954594501705,13.95572666025068,0.010486232479542588,0.00010416787231333695,0.057419646060718296,1.8768768768773039,1.8875047187622263,7.542,7.753,7.254,7.409,0.9594186386493255,0.9687612125140337,0.0
2026-06-03,86399,0.9879165268116529,0.9804974594613364,0.9932869593398072,0.9898262711373974,0.0,0.0,0.9438432164796077,249.58871915393613,0.008553339737728446,0.0002546325767659348,0.05177143253972847,1.8733608092922958,1.8763486255750583,5.406,5.389,5.058,5.095,0.9628895888202512,0.9725807011655228,0.0
2026-06-04,86399,0.9853470526279239,0.9759603699116888,0.9898841421775715,0.9828817463165083,0.0,1.126002453539504e-12,1.0620155942260994,669.0082122552121,0.010463084063472957,0.0006134330258452065,0.05416729360293522,1.9634792852939864,1.9735543714222594,3.45,3.498,3.341,3.4130000000000003,0.9578976696460462,0.9709024410004745,0.0
2026-06-05,86399,0.9788886445444971,0.9590504519728238,0.979826155395317,0.9612726999155082,0.0,1.2767432628106412e-12,1.813275385924747,814.2574425077514,0.022465537795576338,0.0009143624347504022,0.07404020879871295,1.7367845171446945,1.809039878688688,1.143,1.168,1.666,1.691,0.9416381666890955,0.9630551279528698,0.0
2026-06-06,86399,0.9638768967233418,0.954837440248151,0.9678584242873182,0.9585527610273267,0.0,1.3365330494776226e-12,2.1446281615620095,708.3321113294438,0.02652808481579648,0.0018865959096748806,0.1309621639139342,1.8275480016914167,1.892460908853975,0.563,0.5700000000000001,0.745,0.8150000000000001,0.8927995887371868,0.9318047662588688,0.0
2026-06-07,86399,0.9755436984224355,0.94550862857209,0.9768863065544741,0.9480202317156449,0.0,1.2993479389634886e-12,4.1321532988092695,1199.195422545216,0.03482679197675899,0.0004513941133577935,0.14105487332029307,1.693814753126243,1.7887487702361355,0.651,0.651,0.821,0.847,0.8714699245673466,0.9266310952673064,0.0
2026-06-08,86399,0.9823261843308372,0.9707751247120916,0.9831132304772046,0.9724765332932094,0.0,1.2598275456739366e-12,1.4691611317586681,328.55151685489915,0.01716455051563097,0.00015046470445259782,0.07045220430792024,1.451873195628694,1.4897066996693478,1.0,1.0130000000000001,1.25,1.25,0.9415968675507758,0.9634023541939143,0.0
2026-06-09,86399,0.9698839106934108,0.9674764754221692,0.9712843898656235,0.9691778840032871,0.0,1.2385198978306076e-12,1.7057347340148428,4526.385270806146,0.021018761791224437,0.0006713040660192827,0.08177177976596951,1.5117386506218515,1.5997013890737972,0.868,0.891,0.846,0.867,0.9321202348713481,0.9586222062755356,0.0
2026-06-10,86399,0.960288892232549,0.9778585400293985,0.9616777971967269,0.9788423477123578,0.0,1.2703632266123431e-12,2.276007902303035,3978.7106189372466,0.025706316045324598,0.00048611673746223915,0.06526695910832302,1.566345938688592,1.6639765712096253,0.601,0.628,0.578,0.578,0.9494309903017114,0.9676500885426914,0.0
2026-06-11,86399,0.9856132594127247,0.9763307445688029,0.9863077118948136,0.977198810171414,0.0,1.2437772508094901e-12,1.2522667389200552,107.64906405119287,0.013310339240037501,0.00021990995266148915,0.05152837417099735,1.6296288248744073,1.652938097469252,1.5,1.5,1.0,1.022,0.961539817370113,0.9737149735529347,0.0
2026-06-12,86399,0.9870600354170765,0.9777312237410155,0.9875230037384692,0.9798724522274563,0.0,1.1538179630940115e-12,1.1212262968253737,400.71949635255226,0.012592738341878957,0.00034722624104445654,0.06813736270095719,1.8050360505806196,1.828580716601112,1.174,1.203,1.583,1.605,0.958963887696626,0.9679625921596314,0.0
2026-06-13,86399,0.9818632160094446,0.9791779997453675,0.982337758538872,0.9804858852533015,0.0,1.1542982812632354e-12,1.0653138871276417,208.44875698260245,0.011794117987476706,0.0005787104017407609,0.13966596835611522,1.424979897604877,1.5214601960652734,0.755,0.755,0.755,0.755,0.8857367495167616,0.9309829974883969,0.0
2026-06-14,86399,0.9789928124168104,0.9843748191529994,0.9846294517297653,0.9886572761258811,0.0,1.135902859785343e-12,0.9930989554063232,100.36014405762349,0.008680656026111414,0.0006713040660192827,0.11064942881283348,1.9083873624585512,1.9258545979761013,1.508,1.545,1.0,1.042,0.8953255546603943,0.9431590643410225,0.0
2026-06-15,86399,0.9786571603838007,0.97901596083288,0.9886225535017766,0.9879975462678966,0.0,0.0,1.385361348419219,600.3491247636142,0.010544103519716663,0.0004166714892533478,0.08061435896248799,0.9702614854716578,0.9712038071202487,3.31,3.247,2.647,2.706,0.9380871760103191,0.958471741571083,0.0
2026-06-16,86399,0.9907753561962522,0.9831826757254135,0.9951388326253776,0.9910994340212271,0.0,0.0,0.9330534173072923,471.4843561683446,0.006713040660192827,0.0001388904964177826,0.05458396509218857,1.782213509178805,1.8026137899959034,5.819,6.5280000000000005,3.986,4.0,0.9613188553008744,0.97024271114249,0.0
2026-06-17,86399,0.9888193150383685,0.9786108635516615,0.9928471394344842,0.9876618942348869,0.0,0.0,0.9655352214152298,930.6213429924775,0.009687612125140337,0.00023148416069630436,0.0552205465341034,1.8772292096869294,1.8821757952197018,3.491,3.532,4.236,4.293,0.957358040885426,0.972441810669105,0.0
2026-06-18,86399,0.9890970960312041,0.9783330825588259,0.993240662507668,0.9880785657241403,0.0,1.991536090419831e-12,1.2983112437186297,3465.058236272877,0.010150580446532945,0.00026620678480075,0.0677669880438431,1.7522340984759546,1.7610284406077141,3.396,3.419,2.998,3.0,0.9470734434094148,0.9638884709313765,0.0
2026-06-19,86399,0.9832521209736224,0.9727311658699753,0.9887035729580204,0.9826155395317075,0.0,2.0336628544629674e-12,1.3508037282170613,502.15905001799155,0.01534739985416498,0.0005902846097755761,0.10510538316415699,1.76258041773196,1.7744654422859152,1.656,1.661,2.221,2.183,0.9158421757772977,0.9474878181460433,0.0
2026-06-20,86399,0.9829974883968564,0.9759719441197237,0.9885531082535678,0.9863655829349877,0.0,2.00426352367431e-12,1.3193192312754611,836.6254060223,0.011747821155337446,0.00024305836873111957,0.10688781120151854,1.758860258552858,1.7599436818025824,1.806,1.7830000000000001,1.41,1.419,0.89664961167627,0.9399761571314483,0.0
2026-06-21,86399,0.9881827335964537,0.9783099341427562,0.9924883389854049,0.9879396752277225,0.0,1.990925751440235e-12,1.3051990428548266,217.03933838008098,0.010046412574219609,0.0004166714892533478,0.10539473836502737,1.744743958824439,1.745810055866319,1.601,1.621,1.379,1.419,0.9133198162581049,0.9434484195418928,0.0
2026-06-22,86399,0.9821988680424542,0.9773839974999711,0.9877776363152351,0.9866202155117536,0.0,1.9463591460643046e-12,1.2755709471816676,121.18747458316278,0.013125151911480457,0.0005902846097755761,0.06591511475827266,1.6907599966188642,1.7054660185880284,3.476,3.451,2.454,2.466,0.9452441660988888,0.9665389645713492,0.0
2026-06-23,86399,0.9789233671686015,0.9622680818065024,0.9854975173323766,0.9746177617796502,0.0,2.028401582971873e-12,2.115148694953255,426.83758352652643,0.024722508362365305,0.0017361312052222827,0.07898239562957905,1.837897445322969,1.8554596901386533,4.365,4.398,4.887,4.83,0.9421295076024121,0.9595249945022511,0.0
2026-06-24,86399,0.975011284852834,0.9569207976944177,0.983090082061135,0.9712380930334842,0.0,2.0675973032939175e-12,2.329807557895718,1777.2489734975763,0.028426254933506173,0.0010879755552726305,0.08928344078056459,1.819505094614679,1.831166453030997,7.927,7.9750000000000005,8.225,8.25,0.9299942801788427,0.9544323429669325,0.0
2026-06-25,86399,0.983090082061135,0.9667473003159759,0.9889234829106819,0.9791664255373326,0.0,1.8939125854252806e-12,1.636461675348933,402.89796739786823,0.018773365432470282,0.0007754719383326196,0.07574161737983079,1.6290624745462696,1.6384041943132472,6.968,6.968,6.968,7.106,0.9456006730272484,0.9600574080718527,0.0
2026-06-26,86399,0.983587773006632,0.9692589034595308,0.9906480399078693,0.980775240454172,0.0,1.987445264133841e-12,1.6838801482240855,392.75838230211093,0.01609972337642797,0.0014120533802474565,0.06621604416717786,1.6913319238885252,1.7037226339555793,3.813,3.899,4.489,4.622,0.954232676644309,0.9675343464623433,0.0
2026-06-27,86399,0.9810645956550423,0.9759024988715147,0.988344772508941,0.986411879767127,0.0,2.00117651331836e-12,1.3129700434714842,281.77113283496385,0.010301045150985544,0.0012963112998993045,0.10700355328186668,0.8805529872772105,0.8805529872752084,1.328,1.343,1.713,1.738,0.9223207210746451,0.9454276091158462,0.0
2026-06-28,86397,0.981885945113835,0.9804507100941005,0.9892820352558538,0.9915159091172148,0.0,2.012067390321066e-12,0.8890880446794854,150.6089841533156,0.009074389157030915,0.0011342986446288643,0.10018866395823929,0.8864855281229471,0.886957293005535,1.433,1.46,1.213,1.254,0.9314006093303892,0.9469426021736865,0.0
2026-06-29,86399,0.9862035440225002,0.9753469368858436,0.9913772150140626,0.9844789870253128,0.0,2.005589445560837e-12,1.3674478278976723,463.27093034305807,0.014016365930161229,0.0007754719383326196,0.06458408083426892,0.9063307200809937,0.9275147242975135,4.048,4.136,4.0,4.0,0.9561778991603516,0.9662611835785136,0.0
2026-06-30,86399,0.9938077987013738,0.9859720598618039,0.9966319054618688,0.9922105579925694,0.0,1.9831117303495885e-12,0.8660648094883604,96.75583380762625,0.005914420305790576,0.00037037465711408697,0.043600041667148925,0.8787732325665367,0.879700901692624,3.6,3.697,3.655,3.758,0.9715182602285558,0.9760992604081066,0.0
2026-07-01,86399,0.9864350281831966,0.9650227433187885,0.9923725969050567,0.9807983888702415,0.0,2.0147417078838517e-12,1.4251104460582737,5698.945442288245,0.013761733353395294,0.0009375108508200326,0.07802173636268939,0.9640877319827337,0.9667907381460477,6.03,6.181,7.526,7.525,0.9288159770725853,0.955717080058797,0.0
2026-07-02,86399,0.9864350281831966,0.9736108056806213,0.9895600643525967,0.9813192282318083,0.0,1.141201519403665e-12,1.3521799631884461,411.5921369322481,0.0111806849616315,0.0006713040660192827,0.05357700899315964,1.922152811146738,1.9324555916625175,5.734,5.918,5.484,5.694,0.9623979030107829,0.9710181830808227,0.0
2026-07-03,86399,0.9811919119434253,0.9714117061540064,0.9888887602865774,0.9821409970022801,0.0,1.1213378480210686e-12,1.4649195716474281,259.23054559550343,0.013622842856977511,0.0014236275882822719,0.09739696061297005,0.985270210355414,0.9861446674229352,2.02,2.019,2.982,2.94,0.9203376786220671,0.9495943240083797,0.0
2026-07-04,86399,0.9892128381115523,0.9832984178057617,0.9958332851074665,0.9942591928147316,0.0,0.0,0.4884482000690491,317.2861184274692,0.004213011724672739,0.0007176008981585435,0.07906341508582275,0.9716756546677978,0.9717700791983777,1.386,1.412,1.346,1.33,0.9353447681137504,0.9594208266299379,0.0
2026-07-05,86399,0.9796178196506904,0.984907232722601,0.991296195557819,0.9921179643282908,0.0,0.0,0.9652043820292112,253.7291956448755,0.006886653780715055,0.0015625180847000544,0.10510538316415699,0.9662302526683322,0.966510414151031,1.29,1.325,1.508,1.613,0.9294722022556959,0.9417585851688098,0.0
2026-07-06,86399,0.9867591060081714,0.9776270558687021,0.990416555747173,0.9837961087512587,0.0,1.1358461157120195e-12,0.9954706087316354,586.1095985347265,0.008912140186807718,0.0008449171865415109,0.053750622113681874,0.9985520994560161,0.9996501224562307,3.748,3.829,2.982,2.982,0.9641911711669767,0.9714811514022152,0.0
2026-07-07,86399,0.9803238463408142,0.9757636083750969,0.981585435016609,0.9770830680910658,0.0,1.225311350494881e-12,1.129014297613584,586.8630598984982,0.012176066852625608,0.0005324135696015,0.0614590446648688,1.3714454507571483,1.395291428080728,2.828,2.873,2.533,2.637,0.9558180945533292,0.9679162953274922,0.0
2026-07-08,86399,0.9854743689163069,0.9819673838817579,0.9863887313510573,0.9829164689406127,0.0,1.2233612402697368e-12,0.9044119785426004,624.5399248382481,0.008935288602877348,0.00030092940890519564,0.046505167883887547,1.4751749135967542,1.4844189030142858,3.152,3.152,3.077,3.152,0.9671749657772429,0.9749186911885555,0.0
2026-07-09,86399,0.9871410548733203,0.9788770703364622,0.9904397041632427,0.9867475318001365,0.0,1.1547144896537592e-12,0.9723369774598765,95.22258015355611,0.006539427539670598,0.00033565203300964133,0.05928309355432355,0.9976555095527784,0.998851320981099,3.645,3.763,3.82,3.887,0.9636382522813397,0.9710066088727879,0.0
2026-07-10,86399,0.9816085834326786,0.9871294806652855,0.9829396173566823,0.9880901399321751,0.0,1.1613436956009504e-12,0.6562792804458587,91.09378403984222,0.005544045648676489,0.00023148416069630436,0.05800993067049387,0.8162515687339014,0.8223177024435915,2.173,2.216,2.146,2.212,0.9609962604867032,0.9691778840032871,0.0
2026-07-11,86399,0.9931596430514242,0.9866665123438929,0.994050857070105,0.9878239331473744,0.0,1.1546030805331496e-12,0.3546149245615722,249.5193746544319,0.0014583502123867173,0.00033565203300964133,0.07025544277132838,0.20329748520992305,0.303900563736421,0.744,0.752,0.764,0.77,0.9453184594590887,0.9598259239111564,0.0
2026-07-12,86399,0.9922452806166738,0.9905785946596604,0.9930901978032153,0.9914235118462019,0.0,1.1600046703666225e-12,0.254640829110308,495.6756729143358,0.0009953818909941088,0.00003472262410444565,0.06654012199215269,0.10252572114019781,0.10256042090787414,0.751,0.758,0.757,0.769,0.9494535540056301,0.9568166298221045,0.0
2026-07-13,86399,0.9884836630053588,0.9885299598374981,0.9896179353927708,0.9895947869767011,0.0,1.2228138485623665e-12,0.4907999018712685,843.4668194647822,0.003958379147906805,0.00017361312052222827,0.04252364031991111,0.7604108391139044,0.8460415829442346,1.826,1.879,1.469,1.55,0.9728942433078952,0.9779395594856422,0.0
2026-07-14,86399,0.9880438431000359,0.9906596141159041,0.9892012639035174,0.9915855507586894,0.0,1.1729301135574852e-12,0.4857896394619757,645.9370111427801,0.004432921677334228,0.00033565203300964133,0.04415560365282006,0.810643752469193,0.815070656437947,1.55,1.552,1.546,1.55,0.9683702494294956,0.9747219296519636,0.0
2026-07-15,86399,0.9876271716107825,0.9829974883968564,0.9887614439981944,0.9848493616824269,0.0,1.1738893248741092e-12,0.6165456816042565,135.92126078859408,0.004942186830866098,0.0002546325767659348,0.04451440410189933,0.9042726884532598,0.9205042317616727,1.663,1.665,1.669,1.672,0.9702571753851258,0.9775923332445977,0.0
2026-07-16,86399,0.9887614439981944,0.9875693005706084,0.9894211738561789,0.9885183856294633,0.0,1.3136912147170792e-12,0.6076535652861484,778.5803784348719,0.004826444750517946,0.00033565203300964133,0.041262051644116254,1.0057495348411958,1.0248410073052014,1.697,1.705,1.701,1.714,0.9751763805482605,0.9786108635516615,0.0
2026-07-17,86399,0.9899535874257804,0.9849766779708099,0.9908679498605308,0.9862382666466047,0.0,1.3584766776394905e-12,0.6745755543040124,585.2755351700334,0.006192201298626142,0.00033565203300964133,0.044352365189411914,0.8566306269930433,0.9166848093860187,1.827,1.832,1.844,1.855,0.971235827842178,0.9781131726061644,0.0
2026-07-18,86399,0.9973379321519925,0.9894443222722485,0.9975231194805495,0.9905438720355559,0.0,1.3478452457979377e-12,0.23645279196406443,126.6070380710216,0.002546325767659348,0.00026620678480075,0.059769210291785786,0.4723832918025393,0.47274618257414575,1.231,1.231,0.749,0.792,0.9619372968549694,0.9650690401509276,0.0
2026-07-19,86399,0.9912383245176449,0.9889582055347863,0.9923031516568479,0.9898378453454323,0.0,1.3378148579553426e-12,0.41209195537729204,598.3757278577993,0.0021643769025104457,0.0003819488651489022,0.051632542043310685,0.7047050809243277,0.7058159232065855,1.411,1.5090000000000001,1.616,1.731,0.9675034792859748,0.9637264320188891,0.0
2026-07-20,86399,0.991793886503316,0.9905785946596604,0.9929281588907279,0.9912846213497841,0.0,1.3029815913803625e-12,0.3512074648205514,97.83272544621255,0.0030555909211912174,0.0001388904964177826,0.03443326890357527,0.803125304757944,0.8060847886048402,1.738,1.74,1.743,1.745,0.9814916613580689,0.9834257340941446,0.0
2026-07-21,86399,0.9831826757254135,0.9712612414495538,0.9849766779708099,0.9735760830565169,0.0,1.2406892539900475e-12,0.8233800819811783,599.4431926632451,0.0072917510619335876,0.0009375108508200326,0.06597298579844674,0.6258083357664632,0.6605383387454773,1.689,1.686,1.684,1.686,0.9425134582973101,0.9635991157305062,0.0
2026-07-22,86399,0.9802544010926052,0.9766548223937777,0.981585435016609,0.9788886445444971,0.0,1.1879092750574122e-12,0.8718232192439315,576.056034261417,0.007905184087778794,0.0006944524820889131,0.06401694464056297,0.7255126524229534,0.7513591550434985,1.944,1.929,2.543,2.548,0.9413915070683414,0.9645134781652566,0.0
2026-07-23,86399,0.9925925068577183,0.9718978228914686,0.9933332561719465,0.9739117350895266,0.0,1.157553864779775e-12,0.9188162809198362,589.2049515125277,0.009259366427852174,0.0004398199053229783,0.055046933413581176,0.7154208974449255,0.7220626234603308,2.58,2.696,2.526,2.5300000000000002,0.965920761565781,0.9723723654208961,0.0
2026-07-24,86399,0.9858563177814558,0.9826618363638469,0.9870137385849374,0.9842937996967558,0.0,1.1998091663550181e-12,0.6227328509714336,604.3232312190864,0.005706084561163902,0.00024305836873111957,0.05511637866179007,0.6198539210920321,0.6431488568035407,3.0,3.221,2.5,2.553,0.9658907950350244,0.9733445988958206,0.0
2026-07-25,86399,0.9796756906908645,0.9486799615736293,0.9811108924871815,0.9602773180245142,0.0,1.230996526624503e-12,0.6538798326203236,426.9050192801013,0.004502366925543119,0.00011574208034815218,0.10045255153416127,0.43225018640749974,0.43413141157788987,1.339,1.3880000000000001,1.513,1.472,0.9094088081262645,0.9292468662831745,0.0
2026-07-26,86399,0.9815507123925046,0.9765506545214644,0.985219736339541,0.9807405178300674,0.0,1.2119421326213926e-12,0.47946162227559375,798.0350504514072,0.002824106760494913,0.0001388904964177826,0.07423697033530481,0.427213499947424,0.42858214312583504,1.586,1.589,1.591,1.593,0.9436671779133553,0.9553814280257873,0.0
2026-07-27,86399,0.9872799453697381,0.9801733816363616,0.9887961666222989,0.9824187779951157,0.0,1.2264044906253156e-12,0.6248210148140805,256.93905416966555,0.0051157999513883265,0.00011574208034815218,0.05561406960728712,0.630351420916588,0.636300970358401,2.792,2.83,2.749,2.787,0.9615619507409912,0.972314494380722,0.0
2026-07-28,86399,0.9771640875473095,0.9822914617067328,0.9796641164828297,0.9839465734557112,0.0,1.3685930837993156e-12,0.7985005115788334,750.9201694967685,0.007453789974421,0.0005671361937059457,0.05456081667611894,0.7243402467592911,0.7364493322852689,4.134,4.348,4.313,4.59,0.968050466895996,0.9748260975242768,0.0
2026-07-29,86399,0.9782752115186518,0.9631129989930439,0.9801155105961875,0.9661338672901306,0.0,1.4665957715563072e-12,1.4701046149437145,923.2665824763951,0.017152976307596154,0.0003819488651489022,0.07038275905971134,0.7612764067746677,0.8488809929474522,8.525,8.67,8.21,8.469,0.952452681914508,0.9671986944293337,0.0
2026-07-30,86399,0.9839465734557112,0.9471753145291033,0.9855553883725506,0.9521406497760391,0.0,1.5514181730038832e-12,1.417432233469051,909.5072057986546,0.01585666500769685,0.002754661512286022,0.07741987754487899,0.3634491322662435,0.41224363598849445,5.213,5.3740000000000006,5.329,5.394,0.9477735816921988,0.9620018750217016,0.0
2026-07-31,86399,0.9826734105718816,0.9612726999155082,0.9840160187039202,0.9641199550920728,0.0,1.3577903759402105e-12,1.3113337053469596,373.2398964068854,0.014189979050683458,0.0008680656026111413,0.07223463234528177,0.32966489563328866,0.3658157386121282,2.59,2.692,2.592,2.562,0.9526893772960158,0.9645366265813262,0.0
2026-08-01,86399,0.9929165846826931,0.9831248046852394,0.9932059398835634,0.9871642032893899,0.0,1.3912007406109516e-12,0.4891380775646258,7298.503883262309,0.0035764302827579024,0.0007638977302978044,0.06956099028923945,0.12241924920263329,0.12242674289760723,0.368,0.368,0.853,0.961,0.9595325775770673,0.9654509890160766,0.0
2026-08-02,86398,0.993310030324776,0.9897219843051922,0.9941202342646821,0.9906363573230862,0.0,1.3501278164660564e-12,0.35166566667008037,509.69859743360246,0.003194518391629436,0.00008102039399060164,0.06015185536702238,0.11921295606395661,0.11922290510442025,0.656,0.8,0.476,0.526,0.9714769734338222,0.9687145535776291,0.0
2026-08-03,86399,0.9859373372376995,0.9766548223937777,0.9871989259134943,0.9790969802891237,0.0,1.377967156759649e-12,0.7353317878837413,664.0061726833479,0.006574150163775044,0.00026620678480075,0.05053299228000324,0.12613919460112777,0.1267130013873921,1.26,1.2650000000000001,1.25,1.2570000000000001,0.9714293468194474,0.9754048079260177,0.0
2026-08-04,86399,0.9751501753492517,0.9740621997939791,0.9781826178543733,0.9766895450178822,0.0,1.3365361920429869e-12,0.9069551436146798,363.27286912424506,0.008773249690389935,0.00048611673746223915,0.06680632877695343,0.12138647633394138,0.22395413419438656,2.413,2.491,1.729,1.747,0.9551981590917179,0.9669093392284633,0.0
2026-08-05,86399,0.9792242965775066,0.9667935971481152,0.9816664544728527,0.9704857695112212,0.0,1.2861898774365794e-12,0.8717774669287991,916.368312925393,0.00800935196009213,0.0003819488651489022,0.06916746721605574,0.11403483764279619,0.1142837551355223,2.018,2.028,2.345,2.349,0.9562874323043229,0.9659949767937129,0.0
2026-08-06,86399,0.98997673584185,0.9736686767207954,0.9912036018935404,0.976446486649151,0.0,1.3046084025775716e-12,0.6549184894362441,651.7750665076616,0.005763955601337979,0.000636581441914837,0.05325293116818482,0.11671403311166505,0.11715843921649814,2.1,2.1270000000000002,2.419,2.436,0.9680438751189888,0.9742358129145013,0.0
2026-08-07,86399,0.9753122142617391,0.9760413893679325,0.977326126459797,0.9778353916133289,0.0,1.2995157711309044e-12,0.8417555706048003,537.4571239154873,0.008055648792231392,0.0008796398106459566,0.07652866352619822,0.11440142315359998,0.11445510784522127,2.072,2.058,2.06,2.058,0.9366441099841707,0.9575921017604371,0.0
2026-08-08,86399,0.9924767647773701,0.9893054317758307,0.9931827914674939,0.9917591638792116,0.0,1.2934759817005551e-12,0.2832632345871678,125.49406554272004,0.0015393696686304239,0.000023148416069630436,0.040266669753122146,0.11382585782001747,0.11383622382467976,1.635,1.691,1.064,1.09,0.975800185373945,0.9804974594613364,0.0
2026-08-09,86399,0.9906943367400086,0.9822335906665587,0.9917707380872464,0.9851155684672276,0.0,1.290363576453144e-12,0.39696266849611445,400.69259729681954,0.0027199388881815763,0.00021990995266148915,0.07600782416463153,0.11352219642735324,0.11352864043766318,1.16,1.179,1.123,1.064,0.9273101298527834,0.9537841873169829,0.0
