user,n,B,A_n,rate_per_s,n_days
0x4e60e3a4a32d63d245aa4e4ce304b4254b088f95,14612553,0.8646736635338657,0.8684845049501437,3.0990759678694504,50
0xf27ebb91ea420f73b59b205ac7e0b77a90ec8f3c,13981866,0.6111292386918474,0.6139610686697561,2.5400451597838867,68
0x388d9e1ccaec74527f73f8c87b5928ba28c06c03,13921845,0.4657555707632268,0.4677648722540061,2.1552324319669456,82
0x0aafd0eddbffd00ccea26e90436d50a4f8c22839,13413481,0.4428870355794224,0.4454768777882947,2.2306847214661527,76
0xd46ee4619bad797c572647408406eaf896110003,13335621,0.4578702887217355,0.45993988553649867,2.0697432377200458,76
0x99c641913b895b0180d6c8ece787a36dd8f99344,12910471,0.48259009048893453,0.48712671469829605,1.3504199847504494,93
0xecb63caa47c7c4e77f60f1ce858cf28dc2b82b00,12661908,0.6938106637316299,0.6988756655273514,1.6883824808403283,81
0xfc667adba8d4837586078f4fdcdc29804337ca06,10773592,0.8156360974217907,0.8198026103471404,1.488619454515351,98
0xc42ec9d9156d9196f9a3887380ccfaaa518e4c8d,10111141,0.6717776487288458,0.6750962832103706,1.5727060610857733,75
0x7b7f72a28fe109fa703eeed7984f2a8a68fedee2,9832327,0.5231516201776332,0.5250908639811231,4.135401483441683,32
0xbeccae9ffcb69e9d42a1d4e744abf8056149562d,9612116,0.7563512615466486,0.7599513155024108,1.4643845948131125,85
0x2eddf3aa5c4df34f9263a98b564bec3b4ec78179,9586447,0.6181678927240724,0.6218225441126308,1.220858484759875,88
0xf9109ada2f73c62e9889b45453065f0d99260a2d,9508624,0.46056153102593533,0.4633017518522958,1.237992418722533,89
0xd0f9337179d095d744be87b33d569e5c1aa8ce0b,8525046,0.45091763025697573,0.4542490505836576,1.0354198495138311,96
0xfc27136e42af1732ddc9ce2605ea9bff1b959d9d,8269596,0.7939893897123207,0.7975305031408726,1.2172128102789932,72
0x1c1c270b573d55b68b3d14722b5d5d401511bed0,7864045,0.42048788555165956,0.4225430015470846,3.97642790845346,28
0x25773676902085225ae5751075e4161369334897,7799508,0.4401443905768093,0.44302243755030196,0.9019129775918443,59
0x44a3e107c375c1abfa28c1ac5e92bc85f0b435dd,7052529,0.45508049759737224,0.45751410645019186,1.1656925938181926,66
0x399965e15d4e61ec3529cc98b7f7ebb93b733336,7017704,0.4457496728631289,0.4476754588317948,2.021536986407136,43
0x25ad068ba92b61ce2217c41270a9a69c247679af,6967414,0.45157388606144333,0.4564873117757351,1.696070950900659,47
0x98da633cc3814857680eb313de6770b7a801f13b,6810734,0.47356877898533517,0.47971320878582324,2.3864816695235116,41
0x35f13dc71426d4a429cf8bad69c4b39abbbf9896,6141699,0.45073569689026693,0.45318409410180727,0.6907338902791436,94
0x33ad48ed92e3e91a98278f0f7456eae6eafa516e,5474547,0.4100897305447869,0.4114921654842356,1.7379732134417094,42
0x0bfd7d7721f4c116e853c18ea7998e1cc2350a7d,5327293,0.5402701822696787,0.54469996167167,2.878061728156139,26
0xd2c555b02faa9814a6cc9f458dd41f7bc6d0d381,5052826,0.3848437971035914,0.386852897571728,2.247608542799336,28
0x5fa3968b8f255076d1e23ae755fd93222e509627,4734654,0.4785033612430212,0.4807325063774943,1.0183851682829768,60
0x847bd1ef4fede0fe191129894d63044843f4d473,4313628,0.551274767086483,0.5582340246148445,1.3993404814668666,58
0x2025137a136bea7446deba681cbfc7cf1970840e,4103394,0.5306349930485342,0.5331444909675819,1.243902080416337,49
0xe056eebc2c7acfc782d47ebe18ad71735480f72a,4041921,0.4437800837802507,0.4484901441165131,0.5695628899526645,78
0x9b89b84179fb680d97c7b2ea80ad2e88e0811869,4020230,0.8020770247692938,0.8332165551530627,0.46669615817972354,77
0x5a209e55c592687bb3f105f2f645c09238612d1b,3802837,0.5656806220962435,0.5697884355154912,0.6675631012255616,65
0xf30120f0487a9093dbd47a69527ac9a9edbb7895,3717676,0.7873826048057087,0.7895490855201449,2.603972389957601,17
0x63f6411ca61733af716c9a50a56a84ea38a0af59,3708771,0.7863438174859317,0.7885143255881578,2.6061136052199045,17
0x46921f6961bdb411b756c9712f6bdb58fbd9164f,3706737,0.6443309747927848,0.6496535330612427,0.8811019436353875,42
0xd0956a1eba0a9060baf5f73ee26b9601dc47ec43,3699522,0.7893378618776323,0.7915178088849792,2.5777685448017618,17
0xea0e878d5da1f786c035355cd7a8d381a6276766,3694782,0.785065545298153,0.787230458268059,2.6248760258275743,17
0x4230d84bc168643535bddcc4b4d3aeec3989c19d,3593198,0.4300054723077324,0.4320179623741613,1.9871629392395755,25
0xa38f19c4ccbcfd64cff676d72c436f7e6239dccf,3577173,0.6171847125992158,0.6234001864606891,0.39432355674584363,82
0xc1914d36f97dc5557e4df26cbdab98e9c988ef37,3536328,0.5845720062609903,0.5925179163679478,0.4038439755290419,93
0x09f15dacf13c0fcb64594452506b52393fb13c39,3486093,0.9159767515082193,0.9191424941483985,3.3187013388242956,26
0xaca2d79168f9e9072c089e5f7d6eb0daefc13915,3398009,0.5755667272460145,0.5818418066328515,1.4306486478873324,32
0xce975678a14f17a15c946b95704744cd7c677e78,3314961,0.7149766778220775,0.7182062212016803,1.5675976130921587,48
0x303729b53e97d3f43a1bd13e7f4c6bf77ae41e83,3272330,0.5596636868072732,0.5801320171405133,0.36577550072203135,95
0xa33a2a0179eb17700f12877f3c331b295037ee7b,3190443,0.6424429382941295,0.6459385951593302,1.8725259402122243,35
0x48ee1b9177d277fdad4d0302d6ab8dca69c795ee,3125333,0.6937073962071522,0.7026061219258162,0.25641961594230994,50
0xda3768e9299e1fd81708ec030dac5ea37125f7b5,3097292,0.4984750778787319,0.5013007212972378,0.6449906167724286,64
0x0b1ace05eb9ef1c3a1951b763700ecad24f27741,3031736,0.567144399315115,0.5711244032938575,1.125695023429314,33
0x76987ceada087975a0cedef7753f25bf86234480,2985302,0.6419610234924187,0.6609094903926959,0.20768154303647157,81
0x7eec11611ed1c91abeb5029b8c95cebe2f083816,2727185,0.5786685823552917,0.5862233175876899,0.5606638181674672,62
0x354bcb431a332079950d2ce3a4698745e0f66425,2687539,0.5708093689947533,0.5752628754430301,0.40388054304121135,80
0x01633008559b785867064655f2b4fa96713e1e17,2655978,0.4527403203732108,0.45588457675801025,0.857264726391901,35
0xd071d6d6ea52f5aa34b79e47f908ee48c8215837,2637795,0.3895217724739522,0.3906940313769962,3.154242633999112,13
0xe90bf24e807df04f1513d50002d78bfc22ee84d9,2202692,0.4273456064358007,0.42983361074316395,2.126122642327649,16
0x630a4e7fa5b5cb48125c16808572bd2ae34d2321,2198409,0.5866716917959786,0.6006365741060031,0.7766658042345347,28
0xc06dd151c27dbe535ae95797e8aab1bb8b8cc7c0,2167620,0.453564612494069,0.4602342702827106,0.3634482052424021,76
0x57dd78cd36e76e2011e8f6dc25cabbaba994494b,2040552,0.6339379139099476,0.6370035590307357,0.862687095081477,33
0x07d431758c8bbbc111996d0af6f09c48416d2160,2014829,0.5639831166546008,0.5752601684392002,0.4544425069536835,84
0xc8264ebc379e26946e7d31ae4746c27182849755,1986757,0.4322550227933935,0.4396633364651815,1.0820034354439672,19
0x34827044cbd4b808fc1b189fce9f50e6dafae7c9,1947395,0.8118216766925315,0.8287978441632127,0.15263274828343734,81
0xf36c562be0598b8ce109998b6aa2d53ffcd8316b,1836161,0.6602243379359676,0.6683453864484544,0.18922295547506246,98
0xa96e8f0b9e6592b77d567c712beac79f956a2d7d,1809168,0.5043720365230435,0.5562681632004196,0.5971094508949999,36
0x4fc827306f1458aa22dd9bba99b5535f1b551e65,1806462,0.5494150194984142,0.5561317506606056,0.34800400858609337,44
0xb0a9214592fb899aefab0b615f2b870276cee092,1740092,0.4441278225493781,0.4543774726195322,0.18366610466483652,90
0x156af5e38df5a367fe380fc0d41680371eeaf303,1714778,0.5002647153095356,0.5045225198346299,0.28582345729423647,76
0x8b8ed3d4775e6a76a82f022ab62281a2974df1ca,1692827,0.5540011318942986,0.5648336051276585,0.13376291421216568,71
0xd8ad0fd8b59b759d9ba4f1293b1f8d8d113b7598,1635267,0.4132275047315457,0.4258087019753261,0.1641644260061726,98
0x64ab81622de692bcdabcfdd16f982cb0a2a732f3,1624523,0.35585319728526865,0.3577458960286436,0.9021427309234284,26
0x2b2054e2608c2c3283f368388aa107e66bdc4612,1502967,0.2735984102606049,0.27593001080223256,3.5625756856427073,55
0xfc8c156428a8e48cb8d0356db16e59bec4c0ecea,1500525,0.6321650109175075,0.6386545830542047,0.357961128239857,55
0x6f63b2b24858391a8cc023f37c381ddceb902bf7,1418069,0.7453679390288618,0.7732446230841828,0.4526638531927217,33
0x46e8b6782a42baa35d3390883fc4dc2da56c6d41,1342901,0.49679969355582415,0.49975897772405387,0.8546582011489076,25
0x330e4c08a52ced70a718be6ed8841f1f53863ac1,1320203,0.4575433178169168,0.46580882663298584,1.584667621197523,13
0x7717a7a245d9f950e586822b8c9b46863ed7bd7e,1301161,0.6003133044305429,0.6103386468661613,0.9281260365415911,21
0xf9a28ab8bd579e6a75cc5dd138954e3db8967c5a,1290544,0.7580343169413994,0.7721047855939289,0.2215756866276753,70
0x89f76594c34cfc4a75ce92db7caaad980e210a0a,1273864,0.6264220588166364,0.6444548353466812,0.0985752572813961,88
0x596dd434720415354727498476ddeee5ac89b3e7,1239388,0.7763948737935137,0.7813583945193511,0.9703655778836989,18
0x7fd284b3b84e67530e8d89e86288bff9fa0b20c7,1237604,0.7504959705905325,0.8476459423914784,0.29112444162534057,54
0x645b2eeaa0a46df3c4211bebda1b2c7703e287b8,1235491,0.8363877530422914,0.8612044456562881,0.19304702519940528,64
0xb24e468b4d79732f51b551b3177b973dde8ca82c,1188738,0.843742728960114,0.8537096639306694,1.129965280237969,16
0xf71a6ab898ad4c1c97fbdb22e955584d68cec699,1161318,0.793723168825379,0.8354497990136595,0.18548376963814225,27
0x7225a33aff56591393b77d411bce2b4664d4c723,1125693,0.6528265241296272,0.6600920503708101,0.38272084634240205,26
0x10761b48b1892a0fec8d808464d0c75216f6166d,1100775,0.6015868694830468,0.6532197641770815,0.43354696352883837,27
0xfb8cffce52cd694ee1ae8749f174b9840bb80cbd,1041968,0.6843619890460009,0.7106694400791979,0.21531423926931573,73
0x7f4435c031a7106f969a43f1724bfa8d10628726,993117,0.5548926058668953,0.5599997501435852,0.821360638249117,16
0x9887ac3b69538d77caa7f88c0688b740fb05a11f,938511,0.6906144713845654,0.7139524351148603,0.20866115300075805,70
0x7fdafde5cfb5465924316eced2d3715494c517d1,898162,0.8785854103677041,0.8896650534134924,0.4596150579060421,27
0xd842ac3fe223fc514c6ca3f928a3c980d1b5100e,859433,0.6294469449488541,0.6406225760201789,0.18889146372980853,50
0xa95db61bd736644051f14c644c92b93a63ce8242,842991,0.3672516632015591,0.3688755033871467,0.8407473014429636,12
0xd7d8d163c5c5be51b00f74983f842cab6dab9a9d,803491,0.46785926056599514,0.48072533620926927,0.17109076244464425,67
0xf3ea98c72ff0b195db5512abe4c6e4e6fe8534b4,796818,0.5250293882141953,0.5296057060046506,0.3363457720625498,23
0x202486b34776b26b474aedb348658aaab5d2dff4,771039,0.7792342555549797,0.8640297082898203,0.5609666354641856,20
0x9c70d39a75f55ef8ae41af10292a1c915e3c4323,761319,0.22796767184812916,0.23103890710423755,0.11925765704710506,80
0x476e75242409c8db8afd6c5cf3e10b501bc5aad3,749874,0.6254287538102912,0.6503875328212639,0.206952912588324,68
0x5d205e841672012f9d9f32d0c59e56e8ea8082e5,727081,0.5986815024441071,0.6050122310318431,0.715829889442201,19
0xe5ddb76c071ab59b96e97a839a941d02fa99ecba,715526,0.5752666174475589,0.5819982988142304,0.2562709661095388,31
0xc926ddba8b7617dbc65712f20cf8e1b58b8598d3,690522,0.5805894108994474,0.5844932439033278,0.5619676048195318,16
0x994ca87d1da1824a2d2f1a8e4b6ddb70ae48e7f5,665918,0.37842681325101457,0.39094041506317423,0.12992576360524233,66
0xe31501c472d557bfa145ce105d325fb2dd4cb867,652067,0.8374289921455061,0.8619777297470893,0.11178811988415668,71
0xf8cb65125d9f17b6b12b6d5bf992eefb45180c0b,651881,0.24859791473776172,0.2521544366481988,0.6747442415492538,13
0x5661e424b3b482231b8fc2a59c96dbe157fd70fc,628189,0.6761950792594182,0.6939318113445458,0.17398655752836567,68
0x77001f3760e212769cb102dd82477e1b07f84216,615503,0.7835086495522359,0.8338797972192933,0.08025066033968313,57
0x5c89da21263aefbd8b388bc4cf0611182f477c28,593419,0.4739475614063485,0.500701970423732,0.1592596889168832,39
0x52ea814df88c423bd5325e84f4b6f8bf429a61d5,561650,0.5040250866372067,0.5097426175900722,0.1030673915260693,53
0xe0afe5de6831901db80d7ca9d17475f78b1a870c,558850,0.9406448799444566,0.9590474630417072,0.1397153643766713,64
0x6b3008d6e60617f44b1135ffc669fc87caec75b2,555267,0.39773414379885563,0.4585943089972071,0.0025623412536595665,25
0xf8b5bde5f6aa989c01754931e077e1e5a915e2bb,523612,0.7457091875966853,0.8007186015807604,0.10060309453651316,50
0x0cefeb5cb11a8ab051bb8489f1bdc25e7fcb8dab,522006,0.44313853663235414,0.4739646243318346,0.15700423234281669,38
0x2f9b46001cdaa10f7dcf7c9e9b68bcda24679df9,519459,0.4707496883496993,0.4779157594078146,0.5005976789448822,14
0xa96371088cca02a8567005bf820597bcfb0d90e7,478900,0.9006681510041119,0.9303443689120057,1.741373887081212,19
0x707c049276cbed4436dc9b63295e94132d37081d,477446,0.49807844531346035,0.5092997583935357,0.1283548844854714,36
0x3eb6bed67d046fbffb8ada21167e592f3fef5470,444797,0.7272021100037728,0.766883999934126,0.08018892003680991,74
0xd180f9dbdbd1d36156ea4cc6efa151cd6e14df59,424447,0.36841496009485264,0.3776288394087797,0.05805228230700966,72
0xa242b590f63941749be337eed817af40b61fdd7c,399842,0.4872913574052349,0.49079955764095284,0.42638224351632226,15
0x8f679eb8059c5f498deea67f3b383ded582045b4,362863,0.19297737568847112,0.19625905340477073,0.0954534560045491,42
0xf4683f9c264f357c03d33159ec6d91f6f2768a1a,362401,0.304424164519549,0.30863328255381905,0.24937011205809584,24
0x33cca19afbbd4589929e5605251fc9ddbfb4c087,361422,0.4848524060357007,0.4897550199900946,0.3888381844845093,12
0x26f68941b957f1edf0b2702296dc8d7a5af70686,356041,0.6672513530148044,0.6752366537661086,0.1339621610846526,26
0xd33c704c68518e527bdcb36f7966c80edcffbdf2,328110,0.4163540586066724,0.42842615881606205,0.049845630418186154,56
0x17c3c8fdbcb7d1b240ce08965e09b1fc91cba868,308673,0.8103566968784053,0.8396096353087639,0.1713811953505523,30
0x9c80801cdbd3280dfca2dc787aadfba8d2d6cb8f,289938,0.7829467972684215,0.8353848703688107,0.03176034662194617,28
0x5e75b7c318ace8af56f8903dfa323b288be7dfae,289309,0.8789538219452822,0.9162936493899014,0.03684115066637023,81
0x856c35038594767646266bc7fd68dc26480e910d,288719,0.8711210947580957,0.8934017036379418,0.09092910653214231,25
0x60373c5dc22d7d81bd4060cccb793db31d9b1f23,272239,0.33938696646954125,0.3492912140172726,0.045144700229102434,74
0xaea14980ffb4e1642576be82e80a22c0f789af38,255378,0.5962952797893362,0.6055428395058595,0.20911720970329692,23
0x1fd011219f4453774929ddeddad3361cb889d9a1,249266,0.3357065827608461,0.34787415223674734,0.044057876166410916,68
0xf28e1b06e00e8774c612e31ab3ac35d5a720085f,248528,0.8596520634277317,0.8984251935633137,0.04751378556264071,55
0x09748ec2bb6a4df6bd217abf8d5d761f6b6172a8,239082,0.6207008166624671,0.6622939471995581,0.05023271449792329,52
0xc897e2a9cf140a9035e2aebaa834ae98196c152a,229255,0.4869832613030419,0.4939977984915483,0.14514607868595705,22
0x034d4f0b00827e4ac77d910071377f707ddd23d3,223098,0.7441885741779681,0.8087885120928149,0.014533851135337257,86
0xaaf4aa93e98c43355c1fe96fa760aa5c239a4b15,222096,0.7285649335459823,0.8089620271722533,0.007129442505030628,61
0x3137dab4798758869ec683b221a0a8067ae30fae,221402,0.3531460193712601,0.3566935464702871,0.1466317807576782,20
0x5c92c6e4b3bacd41390944cd70a59e3f88562d97,217687,0.849144372763105,0.9270506155400696,0.01858433313944097,60
0x08b6ba90a7613ddc7e86e02f41d0e08c80ad41e0,217321,0.911827703125418,0.9275711368028252,0.24688812726012468,10
0x94dac1facdc4afd2614c3119447187b4143bc449,212450,0.84208414909639,0.8563722165517995,0.16527715980323046,18
0xf21cd17b9db49fdb21bfdf714558cf8bde3221bd,211272,0.7215391392001012,0.7778802858080109,0.015562447712827946,60
0x3674dfce1c83ef21ee451d1c17d724796785ede7,206997,0.25619722498536734,0.2594345253307372,0.0657380020422072,40
0x75f15ad634f336f63754254c0ea13d953cf6fc4e,194397,0.8950062771383436,0.9231608728213485,0.05028937429493893,38
0x6e6f2ca77afaee5a22dc3cf0f903f39a548a82a6,189346,0.8310359771133031,0.855990510162504,0.044579417007330084,50
0x9a3664a58b6a6579319c44bdd06a381ec8b47b6a,182298,0.7085654890057506,0.7635075862684768,0.012845901124348205,66
0xbed1f9b853becedcc054299a0d962096c19a0790,179542,0.7911778318378238,0.8047095614298319,0.04258341517097257,25
0xa70ac79d24b8ea7dc8899d6c2df26488130b4be9,174782,0.8173344528646348,0.8472343367774624,0.037220625001993725,51
0x2d2346c225d586be7304c8804a94e9ce5ce752c3,173585,0.7719640935852141,0.799096273990284,0.03955212399506512,56
0x680f3431758ec9c95bae1ab71ad5a3588fd2e71c,172940,0.7138331092023822,0.7276325138523376,0.09198289081597472,20
0x5a76851beb5cdb8c96b1e819502cf1688c2b4ddf,170384,0.4052487222204828,0.4200172647543795,0.019431578313400734,98
0x984e16e759ac515784f90dd88443260e482c63c1,168095,0.7054005465976023,0.7798333636359451,0.006530333309404555,66
0x0a97692d91fa9195a52da81cca2051c032c5347d,167507,0.8353110217527477,0.8690201714629148,0.04236121216826498,49
0x806ea832ae8703cf703a8792268c8141d182158c,166473,0.5040601205530755,0.5347890184213072,0.018876106089284698,94
0x6ecbb68c07bd4be7adb7f0365e9263e382aeca2d,160224,0.7083970851587746,0.7684242005717481,0.009358352922980163,67
0xcfea17596c15e0f4fe3ba9cab1fcbe804bbbdbbf,158042,0.6705918179451555,0.7463384103469914,0.003920778216731028,63
0x7f6cde7e5c25825e2d630fef1d13bcd13e4869f1,155570,0.8554290743717186,0.9027737386905506,0.16288953765505887,49
0xbfa317b7468a97e4e6a7a3c138b86ca0b7395477,155437,0.7087539607984181,0.7789282352070797,0.007578875103395706,66
0xdeb4e421c6c2ef444878739d1620fd715ca5fd44,154374,0.7714420611903913,0.8449828941412509,0.011241776134653908,27
0xf33981c8ba5f42082f001cbc31a2a16fd0d60fbd,151943,0.6869782206169727,0.703629017613803,0.06530184852296622,31
0xcc5b1fef95f632c4a25f95ad88bfe12f928d04cb,145961,0.07479822948165538,0.07586580165628136,0.054509886067040145,32
0xa3cb11aab38f6054d6a4e82479f94ba362478d20,144157,0.8413714188963761,0.9153445799509606,0.9081586876325585,10
0x483e1d004247248d516865b9b9e893d48359ce10,144155,0.7147302703471345,0.78293667791722,0.008472839512530554,64
0x417e99d72cfef3a31d9a525c41236912752f2c1e,143621,0.6437192962203528,0.7144305396268125,0.004853766508610387,78
0xe3150c2b6e20f1a3510a6c8e394d11460389c2cf,139701,0.8579457941372121,0.9415282111355945,0.020211323627531468,70
0xc5ed4501500fcbfb2b88fb7f0aa52f834ed44346,137324,0.4190882820141689,0.43165923836304043,0.0198562227625323,58
0x80027b436d46ceee244e77135611e6ae705dbb34,136686,0.8508399209299509,0.8740496432503461,0.05137925470126247,35
0xf1e79e5cf063073deec9a0d86c178f7cde84d479,135891,0.7950703985120523,0.8344417804054679,0.03510381232728966,25
0x83bec364a5206feaa378718a46e1c947de5f057f,135233,0.8343872395984174,0.8834275067691921,0.04760183423178918,59
0xa811c97b3006406f302dc0c2c2d50a22869ec80b,135100,0.6965168639765595,0.7658214407606192,0.008375676955143699,66
0xbda495ebf6fc94d61f9a7f22b9877273378ed82b,134683,0.6539244625188685,0.7352673828657083,0.005934832027120414,73
0x669d24a6cbe89d6aca157d6a8d578475e81b8817,130719,0.7330705092000998,0.7991970453509005,0.010840054929413881,72
0xe2990ce029db870c805e90a1a8a1d8a1c52255d6,125321,0.8682631378422063,0.9274613906785357,0.026681814905064858,49
0x06b786a0d3dbc3e9f71e42a365800361f8006980,125203,0.4156722297362386,0.4302018793814405,0.01921350554049156,72
0x123dbca6a27005a3c4ce10cb66ee8ece8fc13bff,123798,0.3531947532354257,0.37075207253883036,0.4848371324599454,10
0x24a9e3e4c567d0aa90f1374eb334e04976bdcacd,122703,0.33352569803193816,0.34952020942087725,0.01564056492107592,82
0x63ff1846f76ff2fd202d4ef3e7cf7e956071bcac,118720,0.8993707791860656,0.9150738173073477,0.31412450979731377,13
0x1f65221514b3d735a5b11a007cdf0c670dfded6b,118095,0.7915749763528134,0.8298735318783157,0.03430281004838551,31
0xd4a7ae4d2cba3f780150cda7dfbab2a62a6bb939,117413,0.5423453110195571,0.5545601283519708,0.039478561550644706,32
0xa65699549996aad69084920bd9bd8ef8c911d62d,116580,0.7340801284484189,0.7963750167790994,0.006470267470747529,55
0x6944592202ee61777ed79c803969951dd67b7bf9,112896,0.5579558068475732,0.5712812358805401,0.03562061812999997,31
0xa3b5671871105a2aa47be6a5a76c68de70ed0600,110292,0.8414718953886379,0.8642509731414576,0.0713789542351456,21
0xf4d1786a740d5debdfef3b617f14c8a3cb87cb23,110156,0.7440053730441447,0.8248760298252958,0.025202565276273535,18
0xbd7b48a5f74fec74643899795b6964a8fac7e69a,110018,0.8031553437526824,0.9169483879508533,0.017503718097075016,70
0xb635691cf71ca849a4e5c912eb1478b4749b1708,107235,0.7375759718872903,0.7700356351988136,0.02243776243722003,18
0x6aeff08cbb7e0ad883259f7ee3f0ec4c08a090d4,105488,0.842213068673289,0.9190675687699644,0.1690823669638243,11
0x97f5eab68d91a9a8b037493323fa5d5df95a13b8,104791,0.6066328107948766,0.621205728017296,0.07543668687740365,22
0x56edf34cbfc2f46580654ca81ce6fdf8f06aed38,103302,0.3474920384349407,0.36150440103359016,0.013145684823434669,82
0x8c14e3341eb81a21358ae62fff9598e7d8505185,101620,0.267201923450888,0.2866640416301872,0.017336619906936152,64
0xc9b21c274a570445c82179f5e8f6bdb1c9b0481e,101280,0.8202561771084385,0.9239090686238157,0.01787798492556237,70
0x3c40dd9f547aec5b71566c61ab74783d97e01af1,96640,0.8845197859405507,0.9390816493047978,0.025403793377046232,57
0x088cfcdb313a2cd0d1de497eda65125f05c212da,96423,0.356223397048329,0.3981471228873786,0.18137339091206253,13
0xd9d870eea60fe5ee868b4f7c8227b422c8520f2f,96245,0.38609295264670407,0.4194898616889303,0.014509837769550232,60
0xa81c5104c30beadbdc51e8321dc8516060d2addf,96178,0.7400999010860978,0.8010016848728796,0.019423282387786192,58
0x649b2718840b5e43f962691c2a2c070b44c0e65c,94955,0.6788120628361749,0.7723275543210947,0.006771082636652643,54
0xae913ca2740030dded1d6833eb354100a6820bfb,93186,0.5237345878353435,0.5442648338696969,0.022720079714534457,46
0xdb4171a29650d9c8cd1b8f33c15644a2a97587dd,92959,0.734634964375181,0.809717680709126,0.00683241144821743,82
0x9ea9f8d0697672dd2a504c3ae4f85eee67c5b4e4,91410,0.2460100782508423,0.25043745148793484,0.1380933117789277,20
0x2cff35b62aa18287a4b866e8c0a5ab6f8781e8a3,90892,0.8225024231046683,0.8730334419577143,0.021233150534907874,46
0xa2aba48c45719262eee06ecf328ca4dce7e750d9,89969,0.5868006252830121,0.6130466715366296,0.018173298075029414,32
0x3d90266d4be0e79b41b68610f383f33729e9ccb0,89623,0.8371256929113412,0.8964829949688189,0.01288602822280126,67
0xa52ac093d552f673e41a73e4b87256dec9e407ea,89372,0.5949511652630824,0.6318694417702568,0.018981740239178944,29
0x872fabfd6a78a76bf0219086c011b1e5d4c95312,88671,0.32555961034463665,0.3420181612561598,0.01462180648002439,68
0xcde682fc64f38967b71cfd00803d4ba3d60e49d1,87824,0.45557184974278725,0.46241367810500944,0.11336090449589442,11
0xcc775e17055e1ac99b8d85d41586c9efc912cce4,86710,0.33169654730706244,0.34479202087138927,0.013915544428226954,74
0x121c93d3accf50bab046fe499fcefc07fbe6386a,86489,0.32522318702703823,0.34606092759674256,0.01022816322411799,94
0x1e8ea5bc8b3e3eddd35c203807a8f9cf158d266d,84896,0.686739616932972,0.7813327441587403,0.004779665243113315,53
0x27abb587437e568d67dc965d654be54819898878,83196,0.9132334653379511,0.9483970264635591,0.04964840726335763,24
0x211b221752f592aa807355786b59202f5d630e40,81776,0.9115266950318127,0.9413980821456901,0.045426058486745434,27
0xb30bda7a381f676e7ccbc22c22c9e594a10d2ead,79398,0.3138453693349894,0.32669285087566485,0.013799079822498074,63
0x90ace6f5de13a41c614ce2ec64d609c7639fdd10,79286,0.6150750656277246,0.6512501657017513,0.010798988654667609,32
0x29823106527c93f4cca0e2da2d0a91332ae317ba,78551,0.4968663003831327,0.5270938651157946,0.01647506181927216,57
0x949b24b7a2afc81b9c01e7d61da85ba06444eb05,77638,0.5901994516799067,0.6170614963302546,0.00800622940804176,30
0x723fe6e68bced0a7029d336ba84d5e08080fd5d9,77161,0.33106758364267125,0.34824588057454453,0.011089975499686124,74
0x2ca478d068ab83150596400a324dd08098d132ac,76153,0.31673427946787736,0.3276231150032185,0.013984400224988692,63
0x86c4e46e1e6177996ede8ad50149af10b17fe99d,75091,0.552868250268038,0.5678408659483257,0.020983639723728756,28
0x2bfab9feba64c091da9ed2e3d82620257d546eb2,74876,0.4861329025163928,0.5202864168965333,0.010276782367327729,81
0x25e7de497c501f102e88f1798c003042f14eb9bb,73961,0.23920476200803603,0.24620595374844895,0.019142483897848013,46
0x91344baffce7b403d57a6d7260f500a4d501f73b,73932,0.3000419497193114,0.32759731696040817,0.011540395969618497,72
0xf3f602af378305e77053b41805efed36a5512458,73379,0.6145451612918296,0.6674486262163352,0.11969470469806182,23
0xb65cedab8ef0c61fe3897051d8974abffedf031e,71275,0.4928104932668849,0.5265488388269453,0.010282972953729819,73
0xb2c3ff17659ed46003b74a873ed9ac400126aa4f,71255,0.9485891098195502,0.9820886113457059,0.11204916569159429,13
0x6fa109ac9a34c760d2fa8635bfe9ccbf9743b286,67765,0.7633873992049875,0.824722147777326,0.010176501684493279,65
0x249161f12ffea65f52f3b3c56592c92676357448,67528,0.5761249477061254,0.6033430857030186,0.03431956109444008,18
0x9b883651182137f33efda174f831d9918182afe0,66838,0.7189492387804586,0.7952101009032093,0.0058081927063380655,38
0x50e8db5da4198e49197743f8006b318cb6a08b49,66250,0.7325161065587544,0.820573400275889,0.012354082862673178,42
0x6392801cc088ca7ecf7436351fd6334d0f7ecffc,64689,0.33742800390480127,0.3694312189816821,0.02559073210620744,33
0x49342dc3bd40dd04c44c092d4a73687a1602cc4f,63830,0.6590097566360583,0.6731462471063614,0.06651886091898332,17
0xa0273bcc0a3f0acd195a302f72c86afbd632aaa3,63361,0.3383098908298977,0.3514133800542554,0.013029945083964004,50
0xb10b836f1f356011da24cc664e3ee83aab35dbdd,61496,0.3358791421556355,0.35424192360672446,0.014806750115929534,47
0xbcd420d13362532756c968f663f96ba95e240dd2,60227,0.8304007830294492,0.8566423456489516,0.1603702716833743,14
0xec7c3257d80aa80d06d996517020744e40a70b05,59063,0.7322087481566976,0.8036846172841163,0.00662958557465341,54
0x58e4ae56be8da7e60de849e0e76f58324f443dfa,58408,0.3207986459512596,0.33272601204261865,0.014517461120386007,47
0x5c265304d7ed55f34025ea841fa2b1e02d2b8727,57422,0.55328621900114,0.5797597662976042,0.01218757116244552,32
0xb0d5ef823c1c215d28db12b8264c2a4ffea141ef,56954,0.825318494213113,0.8793623773390242,0.009156571340124658,40
0x76537e159ef79ff8dc8ae21ee0763a120262d004,56065,0.297060607475622,0.32051420682216725,0.012676246169410382,47
0xbf05192ab8cd05ce1baf15060dc579fd188fb9ce,55576,0.3580355254223045,0.3743154823696294,0.010788821146640561,56
0xa312114b5795dff9b8db50474dd57701aa78ad1e,55438,0.8160246938915058,0.907891202480617,0.05224241735544438,31
0xbb3d566db8cedfc90c37fa20bd32e44e5d42a779,54788,0.4474449450500549,0.4720469951795073,0.013885394729160356,18
0x4a1b3580f7ac72bc54175f05b76092eeb7a266aa,54628,0.3046497090180744,0.3160150461100997,0.061755212289317574,12
0x12b7485201d198e54d814e0d409d3be3f2116fe4,54357,0.31876297938956605,0.33205211099046883,0.01403135988101993,45
0x91f112e9eac73fc22f44166090c1b2cf695101fe,54033,0.17832302848830228,0.18788571295926998,0.0825990335092853,18
0x4e1a1ee0aea336607f18107af0aae5387c41ee44,53131,0.6992924028083711,0.8218384502022784,0.006761495339992002,73
0x2d8f1ef6c05fdee6a7be8f9daf1b33a108e230fe,52656,0.3063936162676514,0.31839619702146604,0.011605881505337316,46
0x49e96e255ba418d08e66c35b588e2f2f3766e1d0,52613,0.629307327449537,0.6864243707015605,0.007876964958129425,41
0x058bcf02ecb84f10270262339689f8fdfc52a24c,52391,0.5686136640988226,0.5803071370845604,0.07090996487787332,13
0xcb02837caaee310c178501855b63bf7f4f4b1f8b,52271,0.3888894120514765,0.42304255553913245,0.006882556182833451,79
0x90cc9850f850bb51a2cc6054a8a57246c02b40ed,51125,0.8675660019842598,0.9346788495561329,0.024037748362061025,33
0xb81103c054e34f4da5ae2b5d26cf46439049f547,49776,0.8027531065690278,0.8683574341379299,0.03402265309408496,42
0x78f4c1da82b1d44df1fd987c51793ca755eacd34,49045,0.8808547659182043,0.9584224912001457,0.02850617010616004,25
0x339944abe7045835aeb68142d1b17944270eb323,48318,0.43938656398284226,0.4798123012719532,0.011605780211043514,58
0x41b2afeacac13c39511500f3a0a507f7a8b32cce,47948,0.33266466288279295,0.3469479011581911,0.011611698287637076,41
0x41c55afe804a7e56ab39a7e541acb0c32dcc5737,47260,0.8234026956224236,0.8903012782717471,0.011188752251771591,57
0xe9ffe7698f46f96f980f2877e18c43f5b4165903,47061,0.600569934180828,0.639952397197939,0.007722728655701534,63
0xaff160dbf3b6659803442deebcaf8d7066aa78dd,44809,0.852712816862653,0.9182250008100982,0.02274684492705002,15
0x7ab12f7a0925ef24927343d47199e75a91fc78aa,44165,0.8691356228191087,0.9464590089822489,0.024305906731514282,50
0x200b916188b5db8f52ede5b8a1955a36a09b49b5,44130,0.5973614863920862,0.6153013811851533,0.03219035879749696,26
0x3895d155b005191686476a39580d43258a518e46,42381,0.332541809154499,0.3730393542819461,0.027703598049803282,27
0x6833635133dd351288c2b77c09d60965ac1ed5c0,42214,0.5317844905292315,0.5677809874836561,0.006735790084227905,65
0x9bc74cd18a8373eaf3b16abfc62c67dfb2312a1e,41639,0.7991411411014103,0.8773721566248841,0.009094246547748942,41
0xa31441e058492bc7cfffda9aa7623c407ae83a81,41161,0.8066743088011206,0.8857940893372385,0.040753666681571016,44
0x6ebb12c7f8b43adf4c58a5f5a377ac24c1569fb4,39716,0.34193266389999244,0.3505045334073289,0.05280935127141519,12
0xcd7f60e9437ece5f14cd8860401fc86ba99a3216,39333,0.42163551861545273,0.457366776456215,0.027479094317282786,15
0x912f6ba145f003477d44922dfd1a0a1bfe015b27,38125,0.7777239170912784,0.8625670533229919,0.019914584808550108,24
0x690e0ead2da0fb07205394e5b9970b4692a79e63,37904,0.4830055471370665,0.5126158569530718,0.010837172747103632,33
0xbb8858832dad3d05c84a47bc4f4c936917aba683,37066,0.2648941355720403,0.2889617270156009,0.006282386549610207,31
0x768fd9e9ebf2befd03c455ad5d85d520bc1e006e,37030,0.29563333700022965,0.30868718550448726,0.013672503395055864,33
0xabb89568d273847c32fb80b7b73b12f1b38d7151,36942,0.5091640389122188,0.5414864967492674,0.06208793949696626,14
0x621a5180165a0e81a60c44f6a53e5e6001fedf3b,36936,0.8036798160749581,0.8245483996395774,0.02655407343314931,21
0x9a7236c4afec1f5731abce7992ff0529e94adfc2,36768,0.5821365429136078,0.6036265347183304,0.03702015939932033,13
0x29a9a6fd105e41553351630fbc67feb1fa8e4c2d,35778,0.6396037995145595,0.667821429705174,0.023417191135466607,13
0xbdfe1f0f5efda87adebaac7352f9a3c153aa7ccf,35645,0.4612659158012475,0.4846483202507457,0.01285356674189616,37
0xa5e3b79ebb74c75d6f415aa0b5892c83a3628fa7,35123,0.3137864710734385,0.3263039539192028,0.014453233460066838,32
0xd28aec1f84668999fef0d884bd21aeff5fdea225,34913,0.8297757653528597,0.8882934290196511,0.020782317754224938,27
0x8bd30fc805e672e1d978138ecbedcb48479ce275,34544,0.7044205574864836,0.784071424870288,0.008429863419787794,56
0x17616342a9c6c2aa1f7d02e9eac2e3040fadbaef,33977,0.6817225240461279,0.7549931952284213,0.00618389077975176,65
0x348d4059069e4a72d07f192430f6ee3cbf50f931,33599,0.6511449649656478,0.6954537201351854,0.00962761017410491,46
0xaea8e3bd369217cc6e3e6abddf0da318fba8e59b,32877,0.8195674944132951,0.8739925831457752,0.021190474306493443,19
0x2d1485a896e1ebeb6d36399af12cef09856457ba,32827,0.340215825282302,0.3597354819951947,0.018733798284891266,26
0x75f3665323cce024368870bfd89db0c21e1ce76b,32710,0.6778667848754306,0.7623524899110827,0.00334510454946163,37
0x19d5976cac6edabdb42b4d96821d67908842fda4,32555,0.17933450370860804,0.1861924785693918,0.013165607379769427,32
0x47ddfe2e3cb39e16f783b129cc240b588a98d424,31991,0.770813713924509,0.8138741759716549,0.012484365387243224,35
0xa123089267e1dcb7ad841071355617c65b34397b,29695,0.8394261089997987,0.9365505661504931,0.017030734067644698,22
0xd3a3fbb529f427147f118deb7ef95ba7b3fa3115,29509,0.601595589542669,0.6317619786346105,0.02483314607190168,17
0xf7772737dd6e90bfbfd6b1f966a0021452cea894,29496,0.28428830168162966,0.3080932436416731,0.00414636112811125,76
0x84965752dc5abd206f1eeae2ff58b41e5e3c7806,29280,0.35335953551239796,0.3850441260120673,0.01056347488289678,37
0x9f3781a54303ce694e47f7b6b694c87b87983216,28716,0.7646742130368913,0.8649456099260954,0.012747823191654456,29
0x91ecbd8d6dc9c40378df888782767fbbc10e41fa,27709,0.6475269493152371,0.7252003373363018,0.0065267019197667725,32
0xff3b20a3756d4708789dc12b5c65c8cccb5405c0,26935,0.62181987713771,0.7016667123911329,0.00825503839279252,12
0xf6e3c3686e5b892315dcb4bbd2ea8228b2299405,26910,0.5887447813479565,0.6184336247571554,0.016711554541738338,18
0x8a265d24c0c4e611119ba4c8fcab93fd987d343a,26534,0.5134012493925564,0.5388407733630194,0.012106738502985423,28
0xf5e020f768c9c39ccdc6b58f4a540eb8b84ba7aa,26475,0.7281284742730261,0.7705486142472382,0.007747821531359042,32
0x84f9ced63237634cdea962fe18a3a718364a7ce1,25955,0.35115143465763227,0.36815928890986155,0.01680951874804985,19
0xfdba13d24cb423a393603d72ca80f31b251a3727,25759,0.6486682681716551,0.7234082432745161,0.0036378517164616223,57
0x22e79b99477ce72b85cb30ce2a54275dade0f166,25700,0.3089308714692873,0.3364326422497515,0.0032974349541494315,80
0xb4ebb8c34c155dd0da9345a374373c065c5c0ce4,25523,0.7439813720863873,0.8462862389162873,0.011223465278953487,28
0x5ffb7fd74981720f09170072206601381b0a1b74,25386,0.5119152908128042,0.5825744237124737,0.004003438369887561,23
0x493364de7f4a39ed24f9c68ece229973f324d369,25057,0.7391740175569043,0.8056134963047671,0.005495988852610874,23
0x5c4639d1bc70792a472745c4e757798137ef8cd8,24963,0.6755760694419609,0.7397737227743983,0.009129673515825894,40
0x6809111be108b5f2fc57ac50799039af8ee14f8f,24853,0.8198413523784784,0.9572292694727501,0.022046386514706133,56
0x30ca9d4ae26fc62816fe39510085f664d5c3d14a,24701,0.7739062947775173,0.7995865543361962,0.023060956697739374,12
0x4c78a97cef589b01bb91dbf893fffa14243d2444,24626,0.7167088437544682,0.7764405691764444,0.06836938296543354,27
0xfe7ce058edc7cfcde9ef8262ba51f8d4796ab7ae,24566,0.8346608725299047,0.9453607979365548,0.026990220251833386,20
0x0f341e7dfa122b8c7206f161f5877360fcb1701c,24206,0.32062255305517384,0.328781054684001,0.01418311969622584,25
0x4cd96242faead3b3ec29ec02c254392b4f65faf0,23818,0.7707584111490474,0.8131265967632478,0.02246020800056245,13
0xe97ac035f289f2eb4c04b1dddd1d2d99d85c85b6,23734,0.5419982491464308,0.5865696105735039,0.005221851563885351,55
0xc1f8dc3c50ba9905f714f979ecbd814808ff0a28,22911,0.8264091582145328,0.9407154118399398,0.016870223603284697,55
0x439ae37721c7436a64d933fd5f082525845ca848,22540,0.6503351314007078,0.738740241329517,0.0038030203751846054,64
0x7a371461689eb40c25bcb726d3aef33061b8da50,22482,0.35524293129409934,0.3670381150816077,0.01929656407098392,16
0x7c313432dd4179adec41447dd798a6cf3f34ceca,22304,0.641815507585502,0.7095322292599835,0.006827377667178308,50
0x628309320e6815510a899e22e5718f67c805bb21,22145,0.5946116113044821,0.6285878035431454,0.012727619103500114,20
0x64faf2c7679ac34ebd89a358779bcf648cd22c40,22066,0.7475982049313736,0.7881480787274044,0.01714893515968928,18
0xda8ea8c8da09afec518a955aba00c3f3efa8f168,21912,0.3309922878175922,0.35975942251801024,0.004876096152502703,46
0x5cbdb794b3b36df58a7ce6c1a552f117f061103b,21738,0.377942179537782,0.40649381628473236,0.010583520767596551,24
0xdb62206f826446d0c2a8801eb51332cb844d6773,21607,0.3648649949095048,0.40068448508397747,0.0034034630576920215,71
0xf61c7b8debf1e6f76f02a2e68129e0ffbe6f2db0,21320,0.7312654641185065,0.7948046464744328,0.00891653118285811,26
0x5f30b25c70b7d08b292566fd32593dd72bdaa396,21288,0.5879931689043721,0.6559187323234914,0.004488354884895655,47
0x663c31fa96318714f3f22a471b15cfc274e946e0,21016,0.8264327692554241,0.9579523557427253,0.021841092205796716,49
0x7de1e2309e13a32e56d58cd17c6a156f86f8f867,21000,0.7186567752584359,0.7817675571818203,0.028244895480644107,10
0x25bdd0a95d95319033360a2989219c697fc8a7d9,20934,0.20640888820250353,0.2251205487365729,0.02249832905033402,30
0xf3fee21b8910c0cb6c021c2ff1719b2d4c0530bb,20842,0.6187204499807342,0.677360219087332,0.008232692284138372,24
0x69ee6ed88b70856983bcc13b1c454c7957411bac,20826,0.811589705855191,0.9463139664699992,0.01901898294807528,53
0xc3cea15cfe9201b52cf5d85a7613b76625b87781,20609,0.5063950266573498,0.5385007567633664,0.021836353163748653,16
0xfc9b35c8bfd6416fae3934bd3d03009d76c6c695,20203,0.3242884861601028,0.3462841023703159,0.015418353264400407,22
0xe3a0d8e565159f5bea7ae719db0a4f058f6da0b4,20071,0.31354054591029545,0.3397416852685622,0.002151136047701588,76
0xf42dfa59dc10639abb026532a09a7286b6642892,19936,0.7520625863473006,0.8200443693628497,0.017440276503906994,13
0x4bdc180f2a0571d0cb4fa8f1e4c0f0f4937e0c14,19608,0.8021391446868253,0.8513781405638694,0.017981318968168472,12
0x34ffa20a0893afb2c186864df704a8f5b0add738,19558,0.39568459905427245,0.4167027119220891,0.012113278834606292,18
0x3ca452d5b16a4a534d47c6687085bd874720d34c,19555,0.7769125811761765,0.852595620528172,0.008584817511098485,19
0x985f02b19dbc062e565c981aac5614baf2cf501f,19335,0.7224182516268479,0.8287502783604161,0.00862725803613437,27
0xaf1cb7f8573bc7cb2f0d006c19c68e5b2e745982,19086,0.7749678138951598,0.8388115279175558,0.012133210082306969,29
0x2f616a2199a38bda70fc237aa10769802885164e,18786,0.6491442215127112,0.6751991391116634,0.1955729385646963,14
0xa6fc599a28c4b23b7f74bd391c56dfda70d48693,18759,0.6904217633169928,0.7766425699460481,0.0029350903194235696,53
0x6fc0af3756c7300943019e7349bcfcb80e76966c,18150,0.823048423850247,0.9109406675439669,0.14838126797143103,21
0xefd3ab65915e35105caa462442c9ecc1346728df,17946,0.6036086703298559,0.6514726088436503,0.010604047057172664,27
0xad67a35fbc35aede78c7cbdf13cb8c99005e2e28,17884,0.661810848881481,0.7052918006956704,0.009352011143763257,24
0x15bdd7a0f3c58ba3b15cd31701c2db46e13afb78,17863,0.41918604989333447,0.4543137127040982,0.005818140169415932,34
0xd8c07f55f3ef301e1a78306ffb295e8743720843,17396,0.41888383102895793,0.472576889793796,0.006230513457665364,32
0x2dbc53fe4683a9308feb5cd88ab10d73ad220b3d,17250,0.8415734633384014,0.9016906936815985,0.024255085139990227,12
0xf315686b49d91440f57d2ecfec4f7bc3d397ae76,17152,0.46897477369939233,0.48660303047054276,0.028600627090471877,10
0xd2ccf2ebc5be12ef15235ed6dd70d3ec84859541,17018,0.6113462115832504,0.636523777162264,0.012393916774644773,14
0x68e71ae513457066b8191df021b6bcf7b07aad0b,16420,0.6362230375599036,0.680043100598344,0.011396000645493155,16
0xd63a59f21a5ad8c2b23e64ecafdcaa9178c8f002,16417,0.7787357755050441,0.8420905519181525,0.008850915846305648,10
0x0a140bee49d86589fd2c9367e2c4f99ccc4c3d06,16375,0.6110734104924399,0.6988886747799864,0.0036621480922302534,59
0xe719280bc30c06164b8f0d3dad3cc09af2e04d8b,16245,0.789830737663436,0.8594934158730345,0.005360319799571514,33
0xea2bcc91f16ad5e1be8956003fd96efa4592d147,15952,0.5019161007039069,0.5481641338712413,0.004289435214374549,42
0xcf35be72d88d933e0ef2c69c7b9dcb23bb9fe5bd,15922,0.6706764849668638,0.785643278595985,0.08309939067544309,10
0x45bef7096101ffe85c7e4fd0cfbfb3cb2bfa61e3,15715,0.4553849356834776,0.4942488936816047,0.003979202867372628,32
0x35383287fa793321d3fc8861d10c128dcc8acbf5,15714,0.3843752568404715,0.40353147771579095,0.00728760961132661,29
0xfe80f692470975c761f02ed712fef6015bffbf42,15623,0.3952407848463771,0.4265683941964287,0.0033446522325566706,41
0x96992ad32f605888e9dc145cce867bc350cd0ff6,15552,0.7341574135409277,0.8058622001520812,0.006699942019842864,18
0x84359842fc9ed0bfbd538f154396517d7b91cd0c,15520,0.5154126302892373,0.5821818233065911,0.002997778722688837,51
0x6b99102c159b50456ebe190d4dc132cfcc6595e1,15442,0.7871221580428172,0.8265743253228257,0.019895886088961798,10
0xe5731a13005321b1130502ab7bbde3c4cc1e0f2b,15356,0.6597806340958097,0.724067326270817,0.018888323277224926,11
0x28a9fba030ccde2df5158212ca4f0a81e0ad31f5,15246,0.583835794148304,0.6253555570526896,0.007516379683466242,25
0x83027df4f3f749a1f9dd8bbc976eee49653c1d72,14650,0.7198012739229991,0.792636228051047,0.004648202756573844,40
0x9d92701d3bd1d1f71bdb5d31ed89f81ccac80dad,14538,0.6573838201215421,0.7295617974282522,0.0035735416220284695,47
0x7f5c44c5fdaee963ff65401c84d037667a4a7583,14161,0.7801885749338419,0.8167617733238449,0.018240550391690355,10
0xf477b286f38ca53f3948ecbf90433d6225f6e3fe,13898,0.7028278808587737,0.7822200727542474,0.006167818726625176,32
0xc3f43a41a396e5049d6f96c7d444fc6c315b738a,13851,0.6934828117659178,0.7863122509974037,0.003907586913373292,48
0x342f1fe54b05917262ca8cbb89c55d3112cc0877,13559,0.18248032005515896,0.1906803657184009,0.01016465055229867,18
0xa7abe1c2dc27f2ac6832422ac6fe887e1410df4b,13190,0.6246304669643942,0.7070024750870436,0.005881999132551811,25
0x0d438ba1817d0958ae3bf70b23faaf1d0117c930,12768,0.6104732566309059,0.6982120696425176,0.003032274706173655,40
0x7c0af245ea07157014ff24cf280012b04399a22c,12762,0.6504299547005373,0.7112880656056558,0.005935555326172999,21
0x57dc477f0deb211ae5dcfc7c0593563472b628ac,12699,0.7587100723852918,0.8614100851019451,0.004215233795679912,10
0x043785e0466d97d64b28dfe747db4280efaeab6e,12604,0.7749861600717617,0.8540366320240732,0.08271129716892284,11
0xcb44a705a86ce19ea5e0b0c67f1a9df24436d1f6,12429,0.858719176109582,0.9350073977927484,0.045786482109166755,11
0x6fe7f3bc9a5f94a0a4bb3513ce23c8a2a17fc367,12288,0.05570863700878284,0.061897696865635954,0.20272606594655646,20
0x64dac3fb8023b1d591212c8e6e2fc268bbbff1cf,12215,0.5932423634972985,0.715167521146374,0.001397660424555147,11
0x1a5d5b58f9358400b5c412a71e7e49c66c7979c1,12168,0.7964031966304395,0.8869749909068847,0.015575281134299861,18
0x289263a96d7bfb5e39190bf70fd7d0c6f36e80b1,12112,0.6920398345376013,0.7869549604389499,0.003923299695236621,36
0x33e4d46f9fb8df2289b9ba1e2889bcf223a9f8b9,11993,0.3326687100163029,0.35331037139185717,0.018110967129588068,12
0xdb6995164092fc54a0c33fdf032450d1f6f558a6,11883,0.31880588324147346,0.3369296263034467,0.030122306505337565,10
0x8451875ee1865ff9050b1514bfe439fa4b7b487d,11768,0.7124347498525547,0.7805604882115837,0.005651472299262418,24
0x600e4b5de210b8fa6566c3a8cdad62f917205402,11721,0.28286412063611654,0.30423547783060323,0.048312637788185786,12
0x562a90a48f2402faa592cae68410e97944a467b1,11713,0.5988690314109174,0.6413919183472812,0.00784165418059497,15
0xdd4f66125defd0265f806a0ccfd0ee63e2bb4f02,11676,0.8191130752790611,0.9176630236301633,0.008604079407998245,28
0x87ae6d4e162dfbc0768fb81cb04ddcaa7077a241,11547,0.20403037201613486,0.22525341600996632,0.002478755074568196,57
0x5efb3e6427d68e54b984a4c76534597ec92191d9,11372,0.6440853262190656,0.7145300694773313,0.0032348996240206865,47
0xf2af67bdaf5c0f4e90c057d0efd6efb40ab453cd,11092,0.19381088456494186,0.21809941348270434,0.002527409028093949,51
0x9e8565802b38e9d629a7da7a916f11682d23bfeb,11055,0.47683207331313165,0.5210220366662048,0.01819186308728669,10
0x06f2813038572bee8a76d6b7896a8ddc0e991701,10963,0.6572685262733413,0.7581104533698638,0.002167241900745206,58
0xf1e8f807dc77c51d6bd69611bd4923e1d4cfedac,10853,0.4230005378417848,0.447197076313946,0.1362982667612575,16
0x1325073d3699a4b1c3268996a2437c170c33e7dc,10644,0.19115599932830213,0.21270118354652434,0.008287337828913267,18
0x16ee01975ae139389b5693b917c0c55d2ff7e20c,10510,0.8033785243421036,0.8995615346700382,0.010031456344833198,25
0xf7b07723b1b8ed3035018b1144caf4d19c6f380e,10385,0.4002200726901835,0.4529153051141894,0.0026624425405532837,43
0xe6fe2362f915d627ecbf401b0ceef3dd2b2b79bd,10294,0.41393007574943574,0.45359621568514674,0.004146941367645336,32
0xa483470a50ec3822b510851cc465e29a7106741a,10279,0.5268637577242917,0.5773113835414195,0.09218371750659798,10
0x9c16f1b7428418b221a3c5bf2bea70c57a021f6c,10172,0.6276709590624856,0.7082662778246599,0.0025559500751140213,46
0x984494c0d7324fd4981ef44d42b01c66125934ea,10010,0.23992178890616622,0.24780317569904833,0.018121339415916718,11
0x84abc08c0ea62e687c370154de1f38ea462f4d37,9670,0.652301714180541,0.6750531375766797,0.07771282392698338,11
0xbd49d787655919f7ccf051d372a15e4363dd3d01,9502,0.6541954218800836,0.7228370159178605,0.03087544198423787,18
0xfc722d0de76547188bf2b562c2c3f9fd9035f30e,9497,0.7414046260310233,0.8546416451886227,0.008364549489279805,29
0x6cc4f268a308be8fe67c11803f7078cf886e3dfe,9401,0.7971203567215546,0.9193398389693896,0.0073924535485636305,34
0xba0ce17bd4ed448fbe64325b886df4eead1f266b,9244,0.5600386836987632,0.5974452726532598,0.016493592363416118,10
0x196b168da239b62db3a200f21f82a4917674ad93,9241,0.7799162643798528,0.9422393752078462,0.025524779506857227,18
0xc8c776a88c4b3f4792c2b1b57e555e44e7b139c3,9234,0.22289751381388664,0.24210254665564562,0.01144335871912626,15
0xf8790e4ef0e8a05e008fade5d8f0c3912565a4c6,9001,0.5376520226766827,0.6381610906750318,0.06746651874739373,28
0xe850b70a8a5589a97e7dc828ef49ba31b3ac431f,8901,0.6823192370598397,0.7676347745075042,0.004413643093607681,27
0x67fcc46ed2a63971697dad2fc7bb0091fe89e51d,8820,0.7922805916673437,0.8499755944993859,0.03886519053437762,12
0xa82b3328d8fe43a222f2a70317281ca03bccf4bb,8713,0.20885945992325916,0.21633358452007348,0.010612481987553274,11
0x385467330ab67a4b793e42da12c649b3965674bc,8586,0.6378484466838868,0.7329136986431296,0.007039904959124054,19
0xf9bcefe0d06b955465aa9673b29aa66de754f8dc,8550,0.7047134532835624,0.8137130378887052,0.007359480831070967,23
0x0527b66fe95d7b43e154e55d80c4692491d9e5e4,8528,0.6197629096415972,0.7143707328069602,0.0020549907350426726,42
0xa86290d695158a6e2fe31daef34738dfc57c587f,8519,0.7484264432549947,0.8340051198279308,0.004021705416936544,24
0x5663bbff80ca0a833b7fb6225770d9ba8cd31f3f,8493,0.1749545112016775,0.18907463705670433,0.004957415065918276,24
0x265eac78fb57495674227c93065d67abe6f97f70,8415,0.6386608669611866,0.6963391258196501,0.004993548201355525,26
0x06ddfe92384d62975c3eff0f86fb481c33f9f58c,8403,0.7271263079021311,0.9168251669538992,0.012203918267165952,10
0x93dd78cc3540e7df99b626c44a46007d3a624287,8271,0.14563241896817503,0.16064108036540314,0.0029145385164802864,26
0x64dca76a688c927eccd1101099ef2a2c630e0672,8209,0.450071506869579,0.5017145553183882,0.004777501407924217,20
0x53cc2ef0a7c76fd25c4fc5ab6a6d14d1b8fcce16,8134,0.6440530471617021,0.6750136580333705,0.12756668179376568,11
0xfc60f15c006a8a3094645e25d703fcea8f35f596,8129,0.6108012301545753,0.6962890224884564,0.0025648241377544652,40
0x576294ed20f2c5a6fed2d5f5994303b0fc96eb5e,7970,0.7664082008157855,0.8133444976926307,0.011139199389516154,10
0x7b6e54fb0692d23e51e078c2caf1b2c5ab3caea9,7805,0.7662524779545761,0.8361537196483517,0.008686898763834782,12
0x601a379e280fd530d1de5dd9880c609025357b49,7573,0.7267607278074888,0.8522403833602441,0.015036680537817504,14
0xb04dd83afde3dd2b2e545b7de4d84a054288599f,7484,0.526288895116089,0.5842600150778223,0.004623133333947819,16
0xa1911bfa7d9bc80bab64d3ece701e3b71ed1d361,7458,0.7812998562402039,0.8961724627534846,0.0038150601710794747,35
0x880ac484a1743862989a441d6d867238c7aa311c,7305,0.4248413315902895,0.47314573218138145,0.05111198911582585,17
0x23101557bcfad601087937192a86089d081e57f2,7176,0.6397287592142323,0.7068518228210685,0.0061343108395577,22
0x0c3405f5fcb19e6e42f7a05fad4ea3e52346b6d9,7154,0.18170237110404422,0.21016502643828056,0.002194821984508913,40
0x5396afee01e323088d59c74cc036743cea1a51c3,7088,0.28252147220910845,0.30185596021810207,0.00962005790312313,10
0x54989429a0347156c6a70aeceb744a534d58f03d,7017,0.364091093981038,0.41316723099480024,0.001787291916311813,48
0x43a98df2db30011bdb6bfd4c9d35af1f15f48d87,6947,0.6373999574434607,0.7348680904434168,0.002643550401693203,29
0xc6a650caa665df54709c27c74b7bdd87186cb80f,6854,0.73264154323066,0.8187174889865866,0.0036808918979660686,13
0x3706b3d21d7e8571956430339341ee58b4fa8556,6563,0.7636649156414613,0.8920973462029625,0.004377491426992055,31
0x4f7639e02048f118ab0e1baeb2cd928e23854326,6552,0.7651558189460265,0.8399589308555669,0.00721366781735015,17
0x058101c5b455683681e946035f5277dc113fbaf9,6416,0.45673363225716984,0.49238440808589773,0.0055638692166278415,13
0x5410d09be697e57cd7c4ffa83759abed3219e020,6415,0.6497918777823294,0.7653981871687493,0.003555552542489795,15
0xa3662d77649ca84292ffaa53198bcaabbf1f6b85,6356,0.7718774430368995,0.8781449289223915,0.006011555965145318,10
0xeb9391195e31aee7bd1d4a33afc36acb67b5b3ec,6297,0.656990192001947,0.7548345034129084,0.007623387117995882,28
0x6db7204f8783dfddf80b957ba5e40e24251e304d,6203,0.7919700612348635,0.8959294438851638,0.005242582295120948,25
0xa94b5e2af974818bbc63a4f4b3661cbc951c8e06,6106,0.8048207472149916,0.931383176675396,0.0081636964258188,15
0xbee81ead08a2dc61d07fb5eda71915e099052ec2,6078,0.4396864920451906,0.4915076363268625,0.005273810947324494,12
0x96adf8dfecb38d2c660a4927650ea6cde5e7fff5,5881,0.17180355949669546,0.18250188798762898,0.008065750446795162,10
0x35a49e29db329431321b3f5317847872e4c8f933,5808,0.5664602743231401,0.6656220822259623,0.0017766476735408974,17
0xb4f1d3e5153599cd9f59c686dbee4262ac87d75c,5773,0.28433221093640826,0.32449786560413263,0.002958683632107219,28
0x9df286bcee3b6b20eddcbe763ddd3a30ef3bc665,5672,0.7347387900952219,0.806721992433488,0.005020886721286749,13
0xfd4224606069dd88fec92093a27591008263fda5,5568,0.35972133850270804,0.42980015157963825,0.0013546174105838425,41
0xa24c5ca26c41cc52aeac1d6886d37f6dd5d6949f,5556,0.27467267656271,0.31784174108565666,0.0013953916403926228,40
0xd8592afc09c864df215d8012122aed08e4ae453f,5549,0.7233540782556033,0.8180779582235109,0.00385093355843935,16
0xb07856ebcb6b37967eaf7c4b4e64dcce28c6de15,5514,0.5452199125646773,0.6364838719315222,0.00299041340963771,33
0x818ac4ae5ad1ffacb68783dfd7291594cfa15138,5473,0.7279249011402383,0.8578934410179128,0.011424067494722098,11
0xf6dc348afd49da85ce2d0d45e7bc01c541b78a1c,5458,0.8127453334317555,0.8903879118979618,0.008092251835761129,12
0x2e5846dd96afb6c0fcd175796834bd86599eb08a,5405,0.7385748262370643,0.867069010245913,0.0039465654392492056,23
0x9f01844ba20eecdd20f4520975f28c938e852add,5362,0.7565413060415729,0.8417540340129921,0.007306489940754904,17
0xc8ccd9ca6afb73e8510d4dd92d11af5fd62da4eb,5291,0.6010137681737228,0.6617634956996352,0.003988792499012016,13
0xcfb8f2d456df8036c5b9d8698227cfac17f91c6a,4899,0.6611891728723243,0.7654403719615324,0.002454586107112041,12
0xb72c32cba7373d8b4818ef054eedc0320c33a9cc,4825,0.5426862825837129,0.6368628841974631,0.0014718157629736485,35
0xd9b7c2884cab91e372ca6a1dae16dd6c2680dde5,4821,0.4248083835761095,0.48485246465327403,0.002856637228416719,20
0x4e23288cee4960f9f962195c22948e4bc7ae20c3,4781,0.7223783092528175,0.8573965474767756,0.0065123426880889755,27
0x1ede71b84948a496a6b2fbb2667182573002ab0c,4775,0.7891695791974939,0.879720612023597,0.034237005749051336,14
0xbd9054c8f22be4f9ee68555d1a7d71f33e13f86b,4695,0.7128700181334866,0.7932139005227227,0.0043113414225584845,15
0x427be6261f0a724bf23e5af8a621a8ebdc58d1d9,4677,0.33146518738164155,0.3551328344700294,0.00571466832486784,10
0x8256bcc6926941b143234451022cf7c20274cce2,4666,0.8068772584412132,0.871813125369509,0.01926092774234822,10
0xb5d19a1f92fcd5bfdd154d16793bb394f246cb36,4531,0.6688590087786022,0.7893652781687581,0.00261094812154633,25
0xc5fdf8fd90438860dd109bca9846dff03d8ca079,4432,0.37556327311803966,0.4307835999287672,0.001637332388134459,31
0x1bbd67154e0df9c1921befa17e08357c9e6c6603,4409,0.44350756162920657,0.4865657498000058,0.0031237173221085697,21
0x6845dc0f870c7bb80bf47af4e41dc7efa54aedd5,4324,0.628905549086251,0.7142042852929633,0.002504001541436532,24
0x05e6ffff89d05b7ed820dfedb665e430252c8132,4266,0.6178280763107528,0.7244316844359892,0.0025758306977193366,17
0xed83694ebdf8c6cf75a296d27f26b8ac1d0a9ed0,4229,0.6751793492472352,0.8036411463670252,0.0030979439133430784,23
0xaecd97d56fd4966838cfcd75f576ac55a7f6686f,4112,0.33692701722068236,0.38627906304907267,0.0015845217024917943,30
0x024294c53a69c1e6b39810b3fac87385752fffa1,4109,0.7482532675350264,0.8686913085956873,0.011461461625770834,18
0x8175f1f78e9da377817f136dae49b03e921550d9,4070,0.4113055137495368,0.4623379898618818,0.005390923771897745,15
0x865a8149f2f281e82a3282c36b29fd36c7caa357,4041,0.6819713527437651,0.78464439000226,0.004955361791454765,13
0x7c4ae07a0d804d8267b1c6d098b6bdfb82d4fd43,4030,0.5349354780002783,0.6303678520087286,0.0011554446512104766,17
0xe7403f78f5711e9a788f300802251ce0d60cb3be,4012,0.7758202522351566,0.9583192261919881,0.004041440036539657,25
0x43e90d126fdea02e16e197e2b52526d518975238,3836,0.5168580674039703,0.6149582955198931,0.001523417381578292,26
0xc2194708a50f648bde32317ac6c2819c6f237b0b,3808,0.21552950247741323,0.24536501425901622,0.0015123849684751459,24
0x4977da67f2f944cf767a3ed22b8a2394a1feef5b,3808,0.49286965029430024,0.5854691501877708,0.0011681435214607326,39
0x8297915808564e036e9596e939381fc9c7779fee,3760,0.5646675155340101,0.6669925225601485,0.0031856180257103014,16
0xcac34f69e47b7652f96dee5b4c75c67e7af910bc,3708,0.5990804454306369,0.6926793973650754,0.002743144707061909,18
0x141d4434186db8f287a776fee59abcf6eb4749ed,3703,0.6406529882434218,0.7081381017375059,0.0032709785877489605,14
0x2d2878267de943d65afa09b5d92299182b59e772,3702,0.48479647506132634,0.5770205308364935,0.0016824635469642373,20
0x6d6d7c05ef7f31b31b618400495b4ce4092a5089,3616,0.7444362731286165,0.8659062408848284,0.003922031853017533,21
0x7570206ce9891ba4106be650e07ffb94df7ca8ec,3545,0.5509132239803403,0.6210230325630045,0.0024836885935785656,13
0x7cee351d68e21f2bf1adf8161bd1598a80d6fc93,3532,0.6566478911900363,0.7487142045472073,0.003822301451449808,14
0x3cb96d6601635037071ab1e909bb6949470f1b70,3523,0.6619448796486053,0.7756619140684078,0.0037876280198326975,28
0x382d140708c6a5b59632a4334ea75225cc3dd315,3423,0.678951913390863,0.8405406724076363,0.0020265949535338054,21
0x01c7bf4d597cc6345f7faa4a42fd8b3866cc16a6,3412,0.6486678626139506,0.7472436490722455,0.0020233916167510207,17
0xf20c83c6cc8ecaf56a9319fb3d8584be15a9ac7b,3368,0.35811518911375995,0.412125984396007,0.0015620914403517085,23
0x84fdba26ec18c91fedd2fcbbbeb790832e0e24a8,3358,0.4280052205653046,0.4875936966061286,0.0025330799031478297,15
0x6e43d49bd44d225db498aa336ff8302128d26c56,3321,0.36420932974367937,0.4290718282050945,0.0015620902985810446,23
0xe0ede386aa5dbf5226f65ec3c746b5305f0dddf2,3271,0.6556259201645753,0.7273823116209459,0.003310593018620907,16
0x453c239071b75ab5f9a188a7022bc44449ba9c7c,3246,0.1715229790840723,0.1922350949956526,0.003227402405650618,14
0xb6fe0a4fd09971f20f4f1ae8758b2dff5b255193,3204,0.23981672469300036,0.27433582611000873,0.0014428352213267039,23
0x8538b4b9fe2e3879e061f0aae6487221a250a019,3117,0.5760207024325353,0.6859508930780966,0.0018601769528497362,27
0x3e78225904a41656a273baa393d0a38253a273d4,3078,0.6325125893599558,0.7608010359337088,0.00203500946624512,22
0x905393f6c29aa218f52dd8a4ec8933c0bf71b56e,3059,0.7042590168462519,0.7921717059345135,0.004537408050999425,14
0x9f54a98a064c769e8b1b4cf283575e8cfdbc4280,3050,0.6572382223855927,0.7679615297532126,0.0024781032505917224,18
0xf52cf9ae13ec7d69a27696d6fb9f71c7f60c2e0c,3047,0.3734436645694206,0.42726117064850744,0.0013958506923294847,25
0x935ee08239c0b637c998b1fc600c2ad72660aca7,2990,0.6482550276212055,0.7745120253099763,0.0022406613206112907,19
0x958c862353b819f55ddb8e667736bc604ea8002d,2982,0.3767372821115125,0.43912259110295115,0.001431451787051235,24
0x40e29c5201070d928847b0c677f0fa4fdfd865a0,2942,0.5743998840193894,0.6618023885107063,0.0023713994213296714,16
0xc85cd814b1912ae124e6accbc4f8b4d5b68279ff,2916,0.6556229519584114,0.7712150238697333,0.0032174603717551693,19
0x8e83de96795c55e4ac41c86b7d5c5265c20be111,2893,0.22545312608876442,0.25157707133307167,0.0012099438640800885,21
0xe33abf529df277eb3abe7daca85915e5f015d413,2871,0.38008968035356405,0.4403639694976208,0.001552924335042221,22
0x5da0437e89eef1fb67b7199875d241024ece8efa,2847,0.6597165738386278,0.7396300869491446,0.002415283946799057,15
0x2e7242aa4c8efcd016224902277f82bd05fbe240,2826,0.5739057650317839,0.6641290191989463,0.013230014724467085,13
0x8fbd19f9c029f06566c81b0d446a9508d9e8ab5a,2798,0.7297028244912176,0.8081996987540709,0.005979716701075936,10
0x83e075e43f5c84e39f001ba0601605e814230675,2789,0.5889525408408097,0.7097648376206976,0.0014218385377744562,21
0x2f4b42209304e1a3f507ad05894c42142da741e4,2780,0.245867820011682,0.29016845621667386,0.0012550081375043085,22
0x1298cabbc5b707cf6c45552efdc6ee0314a5e992,2739,0.583008926774675,0.6482326545328745,0.0033401418631465525,10
0xf8bb001a9e55d81fd6a5834f8e64865ef4e231c9,2726,0.558807113497161,0.6592310673828295,0.0017887643035817272,17
0x1c75b586b9779532f65c32487af40286a0d88d88,2720,0.45881736211280966,0.5551533662101098,0.001117542146921081,31
0xebaf64a0bb175d0c24d241de84fb8800666964da,2701,0.2248263533751057,0.2726578872999226,0.0014298396392368332,20
0x18b9c2172cda74612d5ec5c34f906673d3bc2829,2694,0.3192381458329965,0.35344756203132377,0.002440672110244349,16
0x7c7b412019186684b51bdd98d4cbc33ccf1eee7d,2684,0.7568341736508849,0.8771027372196075,0.004328848771166423,13
0x1cf4aded9685ca19c4d5e8bd9a8d0052eacd58b0,2646,0.5588115909940239,0.6645075079094873,0.0017567971542330311,21
0x3ff5fdf5981d72120f0003359ca552c49a8a16e3,2629,0.6467046680786034,0.7544050467771302,0.001917001463321136,17
0xe1c3559c662bd6ac83016b11882885adc07582a5,2621,0.5830306123452655,0.6694464946206233,0.002333401888084243,13
0x658220b850323ecaef9ea06555b2f725dda339a2,2599,0.6716039438767866,0.7782710530635039,0.015065157903442893,11
0x78fdbdab10f46c264bfa9973380124a09ee8e52d,2581,0.6028699295807641,0.7012180952214789,0.0020884770613037707,13
0xe90e8a6df39b23e2259065a5da41e81f221a4c2e,2579,0.6071991710848901,0.6931195379690824,0.001655097160701467,16
0x3bcae23e8c380dab4732e9a159c0456f12d866f3,2555,0.5958533108525241,0.7396056261512068,0.0020021808325004255,20
0x1b631ccefc3aa55ab2a3514dbde23af6d67212f3,2541,0.6500980099460341,0.7549137510655978,0.001734645389426004,19
0x4ccffbc75f38bc534cf2ab99a749266a148a4f04,2530,0.7794826825985988,0.903184402336026,0.003043320017920603,16
0xbb7797df392cced85a782528a43782d1f8d65b18,2499,0.5754261953657244,0.6911107205538856,0.002012382863312288,17
0x73ca14436b06a9c6ffa2e3a57e6514a82a1ac1cc,2494,0.6061943174306265,0.6918566005987192,0.002058908696188465,11
0x521981c71bfa4cbe07dd762388e3cec57801c69c,2483,0.6084035275116942,0.7362039969434879,0.001625666503065655,20
0xf7655547ff4eb35e1984ad9727a10937bbc2e6a1,2477,0.7837460500977597,0.946931606544522,0.003258537853478345,10
0x6195e397e225cac7a04af74cba2d7ddbba1a419a,2451,0.15473221604176984,0.18438715134359168,0.000937689596157598,27
0xdef564a9faf4e0fd51b8a94613715767bb746587,2421,0.724999672302234,0.8344703204573887,0.0024002047631093365,14
0x7a833ef6cc97e6c027d5fed9965fdad5ef84d889,2368,0.6635173208084739,0.7977757552100321,0.0019159819143958951,21
0x11e91a0ddcfdc8382c15e663748960eefdb875b3,2268,0.6188813198896173,0.6961196662392757,0.002121521971697884,10
0xed98a2d9b4bfe84ae1206e89da0ad9f3da6b7ba5,2262,0.7658467370421043,0.8567943364061599,0.004513948380313153,10
0xd94a60e9485f188a296a395a1e91234e6f7377f4,2236,0.6367887880090695,0.7296129423810683,0.0030464319066707346,13
0x34f4332b2e37a06080b300981e2aa4e1a4275df3,2227,0.32913397493117724,0.36937146871998583,0.00273128257459665,11
0xe1dd0511d6336f2efde6f1cd2d39aa43f388f849,2214,0.585462954127938,0.6839203811155647,0.0019168715498711474,10
0xde8b2bb6be7aad0a45205c425c36b64e086fac1a,2205,0.6317746537285501,0.7684012645659992,0.0016753122892643497,14
0xccdc158d50b59d60d37f12f7e27e5129c0360e63,2189,0.6490756474893725,0.7558764032539579,0.001431312153864946,21
0x29e1b9269d5f36d6e3e32ddb678bc99bb64ae415,2189,0.5544016739228844,0.664260678820073,0.008682922407464875,13
0x7a9f3a323dbeefecded2432e00cc2e53bfdf9977,2189,0.6659954484755554,0.7526761028945071,0.008188933907860897,13
0x9d6890aaa69bc450ba39170276d99349f753c812,2185,0.5816673650042596,0.7011469079537281,0.0019347222979192794,11
0x46f9e1120584ff3a8c33443268c4f035f5c623f7,2180,0.29830978646480966,0.3486006319950579,0.0015815768974379169,13
0x5eed51c23448098929d76c13fc08d1af1f08fd70,2164,0.6844109467036015,0.826658091139052,0.003602555858311321,14
0x2f91e2025c794498404dfe6b5e829c4bad5d2a12,2164,0.7158480088056239,0.8911726780808199,0.008598089296498777,13
0x956a6986a69b2feabc365f2931ceea3d38af1dce,2088,0.40209627816890087,0.4737077422746579,0.0012945036438779952,15
0xe67f141977da22e5c34d15c19b35f180a1532715,2080,0.61243692100839,0.7410384233211567,0.0018226191450936716,20
0xfeb494e0ae7b9a874229c98beaf4280559e9cd54,2067,0.5605546361108078,0.6530136263159804,0.0009591043136039853,23
0xe6781c6a6eda7821a2c17832e2e5edd8fa25c7ea,2063,0.6363200719902108,0.7863494621976868,0.0010829846580816917,20
0x1b7ca89aa121890b8572d326e363185cf4780c6a,2047,0.593890786560235,0.7068166804667821,0.029288843572489225,12
0x7bc09442df71264640d9a124eb1590f2afda7b73,2003,0.41344735299109786,0.4884190614106207,0.00264412574506162,11
0xc81d868f504f883a0bbc840e237d68ef2e0256db,1971,0.5463248515181489,0.6631914484483179,0.0017023171774100873,17
0x1d6d09763712ba519e102455c4282e1c318f19d0,1942,0.3363782031519438,0.39202187541012845,0.0018388816116558435,12
0xa29ad2c01df4ce377af83c9b0f5b285be3eef834,1932,0.4951539149204065,0.6033334829689974,0.0017614634819237659,11
0x9c52a098d3e0fd597828f474fbf1c8d2820bd176,1893,0.5726456813757229,0.6731511078876664,0.0019876170833158426,11
0xc3e4e81d859b580dd751329867403e6796eac6c7,1848,0.6022108516508731,0.7007132157851168,0.0024077226977902095,10
0x4c643d09ece75906a99382a3c2051bd60cba44f6,1842,0.6036604960259335,0.7350372061944672,0.002843179588164285,10
0x0100e22f222753f6021abeb3f7e4af4c57467cc9,1840,0.27266006573974233,0.31689122060797725,0.0014538809156022642,12
0x94cceebb564933e19b6760097ba410dd1b2c2fbc,1829,0.654711735883349,0.7631091490197676,0.0019327269860512386,12
0x94595c828c33abbb117756ecde52e401cd606388,1787,0.38476265634743906,0.47982427671138944,0.001156506668144735,17
0xb41bd4f1dd504db09fcb810c18aa355ff63b57a4,1688,0.3497289962818136,0.40129667519425094,0.0013386543734806157,10
0x1a1d5ef3256e1a7de2db2082d7a1eeb976c90111,1677,0.5584231822848431,0.6703864764548062,0.0015318557133724507,12
0xa2a4f977e039fd87dbb80c16c143f34b0eae6379,1648,0.47127433983646994,0.5285891472343618,0.0020418434880417366,11
0xecce117ca14c11b9a02b66e61b92908c89841588,1637,0.3858669604338647,0.4396585083613333,0.0013906115597805664,14
0xd708cf4c0b96a17c4acf3874235499f963df14b0,1618,0.4940011862515453,0.5971293506853086,0.001325760403744879,12
0x8e5aaf17213c9f77bc35f80d4ccbcbd43c5c5c1c,1614,0.4122411940800396,0.46995874984348807,0.001361518272432103,14
0xd71a41ec000089ae99873afb4d15cc7d54dd95bc,1585,0.5743018295336932,0.7124177787131062,0.0018506138364148897,17
0x5e8a79d92a33f44c73e1a330b64356d8c187a295,1565,0.4973672038918794,0.5801347453826802,0.0011394322421834184,18
0x4b62b6813d8940c3fb65066fadaa382e3e5301db,1545,0.10505563865918519,0.11737134538458967,0.0030664803021121026,12
0xe687b524903fea10a648326d90130ffabe0215f9,1542,0.5626560881515528,0.6728097730859175,0.002181326491938914,14
0xf44424eebee8ea4780ce03071069f4f5049deb25,1538,0.39955559744800695,0.4790426271352295,0.0013802162558528449,13
0xd809677d9c88ee8c0823143d06c9091e2d0a6163,1537,0.2523979880797794,0.2931029485595729,0.0011937866386102372,12
0xbc0a7a472bfcc6243bb28fca1d2f5e43edbe7553,1530,0.5640736539395652,0.7046205029223207,0.003658938350554205,10
0x54cf244ac1cc119b9f188618b16e9f7ac1012490,1527,0.39619605720601414,0.44253048094219494,0.002203051782229987,10
0x6c2dcdbac46fb6246f1b242adc26617b349d7950,1453,0.6749976357399492,0.8044037338635153,0.0022468196501356755,11
0x7505e9d72fc210958ca6a62cd1dcaacc6a41e0d4,1451,0.549266546368932,0.6962291831709034,0.0009827527044204336,11
0x71b117d68974aa4c5615669ae70e8e13ce7479c8,1448,0.7004795488400897,0.8332555216554569,0.0021006089016331023,15
0xa993ad31ef46873c0193448dbb2f04c0d3854731,1432,0.520195083140973,0.6206352912728978,0.001066703841076893,16
0x8f1f38234081d4af3a95a85936489d7a7c5e8553,1421,0.41965296923315787,0.48387196805098304,0.001670630566641241,12
0xb6b640dd26ce9ebec67155c1d6cf7f33da5827ed,1415,0.5187866127066371,0.6340501796409325,0.0016766822971432975,11
0xb05f958bd9f2c2f8a020b55216d2166610f9b8f7,1400,0.4236766357873656,0.494709178430609,0.002197790996192134,10
0x549de4f045f71d962fff89e8c023b52b9db89c2c,1365,0.563600490980698,0.6866642865312299,0.002057171776488162,13
0x1b032b4f150c12d9d2423341e2d0fb76fa124cfc,1294,0.4793234930151654,0.5768480926917681,0.0022395667877569162,12
0xfc134003fba27276c091ea036d3b912e1a02de1a,1289,0.5858160637125536,0.7298044712336904,0.0010448274136689358,12
0xb364676b038e845e13db108635eaac5648992ded,1282,0.6208946241929703,0.7790159047979616,0.0012890898736485335,13
0x9b30303788deb629efd67f7c1f0dbf15e9a67c01,1277,0.6144768531313887,0.7280869860495245,0.009281434378823072,12
0x0ac653267930825691c1a0d748397a22e472e352,1273,0.40872929746067244,0.49482688637240385,0.0008850820364821074,17
0x938a6fa1913b2477a2e1572ebe68ca624eedac58,1273,0.47927889897624326,0.575334768507629,0.00107766669763873,13
0x487033d8ed8c955098148e87fa66f54b046d5c41,1267,0.6934746637660685,0.8524626934999415,0.007792219390762057,10
0x59ef6e93620b40b07209cec8f4ebd230d00e7b11,1266,0.4001559558778701,0.4552541730926448,0.0013206252556768113,11
0xe1d39d2b30da977d470e0652239372b7ad4b7766,1254,0.6553481473288845,0.8184096721827511,0.001717413475076133,14
0xef96d013bdb1a5dfe553999f19b5091b9a299383,1225,0.7061143600494069,0.8286913302481453,0.002652471188270311,10
0x333c8da9459499879eacb1cdd6078d95a9c967ea,1218,0.6100044707444512,0.715670484738165,0.0012301764536519037,12
0x6ecba7527448bb56caba8ca7768d271deaea72a9,1162,0.5918040654949711,0.7167092890841184,0.001705978921990914,12
0xcfeeda636d882d4b2daba31b00fc1a0c25d11224,1116,0.6213428090234654,0.7750706902182941,0.002049328794026247,11
0x74883f76a1ed9fb1837b98270dc9ef22f903dd09,1089,0.7060950921925484,0.891987507634704,0.006255004204284354,13
0xa6af8fee43c7bef4e550e3d3336606fb80873d18,1042,0.47071526218759363,0.5695129938904555,0.0011285641350030078,12
0xd0f0e27184ad751fdf7dce2a639a90aa2cff4a09,1036,0.3583106084112603,0.40873170535429093,0.0012025007347791022,10
0x71fb406e3e70058fb716a9f79f034f0a88685234,958,0.6126362833389429,0.761917339920635,0.0024620907981069908,10
0x7806eeb0cdfb52dbe14ed12359526eea55612cf3,917,0.6313898359237902,0.8069377226222912,0.0014411219286539695,11
0xbd551ef64b688f998581694d1fc81a0f5d4bd234,886,0.42700061921820387,0.5081124762081448,0.0012793622713488614,10
0x3bb32e260511874126a59785abf23df96a139c6b,871,0.4952017379816711,0.6200602855079257,0.0012087866640300047,10
0xe7436afad54fec84a67be7866ad21f4fb0d3efc6,842,0.6095126126116208,0.764708409342375,0.0012702435180741486,10
0x7f61c154ad14e817162a018122819ff8eddf28d6,841,0.546700912582402,0.665864967089735,0.0014248608161922405,10
0x459133d2d27349f82a566789f8b80ba4e9532f72,837,0.4463626412312412,0.5416286705433362,0.0013236841535365087,11
0x7c4b744bd53a4182a3e9b6a1b1ee0bb96fe98e2e,827,0.48915775530971595,0.5987857789418154,0.0009999431808000192,12
0x3b2e0b95acd47d987c1abdf42967fd82d469bdbb,731,0.5283392686025838,0.6629567229286113,0.0020246396181853093,10
