d,buy_sz,sell_sz,buy_usd,sell_usd,n_buy,n_sell,volume_usd,net_usd,buy_share,z_hac
2026-05-04,4246.103,3153.693,669970.92819,492666.225,1074,625,1162637.15319,177304.70319000003,57.62510911953562,0.8832062360559388
2026-05-05,4047.167,5391.301,663349.03864,875357.06201,2827,3870,1538706.10065,-212008.02336999995,43.11083437959852,-1.9192366406529127
2026-05-06,12276.109,9137.725,2291247.67366,1689626.04795,2428,2081,3980873.72161,601621.6257099998,57.55640178240423,1.877978554662307
2026-05-07,8479.552,14645.289,1563825.60521,2685191.29364,1852,3344,4249016.8988499995,-1121365.6884299999,36.80441011268397,-3.6314516107332246
2026-05-08,7757.422,4849.574,1486343.91858,921927.80149,2624,1502,2408271.72007,564416.1170900001,61.71828146272453,2.2978450847941048
2026-05-09,510.873,503.65,105534.0729,103550.50442,156,217,209084.57731999998,1983.5684800000017,50.47434595736925,0.07082467393592155
2026-05-10,1264.193,3188.269,255334.63804,641067.05812,388,743,896401.6961599999,-385732.42007999995,28.484399252455784,-4.202111778143948
2026-05-11,7635.18,8543.581,1504458.64267,1673409.21282,2401,1725,3177867.85549,-168950.57015000004,47.34176218406745,-0.6381328795135072
2026-05-12,13335.624,20236.229,2464419.78909,3717044.51947,5182,4747,6181464.308560001,-1252624.73038,39.867896441257585,-2.648243444730501
2026-05-13,17456.344,32989.661,3325282.14969,6331870.30597,6297,7048,9657152.45566,-3006588.15628,34.433360816842765,-3.1204084024465506
2026-05-14,10132.854,8231.584,1999148.17924,1617122.44993,3380,3543,3616270.6291699996,382025.7293100001,55.282040097171624,0.9977905629258335
2026-05-15,10339.584,15763.786,1917194.8171,2917647.95049,2822,4832,4834842.76759,-1000453.1333900001,39.65371593781228,-1.8324917473478766
2026-05-16,895.78,1057.638,164276.42702,193140.98184999998,1563,1488,357417.40887,-28864.55482999998,45.96206646435364,-0.5257035992007738
2026-05-17,2313.843,2935.019,424627.42872,537181.34723,1710,2193,961808.7759499999,-112553.91850999993,44.14884115614209,-0.9760599109161394
2026-05-18,25055.092,27413.577,4632411.87453,4991030.13126,5598,4872,9623442.005789999,-358618.2567300005,48.136746413007764,-0.33383539557093744
2026-05-19,12398.369,11555.323,2279172.42569,2113753.0222,6774,6165,4392925.44789,165419.40348999994,51.882793202983365,0.5096903148437966
2026-05-20,20018.641,25143.595,3735184.87172,4628084.57397,8129,6540,8363269.44569,-892899.7022500001,44.661778458482196,-1.4138426345651356
2026-05-21,9923.278,8858.221,1966560.02073,1749342.74298,3930,3277,3715902.76371,217217.2777499999,52.92280626758284,0.6286437632171007
2026-05-22,7855.801,9335.095,1523872.38297,1801783.49588,2845,2674,3325655.87885,-277911.11291000014,45.82170971630864,-0.8475455765601081
2026-05-23,3293.535,4181.836,619511.42451,782144.24666,2483,2141,1401655.67117,-162632.8221499999,44.198545852054885,-0.9942655565069095
2026-05-24,6228.676,6270.788,1238116.98725,1236594.25636,1633,1563,2474711.2436100002,1522.7308900000062,50.03076582962823,0.0034121545554751144
2026-05-25,21316.196,19203.309,4104131.11475,3567928.83229,3621,3424,7672059.94704,536202.2824600004,53.49451311747685,0.6566839554422058
2026-05-26,13371.048,9315.122,2747084.13992,1906608.76727,3912,3293,4653692.90719,840475.37265,59.03019805358727,2.171097292292812
2026-05-27,10691.516,17006.041,2226229.33814,3537029.21781,5376,4432,5763258.55595,-1310799.8796699997,38.62796222879219,-1.5924551999329
2026-05-28,16170.535,17674.139,3279065.70729,3536806.72335,4810,5035,6815872.43064,-257741.0160600003,48.1092588022822,-0.38332951389940395
2026-05-29,11460.124,8758.704,2402088.69677,1829687.86186,4391,4284,4231776.55863,572400.8349099997,56.76312686858057,1.2904625803543157
2026-05-30,1165.226,756.215,251886.58339,163620.71786,462,441,415507.30125,88265.86553000001,60.62145782570651,1.405191169871033
2026-05-31,3558.668,4844.838,764779.56419,1044793.22421,1616,1349,1809572.7884,-280013.66002000007,42.262989866586565,-1.2150906900032974
2026-06-01,23863.975,18767.907,5619079.91536,4382834.89378,8573,7047,10001914.80914,1236245.0215800004,56.18004174785756,1.686445799067608
2026-06-02,31336.948,29712.594,7528253.89107,7116880.9725,21770,16913,14645134.863570001,411372.91856999975,51.40446954706199,0.6841186604560557
2026-06-03,28001.729,30104.173,6918835.93446,7350779.49936,24192,19092,14269615.43382,-431943.56489999965,48.48649192088154,-0.7625919592205788
2026-06-04,33999.809,53477.016,7823443.62701,12286781.0584,27095,29193,20110224.68541,-4463337.43139,38.90281560447169,-7.966975918148709
2026-06-05,52018.015,68041.512,10973516.1706,14336542.08819,31634,32646,25310058.25879,-3363025.9175899997,43.35634496925339,-4.762403366943456
2026-06-06,6547.927,3358.1240000000003,1262493.74691,650045.60467,1864,1401,1912539.35158,612448.14224,66.01138668686843,1.1603614362733765
2026-06-07,33320.509,26354.838,6488173.06863,5130026.93523,21856,15032,11618200.00386,1358146.1333999997,55.8449077006282,1.3642546544776197
2026-06-08,56767.298,50747.771,11367301.81433,10129400.25876,28300,26664,21496702.073090002,1237901.5555700008,52.87928248566004,1.9802528169199662
2026-06-09,50403.71,59156.321,10349337.01694,12065271.363260001,28813,28235,22414608.3802,-1715934.3463200014,46.1722856870527,-2.3119987722302726
2026-06-10,57099.115,65465.839,11282683.12526,12942068.53249,28798,29293,24224751.65775,-1659385.407230001,46.575020807903456,-2.84503614518308
2026-06-11,66333.263,67356.977,13391290.54997,13615981.56372,26764,26461,27007272.11369,-224691.0137500018,49.58401756977872,-0.3655926446667385
2026-06-12,56352.429000000004,55869.759,12161513.39703,12062948.40036,21577,22904,24224461.79739,98564.99667000026,50.20344104544898,0.19166543086404833
2026-06-13,5980.9619999999995,6897.465,1304430.00655,1503109.83114,4124,5067,2807539.83769,-198679.82458999986,46.46167399082268,-1.528862852783756
2026-06-14,15223.75,14404.828,3408081.06329,3222022.1775,9244,7424,6630103.24079,186058.88578999974,51.403137168704404,0.6034769437602522
2026-06-15,40045.76,37984.65,9052949.12281,8590878.19689,16010,15175,17643827.319700003,462070.9259200003,51.30944073966332,0.8067047927199772
2026-06-16,53895.592,61119.596,11988166.57622,13563838.00924,17498,17227,25552004.58546,-1575671.4330199994,46.916736164964895,-1.9742294987407631
2026-06-17,49253.27,47293.219,11084269.78545,10637738.69938,20451,16796,21722008.48483,446531.0860700011,51.0278310276461,0.8483903049575203
2026-06-18,63935.049,61486.544,15121358.90613,14556066.3441,25072,20399,29677425.25023,565292.5620299987,50.95239488814081,0.7759900256818468
2026-06-19,61320.114,55336.129,14440086.63098,13014739.57915,23567,17787,27454826.21013,1425347.0518299993,52.59580417832711,1.696216329307971
2026-06-20,17645.562,16885.324,4211363.28319,4027386.99545,9261,8329,8238750.27864,183976.28774000006,51.11653030810378,0.46525383254682934
2026-06-21,19327.416,21432.832,4564794.08161,5024914.69149,12574,7856,9589708.7731,-460120.60988000035,47.600966719809676,-1.2177721409878064
2026-06-22,59655.509,60705.05,13892648.2694,14129642.51184,25270,26500,28022290.78124,-236994.24244000018,49.57713264006478,-0.3178468231078848
2026-06-23,122818.639,118699.568,25965573.26796,25138052.18098,41259,33763,51103625.44894,827521.0869800001,50.80965007835581,0.71594759976968
2026-06-24,125982.106,133235.888,27849252.17674,29522771.79183,34646,43257,57372023.968569994,-1673519.6150900014,48.54151945553917,-1.3755090242420729
2026-06-25,106243.129,103761.239,24416960.82901,23806263.572,27765,27658,48223224.40101,610697.257009998,50.63319828215096,0.4476276796741703
2026-06-26,84630.345,83810.968,18531879.63834,18378583.8109,25123,27439,36910463.44924,153295.82744000107,50.207659039083616,0.1924606581291997
2026-06-27,6687.913,8179.941,1505246.11687,1837602.97196,4011,5633,3342849.08883,-332356.85508999997,45.02883848091502,-1.4778413452507653
2026-06-28,30404.742,23726.422,6799119.68384,5285152.01184,10221,10568,12084271.69568,1513967.6720000003,56.26420735202945,1.859233363698734
2026-06-29,104749.235,111071.265,22052442.07436,23348894.64822,25549,23817,45401336.72258,-1296452.573859997,48.57223083344238,-0.6013086132510685
2026-06-30,71296.783,81504.214,15428215.279,17633847.36341,18028,20296,33062062.64241,-2205632.0844100006,46.664406410051456,-2.31331077410709
2026-07-01,115087.328,119218.69,23229220.08677,23952846.7716,29083,28360,47182066.858370006,-723626.6848299988,49.233154953764355,-0.5112125546740629
2026-07-02,180931.612,178493.889,34093050.68026,33486851.02102,47471,48643,67579901.70128,606199.6592400037,50.448505875252344,0.3906845322714056
2026-07-03,111231.441,130029.609,21939919.74668,25628693.24814,28029,30528,47568612.99482,-3688773.501460001,46.12268125006957,-3.2737511104450485
2026-07-04,6417.554,7253.079,1312437.33533,1482872.75603,3803,4322,2795310.09136,-170435.42070000013,46.95140404589105,-0.8171012840860618
2026-07-05,34427.879,35573.533,7200630.13168,7433504.48399,14593,17992,14634134.61567,-232874.35231,49.20434532541254,-0.3034485358122899
2026-07-06,185024.848,182697.677,38227975.48364,37740710.24014,47846,47627,75968685.72378,487265.2435000017,50.32070137771745,0.2881753831819196
2026-07-07,209492.692,221570.868,40518662.75139,42776509.17817,50782,50357,83295171.92956,-2257846.4267800003,48.64467148906939,-1.4603790480197658
2026-07-08,278842.44,277788.848,52057439.87158,51830527.63319,57113,55628,103887967.50477,226912.23838999867,50.109210067267696,0.12037421404115176
2026-07-09,252315.084,257293.494,47870568.36281,48723048.41379,46977,47660,96593616.7766,-852480.0509800017,49.5587285788503,-0.3803117650746918
2026-07-10,186089.743,185206.109,35463511.42667,35284017.16719,40733,39132,70747528.59386,179494.25947999954,50.12685549802766,0.13860299235441892
2026-07-11,8623.547,8674.622,1646617.89316,1654870.73747,5768,4720,3301488.63063,-8252.844310000073,49.87501328592452,-0.04510706509704718
2026-07-12,28451.349,28257.249,5389092.9847099995,5355780.7315,10361,9263,10744873.71621,33312.25320999976,50.15501463344209,0.06955140262592399
2026-07-13,328074.903,312807.621,57755158.49339,55196650.30486,61184,56124,112951808.79825,2558508.188529998,51.13256627572025,1.3468435692123826
2026-07-14,331324.594,321933.309,59208540.46764,57326224.33834,63187,65300,116534764.80598,1882316.1292999983,50.807619997532015,0.9922617457097294
2026-07-15,192119.206,220855.818,34804268.83724,39974395.77788,49904,51488,74778664.61512,-5170126.940639995,46.54304675855725,-3.179320658832223
2026-07-16,242537.962,226764.011,41451904.85589,38723031.93723,60298,58353,80174936.79312,2728872.91866,51.7018241783598,1.4968032976243875
2026-07-17,275192.132,289594.985,45226283.00325,47560241.33233,78635,78801,92786524.33558,-2333958.3290800005,48.742296715071035,-1.4145192052752682
2026-07-18,18900.472,19826.259,3169588.95787,3321079.22925,7609,7870,6490668.18712,-151490.27137999982,48.83301482210556,-0.381051685737378
2026-07-19,66007.941,60418.948,10965827.59962,10008909.03673,16199,17491,20974736.63635,956918.5628899988,52.28112175966878,0.974348732272967
2026-07-20,194798.436,179756.714,32676941.38615,30197411.60956,55463,55197,62874352.99571,2479529.776589997,51.971813353498185,2.381506222609585
2026-07-21,163633.387,163601.86,28773550.44174,28747559.38293,48357,48730,57521109.82467,25991.058809999377,50.02259262633251,0.022826756908049663
2026-07-22,161662.089,157104.721,29052526.66737,28281813.24934,50830,51262,57334339.916710004,770713.4180299975,50.67212199455825,0.6076721373245703
2026-07-23,140900.874,147290.224,25645075.102140002,26827941.18383,39453,41265,52473016.28597,-1182866.0816899985,48.87288156331289,-1.139298591098585
2026-07-24,193852.449,178519.426,33143189.67145,30507526.74609,50035,41948,63650716.41754,2635662.9253600016,52.070411044606644,2.0965714836312137
2026-07-25,18993.86,20506.684,3218390.73375,3475545.28177,9367,9542,6693936.01552,-257154.54801999964,48.079197743870104,-0.7174128456904191
2026-07-26,29546.227,29352.237,5156728.24911,5121126.27364,12153,9719,10277854.522750001,35601.97546999995,50.173197506304426,0.07713662769437934
2026-07-27,232193.317,266756.558,39022476.84653,44661776.97467,60459,64063,83684253.8212,-5639300.1281400025,46.63060858486654,-3.148590448668562
2026-07-28,439373.799,381033.989,66605433.41369,57767293.97695,88522,75745,124372727.39063999,8838139.436740004,53.55308580191398,4.0164235845628165
2026-07-29,953963.543,996793.175,138538314.40067,144575661.26016,138237,138054,283113975.66083,-6037346.859490007,48.93376036181224,-1.4493643601053459
2026-07-30,821792.498,853163.06,126118575.92048,129741611.38337,102458,100572,255860187.30385,-3623035.462889999,49.29198921077405,-0.7566821502378038
2026-07-31,801390.85,808849.147,140548524.51096,141678670.76867,104354,107241,282227195.27963,-1130146.25770998,49.799780765884336,-0.2306948848327878
2026-08-01,27291.459,34869.928,4448880.78003,5671230.52396,11012,10685,10120111.303989999,-1222349.7439299999,43.96078903080804,-1.2248163349922716
2026-08-02,90708.887,92841.961,15582699.85908,15968005.58356,22350,22750,31550705.44264,-385305.7244799994,49.38938651438318,-0.35831256732437083
2026-08-03,321440.035,343162.076,53616602.54752,57212352.82793,58251,56414,110828955.37545,-3595750.2804100066,48.377792938574196,-1.7808557086882735
2026-08-04,383276.779,378777.493,65193021.70078,64491340.80962,51451,47601,129684362.5104,701680.8911599964,50.2705341174437,0.22018884763279875
2026-08-05,229096.612,243546.916,39539495.84621,42001940.49408,41039,40511,81541436.34029001,-2462444.6478699967,48.49006544501271,-1.3740843529788054
2026-08-06,297820.507,298168.489,49076963.39248,49047057.9309,47084,49807,98124021.32338,29905.461580000818,50.015238603746916,0.01409839556998633
2026-08-07,228205.864,222838.911,37547964.26966,36643380.58854,38647,36697,74191344.85820001,904583.6811200008,50.609628847440966,0.4541508354751267
2026-08-08,10758.652,16899.618,1801682.57822,2832482.31748,3719,5687,4634164.8957,-1030799.7392600002,38.87825786889381,-2.6739565837812287
2026-08-09,37126.985,28918.045,6224702.72599,4847707.67569,6781,8713,11072410.40168,1376995.0503000002,56.21813589067774,1.617319520952252
2026-08-10,197111.792,217965.635,32106316.8088,35494941.01106,33972,33840,67601257.81986,-3388624.202259999,47.49366778700345,-1.8394812033497874
