feat,h,metric,grad_signal,grad_queue,ratio_signal_over_queue,vmin,vmax
obi,0.1,fill_rate,3.559372262356293,3.6177196118772112,0.9838717878164576,0.07649372504700663,9.322748518286513
obi,0.1,ret_mid,0.1867863792296375,0.008277385151422737,22.565867820894162,-0.14172557997842786,0.15038808674568727
obi,0.1,ret_micro,0.20345470544262312,0.03587504054561955,5.67120489198905,-0.22440715536406516,0.15048917452662053
obi,0.1,pnl,0.41093363439517794,0.346204725805144,1.1869671433268234,-0.5391174339375551,0.3096713551709987
obi,0.5,fill_rate,9.489720906906328,11.645812849386381,0.8148611891360028,0.2583513874974708,25.834417513933726
obi,0.5,ret_mid,0.5441339093098664,0.047228896503509185,11.52120734536824,-0.43614329518151196,0.3761228459351171
obi,0.5,ret_micro,0.4321400792760245,0.07577315119991056,5.703076517643027,-0.3935577465058773,0.2906050767776228
obi,0.5,pnl,0.570026672384785,0.38374275539534386,1.4854395669242684,-0.9581511903476149,0.006099916989067676
obi,1.0,fill_rate,13.167024965628016,18.308301039441126,0.7191833331373902,0.5036310291987554,36.235759919368114
obi,1.0,ret_mid,0.6990871255336583,0.06529336183276457,10.706863698092697,-0.5634635234350849,0.48396309578673563
obi,1.0,ret_micro,0.4781445070380071,0.09115114051075436,5.245622867237671,-0.4069841387849657,0.30788866728256004
obi,1.0,pnl,0.38526322709869876,0.4054698113306681,0.9501650094105514,-1.1510631941270169,-0.2726311113419593
obi,3.0,fill_rate,19.585716433150175,29.167884443372355,0.6714822417503276,1.3781684301958306,52.64087829833712
obi,3.0,ret_mid,0.9054375403833134,0.10332672814131033,8.76285891047504,-0.7149680502353198,0.5532236516012194
obi,3.0,ret_micro,0.5345051052486252,0.1325613928342677,4.032132537388768,-0.46397967153112873,0.303625707431451
obi,3.0,pnl,0.5532676455322505,0.5513460618271806,1.003485258784114,-2.0820539326878995,-0.7555493178494712
obi,5.0,fill_rate,22.4633416486889,34.74530488090627,0.6465144492380976,2.2436031892133323,60.53304741367194
obi,5.0,ret_mid,0.9917605089427616,0.1274612215860068,7.780880306984606,-0.7813808853520453,0.6165497558170443
obi,5.0,ret_micro,0.566384941432565,0.15175291425126414,3.73228378662156,-0.47470143128168457,0.3116549821614872
obi,5.0,pnl,0.9400702964582512,0.7109579107192596,1.3222587192358601,-2.7153239511870026,-1.0208208110092083
obi,10.0,fill_rate,25.61037797133026,40.90523782754041,0.6260904307488825,4.362343232531625,70.51542582671347
obi,10.0,ret_mid,1.121577390081591,0.15274041041331254,7.343029831114272,-0.8612778599554073,0.7009377295073952
obi,10.0,ret_micro,0.5848458914188246,0.18819291482080175,3.107693464314094,-0.5109155364524803,0.3497665140403088
obi,10.0,pnl,1.6811084144716801,0.9459998740985545,1.7770704420797225,-4.000584215336078,-1.3804401725764748
obi,30.0,fill_rate,26.987826055992386,44.00448430755635,0.6132971782459474,11.726284660595843,83.17405992536445
obi,30.0,ret_mid,1.3191787484356188,0.2345488672700743,5.6243236805600665,-0.8956595304491746,1.129619413993438
obi,30.0,ret_micro,0.5876924694003031,0.25673507928117045,2.2891007767453373,-0.48077014243223753,0.4326808948623964
obi,30.0,pnl,2.7859183981962303,1.5517214312575147,1.7953727660631218,-5.974619556245193,-1.75716377499848
obi,60.0,fill_rate,24.48867303871546,40.024091608151785,0.6118483157211194,20.043960929106827,88.26008864101193
obi,60.0,ret_mid,1.377186188930711,0.3189907835005751,4.317322819855791,-0.936092663782041,1.1467524447174677
obi,60.0,ret_micro,0.6229432866796172,0.3425634086235241,1.8184758529310103,-0.6191330720552294,0.49747655749070924
obi,60.0,pnl,3.254767857282273,2.0593429156416687,1.5804885298901872,-7.214183897741465,-1.9993787328994537
ofi_10s,0.1,fill_rate,0.36290718006655776,5.7503832769947625,0.06311008546481071,0.2531830821015659,6.767437924118935
ofi_10s,0.1,ret_mid,0.040451508900066616,0.08190718513777323,0.4938700900540598,-0.0969790176699291,0.0558328369216221
ofi_10s,0.1,ret_micro,0.04056478645383242,0.06686622290032315,0.6066558674071058,-0.04120377833562243,0.0952044419916601
ofi_10s,0.1,pnl,0.26005625065889965,0.3060742301826456,0.849650918026371,-0.4823788594449886,0.17329069944150702
ofi_10s,0.5,fill_rate,1.4416716142553394,16.49218087203549,0.08741546223882797,0.9146787648177959,20.48901586454866
ofi_10s,0.5,ret_mid,0.13603741832865493,0.25826770021276235,0.5267302810865879,-0.29935256317268677,0.18441522953620498
ofi_10s,0.5,ret_micro,0.11833366723303898,0.12192095661212354,0.970576925585508,-0.09200304570830857,0.18162163015294078
ofi_10s,0.5,pnl,0.45671170379268716,0.29362089092857724,1.5554468973523463,-0.9370323767131689,-0.1460430587089879
ofi_10s,1.0,fill_rate,2.0869991761716626,24.192936678471348,0.08626481373089476,1.555611255108945,30.253743056303566
ofi_10s,1.0,ret_mid,0.2101011041705516,0.3345886916504687,0.6279384492469212,-0.4000913947440511,0.2410682228715388
ofi_10s,1.0,ret_micro,0.17983679288366314,0.11553112891914977,1.5566089811994768,-0.12041652380718844,0.2220686427708245
ofi_10s,1.0,pnl,0.49937881602453793,0.3138421087962474,1.591178500360972,-1.2120865491361328,-0.36566890788182793
ofi_10s,3.0,fill_rate,3.3059351776536126,36.03859880142771,0.09173317741539508,3.815254352704929,46.04222447911858
ofi_10s,3.0,ret_mid,0.37690134034874745,0.43172279543438824,0.8730170014986564,-0.5563774811426137,0.36482071587387616
ofi_10s,3.0,ret_micro,0.33490665235393136,0.09141459223886533,3.6636016652442525,-0.18920976212465204,0.2958116562350074
ofi_10s,3.0,pnl,0.6923816240774056,0.5008347626939739,1.382455204093876,-1.903437231747966,-0.6832216717798346
ofi_10s,5.0,fill_rate,4.083379424327781,41.460964129618176,0.09848732440379422,5.823571599330624,54.16717961344331
ofi_10s,5.0,ret_mid,0.48085651315838973,0.4749243593080787,1.0124907340169993,-0.6260399031108319,0.4383073699446864
ofi_10s,5.0,ret_micro,0.4350696932127167,0.07916339216793927,5.4958444970340405,-0.2341523238690561,0.3415365000389877
ofi_10s,5.0,pnl,0.8622742436874489,0.700316832498973,1.23126305648053,-2.397857706398057,-0.8692745576123915
ofi_10s,10.0,fill_rate,4.998923840181433,46.93439950150976,0.10650874184553338,10.228104212458723,64.8494610968897
ofi_10s,10.0,ret_mid,0.6551772810054783,0.5393025449811059,1.2148603545500274,-0.7094617536616287,0.5827210726812705
ofi_10s,10.0,ret_micro,0.6005442435299609,0.06644793427455045,9.037816601621117,-0.32811973819973883,0.44386178382030006
ofi_10s,10.0,pnl,1.1765687694087557,0.9723764376784945,1.2099930889088195,-3.3850945181983016,-1.2002764087090765
ofi_10s,30.0,fill_rate,4.8571227349022905,48.57474690187222,0.09999275435679279,22.21954913370193,78.79862283406793
ofi_10s,30.0,ret_mid,0.9425588830934397,0.5359063627378069,1.7588126371147197,-0.683024874173764,0.8245462679221424
ofi_10s,30.0,ret_micro,0.8722051461278556,0.1344484393525544,6.487283529121043,-0.43202954140367167,0.6974455552715874
ofi_10s,30.0,pnl,1.6199261038214168,2.0117697717110765,0.8052243982389775,-5.108068770062665,-1.579938517832788
ofi_10s,60.0,fill_rate,4.414817086698925,43.23773429783216,0.10210565281447398,33.346815697531135,84.96986993255382
ofi_10s,60.0,ret_mid,1.168620246756148,0.537469183586395,2.1743018622169976,-0.7604924289711565,1.0108779576912446
ofi_10s,60.0,ret_micro,1.077239503346846,0.2159502844392255,4.988368068808965,-0.5780597735458674,0.7600978241375471
ofi_10s,60.0,pnl,1.8291513574391254,2.602565371614852,0.7028262872429464,-6.19001769826487,-1.7783885647684645
ai_net_10s,0.1,fill_rate,2.0024950103951573,8.483122615396857,0.23605635580000123,0.0,10.48675292667899
ai_net_10s,0.1,ret_mid,0.05735897795455624,0.12601573717567113,0.45517313345233584,-0.10970374448267418,0.06658890964871574
ai_net_10s,0.1,ret_micro,0.028533279392080543,0.036881565200762745,0.7736461084761784,-0.05308055793572458,0.07108350315491142
ai_net_10s,0.1,pnl,0.4459705267327724,0.578650977638499,0.7707072898291789,-2.6911261334806027,0.4418254016490138
ai_net_10s,0.5,fill_rate,5.510069267394638,23.827011699878607,0.23125305585100753,0.10172939979654119,29.145728643216078
ai_net_10s,0.5,ret_mid,0.183573474423893,0.4115268094669168,0.44607901648422427,-0.36196762586766174,0.19247092118972345
ai_net_10s,0.5,ret_micro,0.06907727729517454,0.058632283609651364,1.1781440708511624,-0.1676754995845497,0.1325933661961895
ai_net_10s,0.5,pnl,0.9908824944111769,0.3650356198410143,2.7144816575509556,-2.9699893927535648,-0.3856186357481136
ai_net_10s,1.0,fill_rate,8.128823218469595,34.16159796146583,0.23795207787524697,0.10172939979654119,41.74603174603175
ai_net_10s,1.0,ret_mid,0.22877493414036834,0.53155004479155,0.4303920889143817,-0.4649393677116181,0.23360717380400778
ai_net_10s,1.0,ret_micro,0.10283283437220628,0.08308737426418292,1.2376469383331468,-0.23636090151314793,0.1389327448512134
ai_net_10s,1.0,pnl,1.0944764829216989,0.44379182924364013,2.4661934060098143,-3.5962887493326083,-0.5877220682460778
ai_net_10s,3.0,fill_rate,12.632326936115573,48.615154164280774,0.25984339972322823,1.2874251497005988,59.97354497354498
ai_net_10s,3.0,ret_mid,0.29537952261005923,0.6930005894101211,0.4262327148400911,-0.6410706514018082,0.38088795128757763
ai_net_10s,3.0,ret_micro,0.184085217137833,0.1485647223708042,1.239091045304637,-0.34217192659794227,0.18784858305558944
ai_net_10s,3.0,pnl,1.4994667216350934,0.6272535799526884,2.3905271640668726,-4.332013698212921,-0.9432823714619286
ai_net_10s,5.0,fill_rate,14.857334353191188,54.47927618248328,0.27271534047965684,2.035928143712575,68.04232804232804
ai_net_10s,5.0,ret_mid,0.3272554826983627,0.7468667733055394,0.4381711630442075,-0.6352040014541582,0.46164678660385017
ai_net_10s,5.0,ret_micro,0.2305794067617738,0.18393794885722842,1.2535716973812088,-0.3489352848061801,0.2590095607779117
ai_net_10s,5.0,pnl,1.7450955779376867,0.8876399823918897,1.9659947867999863,-4.944572376533589,-1.192786382778947
ai_net_10s,10.0,fill_rate,17.66113850828407,60.020691297195775,0.2942508346135829,3.7125748502994016,76.74603174603175
ai_net_10s,10.0,ret_mid,0.4029547302696799,0.8150452724195104,0.49439551875871235,-0.6872498278341149,0.5997461489076031
ai_net_10s,10.0,ret_micro,0.3158649705645564,0.25770157543430794,1.2257005803407486,-0.342944750133732,0.3768819234888408
ai_net_10s,10.0,pnl,2.207010963916853,1.519235911096342,1.4527111607862038,-6.304431197382754,-1.4507525296450376
ai_net_10s,30.0,fill_rate,20.371304032216173,60.227873290168844,0.338237147011157,9.625187406296853,86.95767195767196
ai_net_10s,30.0,ret_mid,0.6679260073653122,0.8117073470976873,0.8228655435404463,-0.853259703763572,0.6856593344940444
ai_net_10s,30.0,ret_micro,0.6168761648077682,0.2217039216175738,2.7824323553096333,-0.47115416999719995,0.5811542740112885
ai_net_10s,30.0,pnl,3.202952817902334,2.8935840794083556,1.1069154135508081,-8.025333736256856,-1.4538970508880857
ai_net_10s,60.0,fill_rate,20.277348429924288,54.574417383727294,0.3715540980923138,15.322338830584709,90.7936507936508
ai_net_10s,60.0,ret_mid,0.8888519424612173,0.8706978813222013,1.0208500118450365,-1.0728926129367553,0.8643742573295086
ai_net_10s,60.0,ret_micro,0.9640730132966102,0.2627224383413254,3.669549580093725,-0.7053226144635191,0.9485300771172523
ai_net_10s,60.0,pnl,3.7191723975311675,3.7059882557495567,1.0035575238969408,-8.634901531808906,-1.538342103623134
