wid,n_days,n_ord,n_slot,n_fill,n_canc,n_rf_fill,n_rf_canc,n_rf_same,n_rf_fill_same,sz_pl,sz_fl,szt,n_ep,n_modal,ep_child,ep_child_max,rf_fill,rf_canc,same_sz_share,modal_share,turnover_s,ord_per_slot,rf_ratio
18638,44,44252,29571,21,44231,0,35,35,0,709297300,304846,8.406993711336145e+19,40565,15188,1.0773494238530317,6,0.0,0.0007913002193032036,1.0,0.34321612582482147,0.008436990966742016,1.4964661323594062,0.0
5660,31,42372,29697,0,42372,0,7,7,0,429513773,0,4.830731255129819e+19,41369,255,1.0174203904295527,5,,0.0001652034362314736,1.0,0.006018125177003682,0.008891278572863964,1.4268107889685826,
25307,32,78082,50408,16252,61830,3,4829,74,2,231899684,60109874,4.2180712086897787e+18,68832,352,1.0586524802119048,16,0.00018459266551809007,0.07810124535015364,0.015314569536423841,0.0045080812479188544,0.054977659818131165,1.5490001587049675,0.0023635047647511927
14163,6,11105,2340,257,10848,0,272,193,0,113628732,3880916,4.520615164764343e+17,6645,10759,1.4634663942449722,12,0.0,0.025073746312684365,0.7095588235294118,0.9688428635749662,0.25135679074315403,4.745726495726496,0.0
143,75,4365639,681152,8494,4357145,0,427199,422190,0,178310590801,423404745,2.7144106102685316e+20,2903794,62867,1.5627782279366955,39,0.0,0.09804562391198823,0.9882747852874187,0.014400411944276657,0.6569035286203809,6.409199415108522,0.0
280,98,73170,53488,799,72371,1,264,142,0,25060539,146347,5.88064326040555e+17,71099,8692,1.027659882641471,10,0.0012515644555694619,0.0036478700031780686,0.5358490566037736,0.11879185458521252,0.0426153022556783,1.3679703858809453,0.3430945879318846
161,33,1337963,276650,33820,1304143,579,18764,2067,114,109178219365,277870961,4.05431365372396e+21,1137441,77596,1.1783299709202284,33,0.017120047309284448,0.014387992727791354,0.10686036292198728,0.057995624692162635,0.02692890306222801,4.8363021868787275,1.1898843454525767
11144,7,28197,12960,3601,24596,27,489,265,21,14521526,1273589,3.195855625272374e+17,24332,1503,1.2605987549832045,18,0.007497917245209664,0.019881281509188487,0.5135658914728682,0.053303542930098945,0.04543861708008906,2.1756944444444444,0.37713450421917566
8411,51,10177,9242,0,10177,0,0,0,0,40795478,0,2.945825020582867e+19,10149,238,1.0032866011685315,3,,0.0,,0.023386066620811635,0.0013848574750691784,1.1011685782298204,
688,85,1438445,360690,9314,1429131,70,18768,7779,35,2438694999,25841056,2.566443631126185e+19,1126571,471539,1.2509457407610136,256,0.00751556796220743,0.01313245601697815,0.41294192589446865,0.3278116299198092,0.09502234802366855,3.9880368183204413,0.5722895970480321
18775,47,53499,36112,21,53478,1,37,37,1,563005999,203994,6.493494034202939e+19,49199,14315,1.070955045490501,7,0.047619047619047616,0.0006918732936908635,0.9736842105263158,0.2675750948615862,0.008670309020605846,1.4814743021710235,68.82625482625483
5246,88,9883137,827700,13401,9869736,444,292604,1911,4,58952136510,31958912,1.8802809272842456e+20,7308722,38148,1.3618801209270062,33,0.03313185583165435,0.02964658831806646,0.00652111599464934,0.003859908043367202,0.3135283438477813,11.940482058716926,1.1175604921617233
5258,35,15101633,264546,54621,15047012,21501,3578665,3369387,19413,159580506201,472352625,1.7855932538382008e+20,2791201,11494039,7.948237348193275,386,0.3936398088647224,0.23783226862582418,0.935897678051512,0.7611123247399801,0.8937114085639358,57.08509295169838,1.6551152252767958
14553,57,88732,29091,27363,61369,3,1369,1355,3,4802838,1638565,1.01274932762452e+16,66632,45530,1.4130650734801362,55,0.0001096371011950444,0.022307679773175382,0.9876093294460642,0.5131181535409999,0.47423758959834794,3.0501529682719744,0.004914769366865361
13520,60,55405,36971,38,55367,4,41,41,2,866395664,549962,1.1477662656728325e+20,50818,20005,1.0764581198832117,6,0.10526315789473684,0.0007405133021474886,0.9111111111111111,0.3610684956231387,0.0075485374497577685,1.4986070163100809,142.1489088575096
14175,5,11068,4422,0,11068,0,58,58,0,478560000,0,2.7241632242882e+18,8589,11068,1.240634385836367,11,,0.005240332490061439,1.0,1.0,0.17567229295705783,2.5029398462234282,
795,88,67176,49940,803,66373,2,619,398,0,65537357,448406,1.4727530854282696e+18,64146,4287,1.040826507713915,14,0.0024906600249066002,0.009326081388516415,0.6409017713365539,0.0638174347981422,0.04449989455017305,1.345134160993192,0.26706393834107556
22428,40,124821,79375,2572,122249,0,1965,1965,0,169094471,3696033,5.407834945475869e+18,113791,4987,1.0683813317623598,17,0.0,0.016073751114528544,1.0,0.03995321300101746,0.0312684230759414,1.572548031496063,0.0
7997,76,13859044,829173,48532,13810512,2677,1237805,929819,923,53000585732,275343706,6.271133890077956e+19,6613174,1045806,2.7082737852790855,137,0.05515948240336273,0.08962774153485403,0.7495626699944054,0.07546018325650745,0.8451515572942289,16.71429725762899,0.6154286770900342
3284,13,55654,28992,333,55321,0,1019,558,0,67680187,382190,1.189420353967661e+18,51483,2978,1.0828530918805528,12,0.0,0.018419768261600477,0.5475956820412169,0.053509181729974487,0.056901823458992314,1.9196330022075054,0.0
11808,68,16619731,654695,48898,16570833,2361,1286970,885944,1937,65526730860,87696930,3.479731813833574e+20,7833642,9601301,2.708920756424928,548,0.04828418340218414,0.07766477400381742,0.6871346457969288,0.5777049580405362,0.18830971570711383,25.385455822940454,0.6216999150710314
2239,88,47978,35415,454,47524,0,300,82,0,30149824,241443,9.936126236543224e+17,46080,1619,1.030816254711379,23,0.0,0.0063125999494992,0.2733333333333333,0.03374463295677185,0.030343640249974435,1.3547366934914584,0.0
6696,48,41210,24166,95,41115,5,970,826,2,403917108,917117,4.6519447448973795e+19,35805,13331,1.1227824806013806,10,0.05263157894736842,0.023592362884592,0.8471794871794872,0.3234894443096336,0.008682758075384454,1.7052884217495654,2.2308735756918066
19814,12,181927,16153,22929,158998,164,12952,12904,149,3748310,493033,4608943663286480.0,113952,170113,1.570715832551149,22,0.007152514283222121,0.08146014415275664,0.9838365355291248,0.9350618654735141,0.8132687821415479,11.262737571968055,0.08780385006205611
804,98,87290,73725,14,87276,0,0,0,0,1421977289,250058,2.60902279827812e+20,86092,581,1.0107579197135828,6,0.0,0.0,,0.006655974338412189,0.005450229449656262,1.1839945744320108,NaN
25450,31,82262,51508,18718,63544,279,4575,3823,63,7208237,1629383,1.3193304593580504e+16,70180,7621,1.1689720005863067,27,0.01490543861523667,0.07199735616265894,0.7875978574371653,0.09264301864773529,0.5463556873770146,1.5970722994486293,0.20702758281237138
11954,46,57714,31434,27,57687,0,186,184,0,266613781,112819,1.2460717335617847e+19,49957,8303,1.1384282866588997,7,0.0,0.0032242966352904467,0.989247311827957,0.14386457358699795,0.021396342908598716,1.836037411719794,0.0
12076,2,28399,5719,1560,26839,469,2272,2424,466,10135608,672731,1.4575549296476992e+16,13439,3717,2.0421899721567334,35,0.3006410256410256,0.08465293043705056,0.8843487778183144,0.13088489031303918,0.6953842900761101,4.965728274173807,3.5514544397797034
4603,36,21262,16180,1,21261,0,9,0,0,140923241,5391,4.022138309331297e+19,20822,251,1.0151172223948248,4,0.0,0.0004233102864399605,0.0,0.011805098297432039,0.0035036895840468815,1.3140914709517924,0.0
15655,51,4748271,248711,3437,4744834,106,674335,315844,26,7257740945,4984950,7.052266798826127e+18,1942510,844258,1.9379044546152868,140,0.030840849578120454,0.14211982969267206,0.4683048628419684,0.1778032466975874,1.0291359008436938,19.091519876483147,0.21700595648624438
24825,8,36498,16116,1235,35263,0,991,16,0,10161221,219809,1.2278645986722147e+17,32330,3566,1.0575941951479233,9,0.0,0.028103110909451834,0.016145307769929364,0.09770398377993314,0.08275522407754175,2.264705882352941,0.0
4249,26,151940,46279,9780,142160,1939,7727,8451,1466,151712816,10818802,1.77387107653012e+17,113176,14017,1.37635768294861,19,0.19826175869120655,0.054354248733821046,0.8743016759776536,0.09225352112676057,0.855264049384955,3.283130577583785,3.647585300316025
2802,51,24369416,572380,206748,24162668,67652,7227994,7124315,66152,54015385300,216653723,5.580770798644052e+19,6387110,1104194,5.176306903786364,2836,0.32721961034689573,0.29913890303835655,0.9765159932376105,0.045310646754932495,0.9678839581285797,42.575589643244,1.0938718001013015
15393,16,132098,1982,225,131873,5,68288,52917,5,342260721,320777,8.199142247877556e+18,10020,2278,5.680073802105633,505,0.022222222222222223,0.5178315500519439,0.7748524738992283,0.017244772820178958,0.04174347884848542,66.64883955600403,0.04291399822971988
19463,5,54337,9389,2667,51670,6,720,726,6,24975940,2032232,2.1948298889870323e+17,35856,23017,1.3761836630763917,19,0.0022497187851518562,0.013934584865492549,1.0,0.4235971805583672,0.11379442263530959,5.787304292256897,0.1614485689288839
32548,3,137827,17935,23,137804,0,21450,13589,0,162444075,24455,4.6821620574705416e+16,77926,73633,1.7772545807492008,18,0.0,0.15565585904618154,0.6335198135198136,0.534242202180995,3.469424445504085,7.6848062447727905,0.0
9093,26,16955,10014,70,16885,1,24,21,1,24547424,116723,2.5195350958527985e+18,15167,6241,1.1038680291072105,8,0.014285714285714285,0.0014213799230085875,0.84,0.36809200825715127,0.009742838684964348,1.6931296185340523,10.050595238095237
11844,11,14054,9428,2989,11065,90,2,88,86,2781184,621634,1827040889787710.0,13158,11755,1.0535254496854922,5,0.03011040481766477,0.0001807501129688206,0.9565217391304348,0.8364166785256867,1.5222341303610096,1.4906661009758166,166.58581465373032
697,94,84960,53891,781,84179,2,1240,753,0,108458983,493245,2.3687981927328266e+18,79391,3534,1.0529211488698178,27,0.002560819462227913,0.01473051473645446,0.606280193236715,0.041596045197740114,0.04578650192014602,1.5765155591842794,0.17384453347651893
15375,53,95187,39315,1114,94073,118,10924,10833,112,494972051,6429539,4.787266563755554e+17,65222,1999,1.4794303434413456,171,0.1059245960502693,0.11612258565156847,0.9810722695163919,0.02100076691144799,1.0339345937981366,2.4211369706219,0.9121791032805734
2293,73,433548,214771,73,433475,1,244,26,0,38388312639,5179852,1.0168087890885917e+21,419269,3585,1.0228463862962855,6,0.0136986301369863,0.0005628929003979468,0.10612244897959183,0.008268980597304104,0.03775371834994567,2.018652425141197,24.33612171569728
14089,8,521737,38016,3622,518115,1062,81230,80792,996,203171295,1855810,5.198096515693857e+17,257668,60735,2.6673076961177045,85,0.293208172280508,0.15677986547388129,0.9817722257327566,0.11640922533767013,0.3908571039160093,13.724142466329967,1.8701902275158857
27960,20,65254,43524,334,64920,7,405,70,4,38755855,107977,4.62748382130579e+17,62083,5578,1.053428379149093,6,0.020958083832335328,0.006238447319778189,0.16990291262135923,0.08548134980231097,0.08375146515166813,1.4992647734583218,3.3595032157906406
2031,75,103866,64215,7,103859,0,9,9,0,508491383,15869,5.031695725652317e+19,100445,888,1.0203007004582567,7,0.0,0.00008665594700507419,1.0,0.008549477211021894,0.010105765744292464,1.6174725531417893,0.0
23649,3,12130,1143,3802,8328,251,2473,2489,247,1685773,527611,2.077065858851358e+17,4874,4817,2.236641260992472,19,0.06601788532351394,0.29695004803073966,0.9137298091042585,0.39711459192085735,0.008116126856623855,10.612423447069116,0.2223198337946721
15896,34,81712,64582,2,81710,0,124,11,0,108284762,8685,1.336355545779675e+19,80958,1812,1.006356015499027,7,0.0,0.0015175621099008689,0.08870967741935484,0.02217544546700607,0.008102990431099907,1.2652441856864143,0.0
1614,96,6486633,838399,281495,6205138,13189,395885,298599,8999,5952323846,186225667,4.3064768236367013e+20,4336367,261757,1.6754153890594965,59,0.046853407698182914,0.06379954805195308,0.7299388374719489,0.0403532926866681,0.013821794682209449,7.736928359885925,0.7343846332583637
14857,9,207174,10409,18887,188287,1803,19224,18314,68,38102448,3627946,1.0762725946574507e+17,96451,137303,2.0924798920156538,35,0.09546248742521311,0.10209945455607662,0.8709754125647976,0.6627424290692847,0.35402228198634944,19.903352867710634,0.9349950774984968
5818,52,30287,9447,192,30095,30,14023,12450,17,1276577935,6502814,5.212667060116626e+17,10269,10129,4.98802996423176,885,0.15625,0.465957800299053,0.8859318295025973,0.33443391554132135,2.4489918889456916,3.205991319995766,0.33533079583541325
42,86,80061,56141,718,79343,4,367,45,0,89615271,611164,2.738182391621075e+18,77714,1471,1.026501842569712,8,0.005571030640668524,0.004625486810430662,0.12129380053908356,0.018373490213712044,0.032728013763519026,1.4260700735647744,1.2044203927045305
194,96,20575,19788,0,20575,0,0,0,0,268186881,0,1.9727682755752998e+20,20564,257,1.000895880024265,2,,0.0,,0.012490886998784933,0.0013594444128101723,1.0397715787345867,
9233,28,21932,13256,79,21853,2,75,57,0,36213797,144656,3.516582939320646e+18,19077,8631,1.1407329138244156,7,0.02531645569620253,0.0034320230631949846,0.7402597402597403,0.39353456137151194,0.010298007362509696,1.6544960772480386,7.376540084388186
25212,32,57284,31200,10892,46392,6,4492,91,2,147071848,36563358,2.7291393954366925e+18,48319,310,1.0464254323677837,19,0.0005508630187293427,0.09682703914468012,0.02023121387283237,0.005411633265833392,0.05388945989564115,1.836025641025641,0.00568914451578176
694,7,79117,19930,53,79064,1,13782,7982,0,3056780353,2377454,1.4109171017974233e+19,39321,564,1.9008129075355036,212,0.018867924528301886,0.17431447940908631,0.5791192048175289,0.007128682836811305,0.2166520165575884,3.9697441043652786,0.10824071868420115
28609,4,17845,8398,747,17098,9,1289,1298,9,5562944,121870,2788996372049286.0,13855,16312,1.2646992910153367,30,0.012048192771084338,0.07538893437828986,1.0,0.9140935836368731,1.994604243931836,2.124910693022148,0.15981380915438323
19826,11,10861,3304,617,10244,4,3284,3288,4,1086100,64365,890782943448200.0,6617,10861,1.275922732300395,9,0.006482982171799027,0.3205778992581023,1.0,1.0,1.2192644773773196,3.287227602905569,0.020222798224089292
4127,21,25107,14126,53,25054,0,75,75,0,253493094,1524620,2.093318966199181e+18,23388,24757,1.056656032190388,6,0.0,0.0029935339666320748,1.0,0.9860596646353607,0.12109625818766881,1.7773608948039077,0.0
8575,10,131801,41197,512,131289,3,10595,9650,1,1210788842,3931053,4.87475490560432e+18,96459,74853,1.4279679070942684,18,0.005859375,0.08069983014570908,0.9105491602189092,0.5679243708317843,0.2483794294166466,3.199286355802607,0.07260703014393582
29681,13,242715,79011,2878,239837,163,2328,2363,162,93450065,1154262,3.809649647485195e+17,217874,22451,1.093753303593192,13,0.056636553161918,0.009706592394000926,0.9486150140505821,0.09249943349195558,0.24529831781693556,3.0719140372859477,5.834854381741807
15387,38,10081,9056,8998,1083,53,3,4,4,10114121,8216212,3.7632859894445696e+18,9531,828,1.0646773190673429,12,0.005890197821738164,0.002770083102493075,0.07142857142857142,0.0821347088582482,0.0026875770346363606,1.113184628975265,2.1263614136474773
15390,53,91686,38442,1087,90599,120,10184,10060,116,480390336,6592830,4.626048395188881e+17,61967,1708,1.5481562271654545,53,0.11039558417663294,0.11240742171547147,0.9763198757763976,0.01862879828981524,1.0384464124923745,2.3850476041829247,0.9821022712901383
9998,13,104693,20178,650,104043,40,10427,9449,29,228210551,1507641,3.663056390432459e+17,58202,56977,1.7865106920299583,55,0.06153846153846154,0.10021817902213508,0.9027419508932837,0.5442293181014968,0.6230058363176264,5.188472593914164,0.6140448982301865
456,40,29548,24450,1,29547,0,1,0,0,1601704137,63310,2.841639645923056e+20,29113,174,1.0133025822760708,3,0.0,0.0000338443835245541,0.0,0.005888723433058075,0.005636549093401021,1.2085071574642128,0.0
13285,3,93380,20932,1810,91570,1,2283,2284,1,2035338,40163,2989424784566127.0,72170,91177,1.2087257524908,11,0.0005524861878453039,0.024931746205089002,1.0,0.976408224459199,0.6808460311522441,4.461112172749857,0.022159947534382163
19061,37,48034,32849,11,48023,1,36,34,0,774464800,167561,8.48346371990904e+19,44265,9320,1.0718956123883665,6,0.09090909090909091,0.0007496407971180476,0.918918918918919,0.1940292292959154,0.009129110768547069,1.4622667356692745,121.27020202020203
13559,3,134150,34823,9396,124754,284,5472,5364,25,11737720,848866,7086162063673863.0,108840,93902,1.2283611450513845,14,0.03022562792677735,0.04386232104782212,0.9318971507991661,0.6999776369735371,1.6564283874019259,3.8523389713694973,0.6891023366917364
852,21,43439,33220,6,43433,0,39,38,0,1519213763,230932,1.8131998643730504e+20,42846,121,1.0096056586779016,4,0.0,0.0008979347500748278,0.9743589743589743,0.002785515320334262,0.008378633778054567,1.307615894039735,0.0
9760,75,8619713,678371,241962,8377751,71836,1456270,1527964,71826,3706354836,96121024,5.918660751767687e+19,4511706,703954,2.2845842254068964,81,0.2968895942338053,0.1738258871623184,0.9999070745092291,0.0816679163215759,0.06262151171433585,12.70648804267871,1.707971114547341
20362,19,22492,10756,24,22468,0,126,48,0,126283193,109687,1.2430702420788005e+19,18507,4223,1.1997218603706743,11,0.0,0.005607975787787075,0.38095238095238093,0.18775564645207185,0.010158974829034212,2.0911119375232428,0.0
7658,26,311549,90297,49,311500,0,4996,4909,0,43291612167,6086834,2.9254379389392113e+20,256979,5173,1.3032237436286163,35,0.0,0.01603852327447833,0.982586068855084,0.016604129687464893,0.14798335521244352,3.4502696656588814,0.0
8218,4,153483,15277,3323,150160,528,24830,24291,507,789488747,22035356,9.371767135525379e+17,87748,14017,1.5635582077012165,30,0.15889256695756845,0.1653569525839105,0.957922549096932,0.09132607520051081,0.8424118264817956,10.046671466911043,0.960906478225875
6390,69,23770,20363,15679,8091,36,0,20,20,10787162,7087263,2.3562209492271096e+16,22713,6615,1.029914909519111,16,0.0022960648000510237,0.0,0.5555555555555556,0.2782919646613378,0.45781623338585525,1.1673132642537936,inf
23661,6,144667,22454,2193,142474,23,10337,10342,21,14983052,201066,1.483903592550172e+16,86803,99982,1.5547762573088784,25,0.010487916096671226,0.07255358872496034,0.9982625482625482,0.6911182232299004,1.0097052177258214,6.442816424690478,0.14455406384416528
197,90,3127706,243593,13482,3114224,366,216545,106977,137,63064689764,188528085,6.378023533822526e+20,1539419,439663,1.808958404266358,59,0.027147307521139297,0.06953417609009499,0.4931838403769288,0.1405704372469791,0.09887810766073417,12.83988456154323,0.3904167568759958
1909,19,1120598,124649,6637,1113961,171,131137,20517,145,13693199905,19280838,2.3531405261387366e+19,533972,83096,1.9490510579496119,248,0.025764652704535183,0.1177213564927318,0.1562509519602766,0.07415326459622451,0.5819116943036607,8.990027998620125,0.218861330451335
15560,2,63805,3077,1211,62594,122,16346,16414,122,57849432,1250720,4.015230868031742e+18,20032,2769,3.184862969001072,52,0.10074318744838975,0.26114324056618843,0.9967209132863736,0.04339785283285009,0.014407498323591459,20.736106597335066,0.3857775036794634
2192,65,31018,25359,0,31018,0,15,6,0,279317609,0,2.0131014661925827e+18,29339,208,1.0325089903242501,6,,0.00048359017344767554,0.4,0.006705783738474434,0.13874989099693952,1.223155487203754,
24191,4,31138,11764,4544,26594,171,5732,1023,147,46725108,7764289,1.4088434696811392e+17,21475,434,1.7591667699771338,91,0.037632042253521125,0.21553733924945476,0.17330171099440964,0.01393795362579485,0.33165578011711405,2.6468888133287996,0.17459639422368123
6238,74,189531,77651,194,189337,12,2254,2203,8,1775025134,2245446,6.2789837206154035e+19,145832,62130,1.2485808565178964,17,0.061855670103092786,0.011904699028715993,0.972197705207414,0.32780917105908797,0.02826930619635417,2.4408056560765474,5.195903731281845
32185,7,2167867,67258,9093,2158774,417,212891,75618,53,6675992964,25242680,1.884892328454091e+19,1117572,3515,1.7768080459027717,151,0.04585945232596503,0.09861662221242243,0.3545014720498059,0.001621409431482651,0.3541843140438354,32.232106217847694,0.4650276119494616
16587,19,424769,13117,25993,398776,239,88081,36069,167,17924124,957717,1.9575340217034573e+17,160992,94828,2.6632279977483235,365,0.009194783210864463,0.22087838786687264,0.4083899456521739,0.22324604667478087,0.09156481471725494,32.38309064572692,0.0416282611425357
200,90,72860,51176,1093,71767,2,252,90,1,64759350,367344,1.0166092589344492e+18,70661,4707,1.0257959640358627,6,0.0018298261665141812,0.003511363161341564,0.3543307086614173,0.06460334888827889,0.06370131830972796,1.4237142410504924,0.5211156130643779
2174,65,3115472,549882,5026,3110446,211,444269,443535,204,98576827050,196568801,3.7771354518945314e+20,1833271,2195634,1.8676422825494334,197,0.041981695185037804,0.1428312852883477,0.9978739200863931,0.7047516395589497,0.2609830341153266,5.665710097802801,0.29392506760885884
10817,7,21225,9583,1,21224,0,2,2,0,249811245,13225,1.3051387417991635e+19,20301,76,1.0414147221250798,4,0.0,0.00009423294383716548,1.0,0.003580683156654888,0.019140589195569314,2.2148596472920796,0.0
12288,16,17692,15587,6349,11343,9,19,13,0,7331423,1182662,8.10352132524879e+17,17472,3364,1.0158536420272484,11,0.001417546070247283,0.0016750418760469012,0.4642857142857143,0.19014243725977842,0.00904720640045322,1.1350484378007313,0.846275003937628
6637,65,64892,34792,32,64860,2,1313,1231,0,308447482,130814,1.5764010715953973e+19,54003,21339,1.1432136193697537,21,0.0625,0.020243601603453593,0.9361216730038023,0.32883868581643344,0.019566561299519773,1.865141411818809,3.087395277989337
12797,44,39029,24607,39,38990,1,105,28,1,354576421,439297,4.450936263355077e+19,35319,12914,1.0880987000252147,7,0.02564102564102564,0.0026929982046678637,0.2641509433962264,0.3308821645443132,0.007966333373929813,1.586093388060308,9.521367521367521
218,23,181438,7059,2042,179396,265,4939,3026,187,556406953,2703213,1.5216851885185555e+20,68788,3674,2.4290110560144287,88,0.1297747306562194,0.027531271600258644,0.5814757878554958,0.020249341372810547,0.0036565181628776503,25.70307408981442,4.713720911278221
12017,2,17754,1312,53,17701,0,600,289,0,25003001,79639,7.694950267334987e+16,7952,3995,1.616400452773236,23,0.0,0.03389639003446133,0.4816666666666667,0.22501971386729752,0.32492738914944747,13.53201219512195,0.0
15271,1,10165,725,164,10001,6,190,171,0,1603702,17865,6847568929550988.0,5213,1114,1.9499328601572992,14,0.036585365853658534,0.018998100189981004,0.8724489795918368,0.10959173635022135,0.2342001981285873,14.020689655172413,1.9257381258023103
5592,63,330034,158525,4892,325142,472,10270,6128,257,690734276,11140082,6.105018236778003e+17,276358,6152,1.1983568673086789,46,0.0964840556009812,0.03158619926063074,0.5704710482219326,0.01864050370567881,1.1314204957470253,2.0819050622930138,3.054626952893303
27734,14,28919,20267,8705,20214,0,778,0,0,26280205,8381936,5.177850895355344e+16,25671,1458,1.1670618984438306,22,0.0,0.038488176511328784,0.0,0.05041668107472596,0.5075504399629192,1.426900873340899,0.0
10573,19,84587,9308,2959,81628,11,11629,11518,11,21944110,532430,4.4174633080371904e+17,46499,22466,1.2729058060389704,48,0.0037174721189591076,0.1424633704121135,0.9895189003436426,0.2655963682362538,0.04967581725030879,9.087559088955738,0.026094231157141115
13577,17,33190,28708,0,33190,0,1,1,0,757010145,0,1.0507405630860627e+20,32898,106,1.010764244671527,3,,0.000030129557095510696,1.0,0.003193733052124134,0.007204539080290514,1.1561237285774,
25519,6,28852,18463,1169,27683,76,63,139,76,6035199,248879,6.503261411996383e+17,28206,7740,1.0287465702088374,3,0.06501283147989735,0.002275764909872485,1.0,0.26826563149868293,0.00928026511262032,1.5626929534745166,28.567463712031717
10960,22,410134,106129,26186,383948,1142,8205,7777,76,187254527,12462997,2.3533867309728106e+17,328274,259053,1.3250580654619257,20,0.043611089895363934,0.021370081365184868,0.832031667914839,0.6316301501460498,0.7956810690548735,3.8644856730959494,2.0407545086100174
11749,10,587031,13951,2762,584269,411,80304,80715,411,609852540,2869550,3.747202727790294e+18,176259,16296,2.815858333279004,41,0.1488052136133237,0.13744354056094024,1.0,0.027760033115797972,0.1627487446775069,42.07805892050749,1.0826642925961723
27728,21,10782,7428,2502,8280,0,0,0,0,437259,80071,2.6355631398923846e+17,10490,2559,1.020179886306223,5,0.0,0.0,,0.23734001112966055,0.0016590723757726183,1.451534733441034,NaN
28910,16,3947822,206166,15707,3932115,1259,547723,147031,154,16972320017,73078084,2.159122569155044e+19,1955686,5183,1.8267764468590642,222,0.08015534475074808,0.13929475612997078,0.2678248102852188,0.0013128758084837665,0.7860748740930436,19.1487539167467,0.5754369150548503
1007,93,4757709,799739,15289,4742420,901,87414,13493,157,142180504909,41515431,2.96059900400736e+21,4090356,18125,1.1595624571776921,84,0.058931257767022044,0.018432361536936837,0.15278265300345353,0.0038096066825440565,0.04802423587812791,5.949077136415756,3.1971626451081145
27785,1,11993,1276,99,11894,6,5947,480,6,5882509,57731,5198714800597592.0,3146,1738,3.812142403051494,72,0.06060606060606061,0.5,0.08063161431211154,0.1449178687567748,1.131531392975011,9.398902821316614,0.12121212121212122
3776,3,50625,17593,5616,45009,1895,4993,4174,889,34562773,2966994,4.206679610737264e+16,39383,448,1.2828336723206417,20,0.33742877492877493,0.1109333688817792,0.6059814169570267,0.008849382716049382,0.8216164813640875,2.8775649406013755,3.041724760818993
1832,18,11945,2742,280,11665,2,2567,2507,2,39073066,501152,5.863742307939072e+16,6695,11285,1.755555623737891,50,0.007142857142857143,0.22006000857265323,0.9758660957571039,0.9447467559648388,0.6663503262600399,4.356309263311451,0.03245867883577272
260,28,40964,33563,1,40963,0,1,1,0,1424701268,31550,1.5674014079655697e+20,40582,137,1.0066619995173827,3,0.0,0.000024412274491614384,1.0,0.0033443999609413144,0.009089575017348049,1.2205106814051188,0.0
516,5,26208,7126,967,25241,75,1458,796,8,23938024,1233355,1.6120088931482435e+17,18906,2007,1.294228883262201,16,0.07755946225439504,0.057763163107642325,0.5192433137638617,0.07657967032967034,0.14849808894818925,3.6777996070726915,1.342714942910278
4687,9,18542,10062,8515,10027,13,120,22,0,4941752,1748247,6.5181106200970216e+16,15675,524,1.314459045057897,15,0.0015267175572519084,0.011967687244440013,0.16541353383458646,0.028260166109373316,0.07581571237473786,1.8427747962631684,0.12756997455470737
12428,14,30246,18581,66,30180,0,1173,1173,0,64234532,61843,1.3695920004942697e+18,26810,22602,1.0572143412253407,9,0.0,0.038866799204771374,1.0,0.7472723665939298,0.04690048713545238,1.6277918303643506,0.0
7590,24,499375,84279,15654,483721,3,1236,1238,3,499369044,17229859,3.0423529437403853e+18,342484,499358,1.4246059543225467,21,0.00019164430816404754,0.0025551919391550086,0.9991928974979822,0.9999659574468085,0.1641390901168937,5.925260147842286,0.07500192264516282
22524,7,57578,17527,667,56911,12,7445,6154,10,228973995,2572604,3.563802069286694e+17,37577,2425,22.08822540337574,195,0.017991004497751123,0.13081829523290753,0.8252648518170846,0.04211678071485637,0.6424991920099251,3.285102983967593,0.13752666984170775
364,96,21742335,917898,61669,21680666,12819,4223095,1725795,5449,728186733089,1410929148,3.1569407806810777e+21,7555015,87355,3.6511315120327335,283,0.20786781040717378,0.1947862210505895,0.40741974459349267,0.004017737745278968,0.2306621453101509,23.687092683500783,1.0671586998609452
29616,4,660763,32042,7019,653744,652,362194,362846,652,13819069,159948,1.5591193401180653e+17,200721,404959,2.7315849997805515,53,0.09289072517452629,0.5540303237964708,1.0,0.6128657324941015,0.0886338116936805,20.62177766681231,0.16766361187235437
9671,70,594604,17501,6053,588551,631,22097,15633,552,1025343555,4199027,1.8759020799328227e+20,182095,14047,2.912387007824515,129,0.10424582851478606,0.0375447497328184,0.6878299894403379,0.023624126309274743,0.0054658692794706965,33.975429975429975,2.7765754001993868
120,32,18130,14522,28,18102,0,124,115,0,56930318,90548,5.227671556994565e+17,16757,462,1.0847128411082265,6,0.0,0.006850071815269031,0.9274193548387096,0.025482625482625483,0.10890186458601799,1.2484506266354496,0.0
367,76,1073274,358715,3130,1070144,13,10538,4199,11,8505682136,25187017,1.3513186969553877e+20,902077,4809,1.213020051061039,35,0.004153354632587859,0.00984727289037737,0.39797175623163683,0.00448068247250935,0.0629435687907218,2.991996431707623,0.4217771436644622
3398,55,1332840,252072,10346,1322494,2656,334921,319292,1891,5409903669,43201212,1.1940107372059505e+18,660778,376882,2.90803748058922,82,0.2567175720085057,0.25324954215293227,0.9458345799624974,0.2827661234656823,4.530866851046471,5.287536894220699,1.0136941209294632
7188,80,40061,33628,28,40033,0,129,101,0,135381999,79596,4.40876520160057e+19,39511,977,1.0120958363523802,4,0.0,0.00322234156820623,0.7829457364341085,0.024387808591897358,0.0030707464065187805,1.1912989175686928,0.0
1680,81,3440332,268954,27098,3413234,13985,1336278,1213295,11762,1044163131,8418838,3.972331517759056e+19,731303,447490,4.644398404657611,133,0.5160897483209093,0.39149908854769405,0.8985619838505535,0.13007174888935139,0.026285901021399445,12.791525688407683,1.3182399740326267
30539,12,6543641,178288,283815,6259826,35917,411226,306144,21471,2884259671,49132000,3.2732749649366372e+19,2659697,1884396,2.3344294134962538,195,0.12655074608459735,0.0656928802813369,0.684666873908347,0.2879736220248024,0.08811541046493881,36.70264403661491,1.9263997185483426
2880,23,537908,125825,12282,525626,469,28728,27162,321,428226996,6276549,4.841652042997333e+18,435535,13919,1.6562301408105882,103,0.038185963198176194,0.054654830621011896,0.9303010583279104,0.02587617213352469,0.08844646252911981,4.275048678720445,0.6986749892789113
10722,67,730759,308102,161,730598,2,4667,4663,2,64984849768,8559564,7.915963544778864e+20,628518,389665,1.1483880806989468,16,0.012422360248447204,0.006387917842643971,0.9987149282501606,0.5332332547392505,0.08209341718212192,2.371808686733614,1.9446649995275402
388,63,778707,129273,898,777809,62,138644,137214,4,25187678835,14493345,1.1113722692631873e+20,483723,258851,33.56994628724253,6883,0.06904231625835189,0.17824941598772964,0.9892434357562038,0.3324112920520812,0.2266358404974313,6.023740456243763,0.3873354416101124
19657,33,33152,18830,7,33145,0,37,35,0,494795747,94046,7.1705587921324605e+19,29626,7190,1.0919812577278807,6,0.0,0.0011163071353145271,0.9459459459459459,0.21687982625482624,0.006900379194197389,1.7605947955390335,0.0
522,57,541903,122997,14015,527888,1565,104974,79774,1144,6319879147,89615421,3.773120856675487e+19,230796,247338,1.5717554939801257,125,0.11166607206564395,0.1988565756372564,0.7487774430020931,0.45642485832335306,0.16749739504947828,4.405822906249746,0.5615407572407325
1826,94,4729610,791047,34179,4695431,762,94934,43901,459,23495275034,112091969,4.840958028473942e+20,3660818,106579,1.3077870323520315,49,0.02229439129289915,0.020218378248982895,0.4587548068884802,0.022534416156934717,0.04853434980390983,5.978924134722716,1.1026795036847572
376,74,137151,103478,10,137141,0,48,48,0,7624673884,452755,1.0623150808323258e+21,134779,478,1.015095666665619,4,0.0,0.00035000473964751604,1.0,0.003485209732338809,0.007177412823722746,1.3254121649046173,0.0
32504,3,21178,1008,199,20979,5,5666,5053,3,46589999,473273,1.9205641784992685e+17,5045,790,2.98892442084867,44,0.02512562814070352,0.27007960341293674,0.8910245106683125,0.037302861460005665,0.24258496290608464,21.009920634920636,0.09303045407056462
25817,28,1315499,286379,5221,1310278,0,55542,51006,0,14691801995,72881380,3.976439501960466e+18,1027554,18176,1.2332304437901649,32,0.0,0.042389477652833976,0.9183320730258183,0.013816810199019536,3.694712817271994,4.5935595836286875,0.0
2213,67,35486,29469,2,35484,0,24,7,0,325362025,13424,2.733139832069491e+18,33712,227,1.0325915613521601,5,0.0,0.0006763611768684477,0.2916666666666667,0.006396888913937891,0.11904331464579362,1.204180664427025,0.0
1162,61,60080,46942,8,60072,0,1,1,0,878253037,106186,1.4494402345007147e+20,59037,417,1.0106040217462835,4,0.0,0.000016646690637901184,1.0,0.006940745672436751,0.006059256643324309,1.2798772953857953,0.0
25013,32,58201,39193,14596,43605,7,3163,92,4,1340659521,413689714,3.772447741171175e+19,51552,219,1.0347556457679414,17,0.00047958344751986845,0.07253755303290907,0.029022082018927444,0.0037628219446401265,0.03553818668893703,1.4849845635700252,0.006611519515998692
105,2,19580,5583,1665,17915,116,94,152,59,659427,59184,1390662159760395.0,15462,7456,1.3142342094450508,16,0.06966966966966967,0.00524699972090427,0.7238095238095238,0.3807967313585291,0.47418202571472595,3.507075049256672,13.27800140566098
766,84,79482,59466,591,78891,7,596,405,3,98072643,623941,2.715738747811834e+18,76323,6053,1.0651814524592065,23,0.011844331641285956,0.0075547274087031475,0.6716417910447762,0.07615560755894417,0.03611269422694675,1.3365957017455352,1.5678039723367287
2225,16,14850,10096,2,14848,0,1,1,0,1216575887,9040,5.064618593766326e+19,14304,69,1.0347371029809525,4,0.0,0.00006734913793103448,1.0,0.004646464646464647,0.0240210761082265,1.4708795562599049,0.0
16623,27,38271,27811,3,38268,0,144,125,0,1377017317,8684,1.2194199072885465e+20,37241,252,1.047847975267235,8,0.0,0.0037629350893697085,0.8680555555555556,0.006584620208512974,0.011292396563066456,1.3761101722340081,0.0
504,25,10060,6938,56,10004,0,50,44,0,443191283,1117764,2.9527193483314555e+18,8822,86,1.1035736983980404,8,0.0,0.004998000799680128,0.88,0.008548707753479125,0.15009597280230572,1.4499855866243874,0.0
8650,76,1613777,498270,1826,1611951,1,9235,6952,0,9584733913,10565095,2.146558300954634e+20,1446880,5811,1.122684818286604,12,0.000547645125958379,0.005729082335629309,0.7527067994802945,0.0036008692650843334,0.04465163563802298,3.2387601099805328,0.09559037449201244
21342,17,2723957,130246,2506,2721451,293,216229,131727,161,35844800047,32307443,4.854994683016788e+19,1211786,13478,2.866704274515154,112,0.1169193934557063,0.07945357090757835,0.6083769778590629,0.004947948884655668,0.7383077096333053,20.913939775501742,1.4715435960922234
28866,16,3939510,205264,15716,3923794,1191,549957,148063,143,16996477380,73036131,2.1572718542760587e+19,1946944,5135,1.8318969580298123,148,0.0757826418936116,0.1401594986892788,0.2686447197485975,0.0013034615980159969,0.7878690553677903,19.19240587730922,0.5406885912285903
22441,15,33562,15312,23860,9702,231,0,0,0,42425565,31446202,6.135753265539101e+17,27517,152,1.3471914178401405,28,0.009681475272422465,0.0,0.0,0.0045289315297062155,0.06914483546507535,2.19187565308255,inf
22301,33,16921849,445661,49381,16872468,20351,2456499,2339022,19094,201438813193,496292323,1.376234948900073e+20,3745430,8146076,4.401737489570532,150,0.41212207124197564,0.1455921564053344,0.9443535135353373,0.48139396587216915,1.463694940707586,37.97022624820211,2.8306612211622943
546,75,83402,63165,14,83388,0,65,60,0,5441142830,1056032,1.753824174925224e+21,82689,353,1.0074458416702599,3,0.0,0.00077948865544203,0.9230769230769231,0.004232512409774346,0.003102444878906968,1.3203831235652657,0.0
15995,48,27930,11011,4478,23452,345,9578,2524,249,73626445,15437124,7.066859354193228e+16,12313,1249,2.177506930646502,97,0.0770433229120143,0.4084086645062255,0.2543585609190769,0.04471894020766201,1.0418552472862308,2.536554354736173,0.18864272383927325
1722,67,504500,229022,6170,498330,495,16589,10405,265,998672250,12948392,8.898219055088858e+17,429057,10693,1.2212756856297826,55,0.08022690437601297,0.03328918588084201,0.6090494029501288,0.02119524281466799,1.1223282364900458,2.202845141514789,2.409998990758849
25582,31,667208,267327,155,667053,0,3730,1152,0,73040317649,7118235,1.8635074912583308e+21,633926,580,1.0539411505297391,10,0.0,0.005591759575326098,0.3088471849865952,0.0008692941331638709,0.03919507594771172,2.495849652298496,0.0
141,62,128831,64108,5305,123526,1100,923,809,62,403815222,11048813,2.725739265165763e+18,116533,13735,1.083832519201119,13,0.20735155513666353,0.0074721111344980004,0.3999011369253584,0.10661253890756107,0.14814888098823434,2.009593186497785,27.75006305505038
23349,25,69832,3106,614,69218,0,30835,30429,0,205359019,3063794,5.307130487767756e+19,20584,11110,4.20513685813912,13896,0.0,0.4454766101303129,0.9868331441543701,0.15909611639363042,0.0038694925529591884,22.48293625241468,0.0
21896,20,21259,18760,1,21258,0,4,4,0,287407012,11513,3.590504354509032e+19,21098,111,1.0080486123491381,3,0.0,0.00018816445573431178,1.0,0.005221318030010819,0.008004641789086487,1.1332089552238807,0.0
7242,31,36741,23298,8,36733,0,612,44,0,83234816,35610,2.504844941660747e+18,31975,1088,1.1897555905844017,114,0.0,0.016660768246535812,0.0718954248366013,0.02961269426526224,0.033229528349493026,1.577002317795519,0.0
662,64,592593,307987,91,592502,0,3523,2542,0,14255291290,1147252,4.9730348178504896e+20,545882,1381,1.0892359623157686,15,0.0,0.005945971490391593,0.7215441385183082,0.0023304358978253202,0.02866517491257302,1.924084458110245,0.0
671,23,1053535,168664,6664,1046871,209,177800,33751,23,10223927085,29338760,6.340782264509535e+19,630553,4619,1.5484626959636132,209,0.031362545018007205,0.16983945490896205,0.18960277289350538,0.004384287185523025,0.16124078478810264,6.2463536972916565,0.18465994862511934
10749,6,86399,7506,3932,82467,24,10331,10211,24,20462537,1083799,2.184096642838243e+17,42891,21894,1.8860199237546045,135,0.006103763987792472,0.12527435216510846,0.9860936745533558,0.2534057107142444,0.09368878921680336,11.510658140154543,0.04872317343735184
8001,18,29113,8521,3562,25551,0,533,533,0,4056949,490762,2.714582328869083e+16,10494,8760,2.123963093942849,494,0.0,0.020860240303706312,1.0,0.3008965067152131,0.14945021032720554,3.416617767867621,0.0
25305,31,77340,45901,15194,62146,19,2933,165,11,304655315,87157183,1.1790604511742165e+19,69084,366,1.042264686589859,18,0.0012504936159010137,0.04719531425996846,0.05589430894308943,0.004732350659425911,0.025838820621673492,1.6849306115335179,0.026496139193243912
799,63,17248,16525,2,17246,0,0,0,0,127421020,13017,1.0680999497911339e+20,17238,202,1.0004601789792513,2,0.0,0.0,,0.011711502782931354,0.0011929690664709523,1.0437518910741301,NaN
6977,7,91682,27605,619,91063,0,1121,186,0,12041176,96369,8.912736152027413e+16,81873,35212,1.1244708105284915,107,0.0,0.012310158900980639,0.16592328278322926,0.3840666652123645,0.13510077931860406,3.3212099257380907,0.0
24936,25,70027,18343,3132,66895,131,18335,5375,4,75453516,3562039,5.092268444274022e+16,32614,3083,1.986614593976028,122,0.041826309067688375,0.2740862545780701,0.2910754900898949,0.044025875733645595,1.4817269911377777,3.8176416071525923,0.15260272402961625
1323,86,4098029,322083,8845,4089184,878,821914,326887,146,191838047493,293335735,5.234379227978451e+20,1608475,710977,2.688424738275218,126,0.09926512153759186,0.20099706934195183,0.39728995906620385,0.17349242770121928,0.36649627231363024,12.723518471946672,0.4938635267796583
15888,21,121475,31367,588,120887,17,1801,1500,16,112196547,553523,1.4781076352002455e+18,97782,7098,1.201590363161027,21,0.02891156462585034,0.01489821072571906,0.8250825082508251,0.058431776085614326,0.07590553240380242,3.8727006089202027,1.940606503567557
6828,5,658392,35355,10442,647950,4355,50683,42668,3135,1647281958,22659491,4.376437649955117e+17,135003,11998,4.450857836293766,65,0.41706569622677647,0.07822054170846517,0.7752461935390094,0.018223186186952452,3.7639790390179417,18.622316504030547,5.33192032575301
11020,15,51119,28002,47,51072,2,506,500,2,1459326959,235348,1.632281293438263e+20,44049,19403,1.1033530583716784,10,0.0425531914893617,0.009907581453634086,0.984251968503937,0.3795653279602496,0.008940413425470623,1.8255481751303477,4.295013035068539
8531,72,1656142,367802,139075,1517067,25996,111624,48966,2554,17439431554,442608233,2.2891348097024975e+19,1038622,9224,1.8520499057668198,137,0.18692072622685602,0.07357882018394706,0.3558058421741026,0.005569570725215592,0.761835060132019,4.502808576353582,2.540414833501736
26493,10,12792,5966,3930,8862,466,597,437,79,8204339,1524443,1.288331250015973e+17,8911,1480,1.5442923191784328,19,0.11857506361323156,0.06736628300609343,0.41110065851364064,0.11569731081926204,0.06368190634123236,2.1441501843781428,1.7601544618768141
2121,80,16305,12827,226,16079,0,169,28,0,6310272,82964,4.021097516936664e+17,15550,780,1.035594836641108,18,0.0,0.010510603893276946,0.16568047337278108,0.04783808647654094,0.015692909643253976,1.271146799719342,0.0
25040,32,54287,31500,14340,39947,46,3747,101,12,146049517,44643817,3.0257984510692255e+18,46836,328,1.052367565039466,13,0.003207810320781032,0.09379928405136806,0.026627998945425783,0.00604196216405401,0.0482680916663139,1.7233968253968255,0.034198665301371736
10106,35,12505,1574,1862,10643,249,1181,1422,242,256215,95607,6880628388569457.0,5056,11128,1.0743094497806895,20,0.13372717508055854,0.11096495349055717,0.9944055944055944,0.8898840463814475,0.037237151249970256,7.944726810673443,1.2051298258953298
12616,8,18242,10912,171,18071,0,126,109,0,987796,126625,3.3152463478809536e+16,16370,7328,1.0612227528386984,6,0.0,0.006972497371479165,0.8650793650793651,0.4017103387786427,0.029795553522934472,1.6717375366568914,0.0
2109,2,691021,5509,19,691002,4,386832,384700,4,5206336086,178587,1.1025583611267552e+18,41775,14225,18.277342319890163,885,0.21052631578947367,0.559813140917103,0.994478280201429,0.020585481483196603,4.7220503417881705,125.43492466872391,0.37606533395158076
2371,27,30998,14514,5526,25472,423,620,751,399,73005362,10593393,2.6903077162738877e+17,24807,11551,1.1519086594866277,12,0.07654723127035831,0.024340452261306534,0.7200383509108341,0.3726369443189883,0.2713643556771766,2.1357310183271325,3.144856572449301
11434,66,683063,153209,51728,631335,10369,85743,80608,8260,568994726,52423593,2.851580688075992e+18,396001,44947,1.9166457402682597,209,0.200452366223322,0.1358122074651334,0.8386881971033794,0.06580212952538785,0.19953660381390434,4.458373855321815,1.475952493260103
27163,17,59472,46741,1412,58060,0,11,11,0,18833549,448568,3.022805795350659e+17,58776,31106,1.0091948971757205,8,0.0,0.00018945918015845676,1.0,0.5230360505784235,0.06230485937590715,1.272373291114867,0.0
30962,2,11289,6530,1297,9992,12,119,81,11,1668188,179970,8868084390241017.0,10340,1403,1.0895470341971696,4,0.009252120277563608,0.011909527622097679,0.6183206106870229,0.12428027283196032,0.18811142593949332,1.7287901990811638,0.7768671076757611
23921,33,808762,56413,18203,790559,744,245662,243998,721,183586370,4250090,1.0994209680879378e+18,200472,117654,4.340235397986906,138,0.04087238367302093,0.31074467560295943,0.9902275106937332,0.1454741938914044,0.1669845994653758,14.336447272791732,0.13153043923830202
13557,6,524383,15686,4628,519755,1855,140095,105404,1408,10932541520,140542057,6.001178204494286e+19,89135,317674,4.18503439155847,150,0.40082108902333624,0.26954045656126446,0.7425431489961254,0.6058052987987788,0.1821732524425389,33.43000127502231,1.4870535359957466
10812,11,17336,10680,0,17336,0,0,0,0,204010736,0,1.5835454611873577e+19,16834,88,1.0302943417935366,3,,0.0,,0.005076142131979695,0.0128831625614986,1.6232209737827716,
55,28,46251,26347,2354,43897,480,4812,4865,346,46019996,2731637,2.8699618836621652e+16,31349,3931,1.5715664612023974,39,0.20390824129141885,0.10962024739731645,0.9193121693121693,0.08499275691336404,1.60350547726707,1.7554560291494288,1.8601330149562372
11711,63,63652,42381,69,63583,6,201,33,4,549562375,658376,5.957569549738495e+19,58517,18372,1.0824350495059047,6,0.08695652173913043,0.003161222339304531,0.15942028985507245,0.288631936152831,0.009224606954426957,1.5018994360680493,27.507246376811594
43,31,23787,16915,9290,14497,107,0,11,11,40512149,13024080,7.018793214484675e+19,21028,264,1.1788664463906242,11,0.011517761033369215,0.0,0.102803738317757,0.011098499180224493,0.0005771953633908907,1.4062666272539166,inf
7260,15,374767,80261,318,374449,10,17947,17454,10,409074268,388422,2.1885181856711729e+18,285178,21927,1.3758327122406404,26,0.031446540880503145,0.047929090476940786,0.9719886395277607,0.05850835319011546,0.18691837731955854,4.669353733444637,0.6561055210432675
719,46,33280,20748,4632,28648,393,581,974,393,112084000,15093800,4.10315242791262e+17,27782,28057,1.177763191049671,60,0.08484455958549222,0.020280647863725215,1.0,0.8430588942307692,0.2731655768806523,1.6040100250626566,4.18352313770255
576,41,11214855,495629,42160,11172695,5677,1059850,701045,3878,364621746285,1373784231,1.6072333985041935e+21,5081063,3297763,1.9706725590249354,139,0.1346537001897533,0.09486072966280741,0.6579326474129703,0.2940531108070501,0.22686297249941614,22.62751977789839,1.4194883453710958
14325,60,2854721,443196,62045,2792676,2030,216908,172522,703,585821691,13605629,2.018011327997346e+18,1947436,56982,1.5719261249903234,66,0.03271818841163671,0.07767030618661099,0.7879947747764208,0.019960619619220233,0.2902965324686078,6.441215624689754,0.4212444886341489
457,44,16183,10805,910,15273,0,132,132,0,24224205,1653705,2.8401449537914778e+17,14406,1233,1.0889790982724123,11,0.0,0.008642702808878413,1.0,0.07619106469752208,0.0852921431621357,1.4977325312355392,0.0
6331,67,151027,63075,281,150746,10,1934,1868,8,1446484720,2848448,5.0732259612566364e+19,115939,64334,1.2663959051020781,15,0.03558718861209965,0.012829527815000066,0.9609053497942387,0.4259768120932019,0.02851212879234155,2.394403487911217,2.77385022467403
5426,45,62392,29536,95,62297,1,1874,1866,1,369222935,487256,9.27924424846578e+17,49266,47672,1.262808071586471,22,0.010526315789473684,0.030081705379071223,0.9952,0.7640723169637132,0.3979019466602001,2.1124052004333693,0.34992417008369375
5042,30,20932,16898,197,20735,0,131,41,0,85341485,82764,1.471295488696084e+19,19671,2687,1.172081167766896,40,0.0,0.006317820110923559,0.31297709923664124,0.1283680489203134,0.0058004313651252165,1.2387264765060955,0.0
5301,88,816064,302303,82358,733706,5576,13978,16225,4828,197075277,20489684,2.231708030403354e+19,660610,69358,1.1907675829646769,39,0.06770441244323563,0.019051227603426986,0.8297535031195663,0.08499088306799467,0.008830692649538974,2.6994902465407224,3.553808387185337
6733,7,44514,122,110,44404,0,2692,2692,0,14117759,6606780,1.8894949762387087e+18,122,44443,6338.269672628777,36829,0.0,0.06062516890370237,1.0,0.9984049961809768,0.0074717102599040925,364.8688524590164,0.0
7638,55,31553,25830,0,31553,0,18,4,0,277658826,0,1.968992252177493e+18,29818,200,1.0425629950770758,7,,0.0005704687351440434,0.2222222222222222,0.006338541501600482,0.1410157026737608,1.221564072783585,
6465,81,70809,46842,170,70639,2,767,696,1,747615302,1708985,8.62679065663126e+19,63560,23388,1.0966927217250708,9,0.011764705882352941,0.01085802460397231,0.9050715214564369,0.3302969961445579,0.008666204290297939,1.5116562059690022,1.0835033361454098
13292,55,203055,4896,145,202910,13,47469,47071,11,23112400720,10658318,1.1398619394880673e+21,61425,74929,2.7250166774518036,1514,0.0896551724137931,0.23394115617761568,0.9913440882860873,0.36900839673979957,0.020276491318220694,41.473651960784316,0.3832381350877996
6852,2,22214,7132,343,21871,4,1258,1262,4,4662311,98308,1.577259652429512e+16,17676,5415,1.2331135159546878,10,0.011661807580174927,0.057519089204883175,1.0,0.24376519312145495,0.2955956549588058,3.1146943353897925,0.20274673575994104
8951,37,10075,4977,7981,2094,623,78,240,165,348181,267176,7.470592411093947e+16,6791,4447,2.1285804305497282,36,0.07806039343440671,0.03724928366762178,0.34236804564907275,0.4413895781637717,0.004660687946018119,2.0243118344384166,2.09562133143138
320,60,257790,80615,7498,250292,782,29973,17927,567,485778567,10890061,6.613547123114185e+17,152770,7857,1.7372448876800068,104,0.10429447852760736,0.11975212951272914,0.5828970899040806,0.030478296287676017,0.7345204592286275,3.19779197419835,0.8709196149745404
27693,2,10261,3848,175,10086,0,14,14,0,586200,10829,891364690183450.0,6715,10201,1.371506384974524,14,0.0,0.001388062661114416,1.0,0.994152616704025,0.6576432816509203,2.6665800415800414,0.0
25207,28,13563892,345038,146731,13417161,34269,1502892,835473,23386,18570007690,216120976,3.0400906353026142e+19,4741817,412142,2.719342501800973,140,0.23354982927942972,0.11201266795561296,0.5435169120215775,0.030385231613463157,0.6108373044658096,39.31129904532254,2.0850305018355426
8454,59,16723899,681158,18542,16705357,1841,1415696,480480,378,766510554781,255268925,5.352580907406353e+21,8095590,165988,1.892827210730159,113,0.09928810268579441,0.08474503118969562,0.33895411548340537,0.009925197467408766,0.14320391751956166,24.552158236415046,1.1716097249825206
24022,7,10252,9268,0,10252,0,0,0,0,171477705,0,1.306917227963455e+19,10189,45,1.006200651821014,3,,0.0,,0.004389387436597737,0.013120777760900017,1.10617177384549,
838,97,84171,71401,3,84168,0,1,0,0,3924780207,119389,7.53187394050142e+20,83097,475,1.0107269378231967,6,0.0,0.000011880999904952,0.0,0.005643273811645341,0.005210894709608902,1.178849035727791,0.0
10654,65,29952,26173,15,29937,0,2,0,0,376033613,264668,1.0784754475764204e+20,29682,316,1.0083759085003023,3,0.0,0.00006680696128536593,0.0,0.010550213675213676,0.0034867146381962894,1.1443854353723302,0.0
16817,27,74971,22562,562,74409,0,1732,1062,0,3163738,14973,1.0014542864795683e+17,66182,19979,1.101211503539014,8,0.0,0.023276754156083268,0.6131639722863741,0.2664897093542837,0.03159143700030033,3.322888041840262,0.0
427,86,86994,62748,749,86245,12,1056,240,3,103730387,603297,2.463017155385943e+18,82218,2203,1.0831740797736231,36,0.01602136181575434,0.012244188068873557,0.2247191011235955,0.025323585534634572,0.04211517031993467,1.3864027538726333,1.3084870736739898
14599,31,163946,74267,2632,161314,47,14992,15007,39,2401394136,42438793,3.2706042987146317e+18,125529,118150,1.4884118924161867,33,0.017857142857142856,0.09293675688408942,0.9978721989493983,0.7206641211130494,0.734235608062939,2.2075215102266146,0.19214295243177312
826,84,34233,21760,371,33862,1,200,34,0,41201622,159095,8.414655594091805e+17,32743,1408,1.0190368627834065,8,0.0026954177897574125,0.005906325674797709,0.1691542288557214,0.041129903893903544,0.04896412163194053,1.5732077205882353,0.4563611859838275
32156,7,2162849,67311,9052,2153797,389,211707,74761,54,6656344611,24901398,1.8873860997297107e+19,1118342,3560,1.7717185331740162,149,0.04297392841361025,0.09829477894156227,0.35248660983705493,0.0016459771347884203,0.3526753011454966,32.13217750441978,0.4371944153733628
570,98,91228,71312,2,91226,0,71,14,0,347434652,8940,6.345819664318974e+19,90014,1237,1.0136116908068353,3,0.0,0.0007782868918948545,0.19718309859154928,0.013559433507256543,0.005475016158330844,1.2792797846084811,0.0
844,92,114110,66605,789,113321,1,685,174,0,134985196,343643,2.076686838870383e+18,109331,6454,1.0287090345048433,23,0.0012674271229404308,0.006044775460858976,0.2536443148688047,0.05655946017001139,0.065000265554447,1.7132347421364762,0.20967315182296725
21453,40,2329781,376422,63345,2266436,10562,79971,2854,1094,11351519107,271341882,4.467501138865518e+18,1546204,54939,1.4106441059054844,81,0.1667377062120136,0.035284914288336404,0.03152441651110645,0.02358118638618823,2.5409101764398465,6.189279585146458,4.7254672308253145
752,66,32902,27499,0,32902,0,23,16,0,416315575,0,2.9543805324857047e+18,31269,207,1.0345832786976572,6,,0.000699045650720321,0.6956521739130435,0.006291410856482889,0.1409146758253676,1.1964798719953453,
13849,8,42321,13746,392,41929,66,687,753,66,930227000,8514018,7.433780786313655e+18,33045,33822,1.4172332452280623,15,0.1683673469387755,0.016384841040807077,1.0,0.7991777131920323,0.125135113173184,3.078786556089044,10.27579983958649
332,98,17256935,906509,16762,17240173,509,1526322,652721,103,564137476991,822730404,6.747308554934055e+21,4297863,3901424,3.405033427046933,705,0.030366304736904905,0.08853287029080277,0.427500489576122,0.22607861708930352,0.08360926025510829,19.036694616379982,0.34299469380311626
7037,67,244228,51196,318,243910,31,9953,7510,15,3092810431,10199640,4.811007741690356e+19,153402,4020,1.4626608897713962,87,0.09748427672955975,0.0408060350129146,0.7522035256410257,0.01646002915308646,0.06428612459295972,4.770450816470037,2.3889671392652385
341,10,618422,78168,1879,616543,56,20197,155,3,1580073800,4162638,1.1775464612536132e+19,442686,2534,1.3545566501403565,26,0.029803086748270355,0.03275846129142655,0.007653187182145855,0.004097525637833065,0.13418356319612706,7.911447139494422,0.9097828644372357
868,26,75517,59461,1481,74036,1,712,662,1,8162167,98339,3.1449755099089623e+18,72005,11645,1.0595886941754344,4,0.0006752194463200541,0.009616943108757901,0.9284712482468443,0.15420368923553637,0.002595303834412456,1.270025731151511,0.07021144231425776
13992,15,21919,10415,413,21506,8,37,45,8,2669732,51383,7.043262106520959e+16,20602,8025,1.0446433044511578,6,0.01937046004842615,0.0017204501069468985,1.0,0.36612071718600303,0.03790476571258431,2.104560729716755,11.258949021660888
621,82,295595,80341,8240,287355,42,429,129,32,718314570,32538600,3.8962099359082516e+18,246430,65193,1.1552418467564272,12,0.005097087378640777,0.0014929268674635904,0.27388535031847133,0.22054838545983524,0.18436238853042003,3.679254676939545,3.41415744449725
8094,72,7412757,135673,20419,7392338,5351,1788204,1578206,4117,163474492951,134471760,2.803914254458926e+21,1542534,4370204,4.8825796143679305,1007,0.2620598462216563,0.24189965339788305,0.8799317556473039,0.5895517686604322,0.05830224397591138,54.636935867858746,1.0833411397684527
4030,27,694143,177066,3463,690680,169,19614,11617,69,380890576,2434484,1.5641683998780042e+18,591843,255658,1.1549319062236514,76,0.04880161709500433,0.02839810042277176,0.5872213516655714,0.3683073948739669,0.24350995457375763,3.920250076242757,1.7184817423869476
10967,1,10158,690,161,9997,0,1118,1112,0,2358747,39239,2.075095259977792e+16,3983,1646,2.5503389404971126,17,0.0,0.11183355006501951,0.9946332737030411,0.16203977160858438,0.11366933583691206,14.721739130434782,0.0
6114,25,18007,15601,0,18007,0,2,2,0,187101395,0,3.214319402719971e+19,17854,136,1.010062243428526,3,,0.0001110679180318765,1.0,0.007552618426167602,0.0058208712812321635,1.1542208832767131,
25112,30,60908,38661,13874,47034,3,5241,108,0,578011622,150966917,1.123522259667755e+19,51795,329,1.0619253734017806,20,0.0002162318004901254,0.1114300293404771,0.020594965675057208,0.005401589282196099,0.05144638809122731,1.5754377796746075,0.0019405164098936383
20908,41,11194,5783,7872,3322,0,2,2,0,1494091,847293,9.4167427329602e+17,10088,3933,1.074918672555851,9,0.0,0.0006020469596628537,1.0,0.35134893693049846,0.0015866324931766772,1.935673525851634,0.0
7040,78,90588,57817,119,90469,2,873,781,1,946513497,1150482,9.076606478373711e+19,80551,25818,1.113214329279696,11,0.01680672268907563,0.009649714266765412,0.8925714285714286,0.2850046363756789,0.010428054793993781,1.5668056108065103,1.7416808647857767
22495,14,831168,95000,23715,807453,2853,129160,130283,2767,429112549,13079060,1.0007743658641701e+18,556229,78214,1.4808620859325887,81,0.12030360531309298,0.1599597747484993,0.9868952300152257,0.09410131285131285,0.4287805160051843,8.749136842105264,0.7520866136642371
28652,17,73248,25506,111,73137,0,4113,3998,0,105915877,126578,3.676361184322701e+17,57314,10405,1.3129759188929968,91,0.0,0.05623692522252759,0.9720398735716023,0.14205166011358672,0.28809975867350196,2.871794871794872,0.0
749,11,12410,10574,1,12409,0,0,0,0,117435230,9559,1.3994611472821768e+19,12345,96,1.0025005600649872,2,0.0,0.0,,0.007735697018533441,0.00839146054380038,1.1736334405144695,NaN
591,96,111453,73856,869,110584,0,624,146,0,162705819,788807,3.073391046332561e+18,104841,3239,1.0468893673615651,22,0.0,0.005642769297547565,0.23397435897435898,0.029061577525952644,0.05294016171295703,1.5090581672443675,0.0
204,65,66471,39405,443,66028,1,1725,1403,0,660872244,5487370,1.6308161647958167e+18,52926,1232,1.3608978886895262,23,0.002257336343115124,0.026125280184164296,0.8128621089223639,0.01853439845947857,0.4052401848020333,1.68686714883898,0.08640429221055385
18419,47,17738561,513458,19356,17719205,4698,2698946,1424892,2462,695723538173,479266719,5.237671435963683e+21,6287611,23207,2.750859812602902,212,0.24271543707377558,0.15231755600773286,0.5270264872150328,0.0013082797415190557,0.13283069522000157,34.547248265680935,1.5934830063939143
23814,7,42612,10909,2029,40583,99,2471,1095,99,20102112,213374,3.563095232034741e+17,32838,8520,1.4742445066737364,22,0.04879250862493839,0.060887563758223885,0.4260700389105058,0.19994367783722894,0.056417554656602566,3.9061325511045926,0.8013542604313536
29048,2,43796,11150,233,43563,1,297,5,1,3636209,6083,2.085268741243684e+16,34949,2595,1.260026563738085,39,0.004291845493562232,0.00681771227876868,0.016778523489932886,0.05925198648278381,0.1743760373941688,3.9278923766816143,0.6295140243638098
26038,28,13226,12308,8,13218,0,0,0,0,89317407,49376,8.45439657618208e+19,13209,182,1.0017593202023036,2,0.0,0.0,,0.013760774232572206,0.0010564610518937218,1.074585635359116,NaN
12271,27,65454,43583,12964,52490,1455,429,1872,1451,14678823,2732021,3.9367283919380056e+16,59754,13208,1.0926270820599868,19,0.11223387843258253,0.00817298533053915,0.9936305732484076,0.20179057047697618,0.3728685735612505,1.501824105729298,13.732299018476123
17380,10,128507,14819,12544,115963,4597,18675,20865,3930,61189518,6417607,5.6841901754386376e+16,50480,6874,2.669328451989895,33,0.3664700255102041,0.16104274639324612,0.896570986593331,0.05349124950391807,1.0764861151971947,8.671772724205413,2.27560715224845
5078,82,13498001,907748,127580,13370421,8109,994097,657802,3494,26471837555,268253328,3.884437080562147e+19,7008483,552565,2.4688984117298167,111,0.06356011914093118,0.07435046360918628,0.6563540828931378,0.04093680241985461,0.6814845241660872,14.869766719397894,0.8548718603158527
4295,28,23119,10524,23039,80,317,0,214,214,55071706,54771449,6.044823811066299e+17,14102,4505,1.7996318391108748,33,0.013759277746429967,0.0,0.6750788643533123,0.19486136943639432,0.09110556026327823,2.1967882934245533,inf
24350,26,5937035,274315,28965,5908070,2036,772872,174751,278,37926645153,71199779,5.928247757067039e+19,2311956,85217,2.4575994560500805,86,0.07029173139996547,0.13081632411261207,0.22551193173899353,0.01435346094473083,0.6397614726507982,21.643129249220788,0.5373314980128585
4045,85,8010241,752003,4677,8005564,13,873535,205104,0,171306727854,100792204,3.380505346806409e+20,4960731,25830,1.8613846841382735,62,0.0027795595467179817,0.10911598483254896,0.23479419562519746,0.0032246220806589963,0.5067488741463901,10.651873729227145,0.025473440495299895
2074,88,33326,25727,374,32952,1,244,54,1,17791511,168418,6.273139690687442e+17,31815,1441,1.023927529077177,10,0.00267379679144385,0.007404709881039087,0.22040816326530613,0.043239512692792414,0.028361413705503373,1.2953706223034167,0.3610940650477777
6668,6,19155,3681,1429,17726,22,606,328,1,4186186,322983,8537672111417109.0,7470,5737,2.6179413129835374,28,0.015395381385584325,0.03418706984091165,0.5222929936305732,0.29950404594100755,0.4903193687190177,5.203748981255094,0.4503276079882306
6290,72,62484,36971,98,62386,1,760,578,1,475815167,825095,5.593566993819286e+19,55311,15997,1.106827126288895,16,0.01020408163265306,0.012182220369954798,0.759526938239159,0.2560175404903655,0.008506471228927098,1.690081415163236,0.8376208378088076
371,25,754832,144022,11032,743800,303,21634,21829,302,50358363,756047,1.1263499291249896e+17,591501,377736,1.2949906166026688,41,0.02746555474981871,0.029085775746168326,0.9950768108674841,0.5004239353922462,0.4470934094089315,5.241088167085584,0.9442950736301726
16231,20,20330,13754,1,20329,0,121,121,0,220931843,8793,3.724408796435708e+19,19103,204,1.0776321956433423,13,0.0,0.005952088149933593,1.0,0.010034431874077718,0.005931997669306164,1.4781154573215065,0.0
9827,74,88579,69077,6,88573,0,1,1,0,1009598658,103681,1.1213415550642604e+20,86682,37089,1.0169560578859544,4,0.0,0.000011290122272024207,1.0,0.41871098115806227,0.009003489199525323,1.2823226254759181,0.0
26208,20,122879,74374,4856,118023,16,270,215,13,5161191,194203,3536096391115264.0,115828,52040,1.035917518565944,6,0.0032948929159802307,0.0022876896876032637,0.7517482517482518,0.42350605066773006,1.4595730515061527,1.6521768359910722,1.4402709134175362
14007,3,204474,31960,962,203512,56,10246,10282,53,368831930,2088806,5.2423435967944205e+17,147923,165799,1.3845833152292355,23,0.058212058212058215,0.05034592554738787,0.998058629392351,0.810856147969913,0.7035630595169929,6.397809762202754,1.1562416934269364
255,90,64892,47317,507,64385,7,702,413,0,89219621,582388,2.6616740088446684e+18,61527,3984,1.0744741673354614,18,0.013806706114398421,0.010903160674070047,0.5825105782792666,0.06139431671084263,0.033520115800629864,1.3714309867489485,1.2663030956916559
6918,27,23705,17983,602,23103,0,23,20,0,286479874,148374,3.956036773056886e+19,22637,814,1.1268246520287588,40,0.0,0.000995541704540536,0.8695652173913043,0.03433874709976798,0.007241587741325086,1.3181894011010398,0.0
13867,8,68849,6972,1049,67800,47,6734,4425,15,6847204,112879,7.0150789067526456e+16,22091,6966,3.1105924333581627,66,0.044804575786463297,0.09932153392330384,0.6525586196726146,0.10117794012984938,0.09760694200330304,9.875071715433162,0.4511063614972099
29340,2,14117,5244,187,13930,10,1494,1497,10,296042,3985,257141969902961.0,6194,14028,2.153044054438138,15,0.053475935828877004,0.1072505384063173,0.995345744680851,0.9936955443791173,1.1512784167894448,2.6920289855072466,0.49860762121570057
14147,2,71027,17008,10245,60782,813,4667,5480,813,1917729,289771,5644976505490242.0,54155,71027,1.3147901875545263,15,0.07935578330893119,0.07678260011187522,1.0,1.0,0.3397231145488095,4.176093603010348,1.033512582190584
10205,10,316231,70627,1454,314777,190,41094,1878,13,233221241,636984,3.9984586334830035e+17,221487,10499,1.594450771271358,44,0.13067400275103164,0.1305495636593525,0.045489778122274976,0.03320041362168794,0.5832778637423194,4.477480283744177,1.0009531942366643
12825,2,41976,4343,182,41794,20,26002,26022,20,23000396,106988,3.77278238622779e+16,8514,7358,5.347193488050435,881,0.10989010989010989,0.6221467196248265,1.0,0.17529064227177435,0.6096401447367047,9.665208381303247,0.17663053814119117
18589,35,7019303,136877,23548,6995755,11442,2548943,910640,9542,46232614147,140231166,2.8086486247947128e+20,1101883,4374818,7.87096025850982,346,0.4859011381009003,0.3643556699741486,0.35566526127906545,0.6232553289122866,0.1646080386804497,51.2818296718952,1.333590165168489
5221,43,18341,15872,6,18335,0,86,83,0,131334026,156706,2.923192523061439e+19,17768,308,1.0330047505334994,11,0.0,0.004690482683392419,0.9651162790697675,0.016792977482143832,0.0044928284731125,1.1555569556451613,0.0
14650,17,32302,17280,71,32231,0,68,49,0,14792858,101316,3.896146975228333e+16,30074,19133,1.074149261491714,8,0.0,0.0021097700971114764,0.7205882352941176,0.592316265246734,0.3796791572302805,1.8693287037037036,0.0
127,89,79355,55398,933,78422,0,519,124,0,65220004,515619,1.568270845034655e+18,76417,4191,1.0294030457077112,16,0.0,0.006618040855882278,0.23892100192678228,0.052813307290025834,0.04158720683132944,1.4324524351059604,0.0
499,44,7748476,483209,147542,7600934,35484,1415933,920007,15126,27034115544,439395223,6.062665542317122e+19,3196990,371716,3.551480892779368,283,0.24050100988193193,0.18628408035117788,0.6338681440275262,0.04797278845543304,0.44591137933146957,16.03545463764127,1.2910443524135058
7070,20,12084,1824,255,11829,0,58,58,0,1218445,27073,7.152149564652983e+16,3065,11967,1.907748452577144,105,0.0,0.004903203990193592,1.0,0.990317775571003,0.017036067115007512,6.625,0.0
365,48,25575,16083,13828,11747,179,11,37,37,200680618,98085964,3.208890939548969e+17,21782,15230,1.1583054839007934,22,0.012944749783048886,0.0009364092959904657,0.19473684210526315,0.5955034213098729,0.6253893378757428,1.5901883976869986,13.823815972861388
10747,8,43592,5210,1180,42412,0,1031,1000,0,19099548,212258,1.1324795281955389e+17,26983,9974,1.21659807036763,34,0.0,0.024309157785532397,0.9699321047526673,0.22880345017434392,0.16865247913516532,8.366986564299424,0.0
25663,3,10324,3393,10,10314,0,25,4,0,928638,640,2.510626166704088e+16,7913,736,1.2340240703809147,11,0.0,0.0024238898584448324,0.16,0.0712901975978303,0.036988302452814065,3.0427350427350426,0.0
32094,5,162313,34341,0,162313,0,2356,2335,0,456306057,425,2.71981519212438e+18,147756,10212,1.0978758566155995,6,,0.01451516514388866,0.9910865874363328,0.0629154781194359,0.16777097882286285,4.7265076730438835,
246,35,14332,9216,82,14250,3,215,174,3,81004393,737776,1.9621763189305308e+18,12983,1304,1.118479984048148,10,0.036585365853658534,0.015087719298245613,0.7981651376146789,0.09098520792631873,0.04128293274080018,1.5551215277777777,2.424844015882019
23850,7,11521,2638,3371,8150,155,1478,1244,154,2152770,695789,2.908236480638165e+17,5890,5947,1.3886796324002815,20,0.045980421239988134,0.18134969325153374,0.7617881200244948,0.5161878309174551,0.007402321009079734,4.367323730098559,0.2535456245642106
29090,16,3943276,206095,15515,3927761,1265,548414,147362,155,17027310239,72127706,2.156274955811223e+19,1949842,5112,1.8282682865886528,166,0.08153399935546246,0.1396250942967253,0.2680873746313758,0.0012963840218133348,0.789663219577397,19.133292898905843,0.583949466721146
13760,62,2729050,476582,5217,2723833,269,86180,13596,143,44558293660,60828337,3.73514457992961e+20,2093502,2935,1.307017335300523,29,0.05156220049837071,0.031639237794681245,0.15727191754676167,0.0010754658214396952,0.11929469584505271,5.726296838739189,1.629691613716391
32213,7,2163453,67347,9081,2154372,418,212465,75289,49,6663355521,24693877,1.89078124501374e+19,1116738,3619,1.7734766030259677,156,0.046030172888448406,0.09862038682270285,0.3536637495713608,0.001672788824162115,0.3524128208153227,32.1239698873001,0.46674094851402526
502,98,1472241,549953,251,1471990,3,3364,286,0,110735304247,25131633,1.3848740756316915e+21,1334075,6056,1.082044292209987,13,0.01195219123505976,0.002285341612375084,0.08494208494208494,0.004113456967982824,0.07996055828865854,2.6770305826134235,5.229936378149708
7189,58,98278,18161,181,98097,5,33935,7578,1,3511894888,12221359,7.462978879087619e+17,27834,1145,2.052475108509557,364,0.027624309392265192,0.3459331070267185,0.22327637006482026,0.011650623740816867,4.705754826455229,5.411486151643632,0.07985448293658577
11691,19,26719,18988,0,26719,0,88,88,0,308431690,0,3.371782176402592e+19,26091,144,1.023272689986678,4,,0.0032935364347468094,1.0,0.005389423256858416,0.009147438175530978,1.407151885401306,
1199,96,25372,23510,0,25372,0,0,0,0,106312366,0,6.211164553567065e+19,25277,510,1.0029638022449923,3,,0.0,,0.02010089862840927,0.0017116333834521404,1.0792003402807315,
7740,63,40387,33637,17,40370,0,38,0,0,933228106,42242,1.8244492843031563e+20,39709,334,1.0226134795927584,6,0.0,0.0009412930393856825,0.0,0.00826998786738307,0.005115122212654127,1.200671879180664,0.0
678,17,1174888,175132,3047,1171841,418,75038,17404,141,45483024433,88942703,4.939730010522302e+20,875548,8802,1.3502080263109997,36,0.1371841155234657,0.06403428451470805,0.2306509754028838,0.007491777939684464,0.0920759319560278,6.70858552406185,2.142354155483003
7088,79,29767,26602,60,29707,0,599,599,0,39501744,60430,1.4657562160705944e+19,28598,1281,1.0216141756701553,17,0.0,0.020163597805231092,1.0,0.043034232539389254,0.002694973663894563,1.1189760168408391,0.0
3429,68,573195,263526,7759,565436,626,19085,8685,288,1116423528,16317739,1.006366996890208e+18,488463,11058,1.2234611260359365,70,0.08068050006444129,0.03375271471926089,0.4406169144132718,0.019291864025331694,1.1093602348346872,2.175098472257007,2.390341065466986
5132,70,11107,8451,11062,45,827,0,448,448,35636066,35553312,677759815939738.0,8988,5154,1.2407286856410233,40,0.07476044114988248,0.0,0.5417170495767836,0.4640316917259386,52.579195700160135,1.3142823334516625,inf
4480,81,4231475,586711,9944,4221531,907,474281,246474,163,183932551651,419779571,2.1731821836969588e+21,2524294,222963,1.8219364450773334,1145,0.09121078037007241,0.11234810309340379,0.5186873405894088,0.052691555545052254,0.08463742848199635,7.212196464698974,0.8118586594581106
26226,27,709740,181025,1429,708311,0,22940,21445,0,10303908150,22851927,2.146641767466384e+18,567552,12521,1.1811988062350953,17,0.0,0.03238690349295719,0.9348299912816042,0.01764167159804999,4.800012888112854,3.9206739400635273,0.0
24139,26,654950,151935,42507,612443,3001,26258,165,4,1399667501,88673839,1.7429463237129306e+18,466213,1448,1.3957237869569967,32,0.07060013644811443,0.04287419400662592,0.005639290474725726,0.0022108557905183603,0.8030468190313187,4.310724981077435,1.6466813682189256
4334,4,13605,6502,0,13605,0,3428,3428,0,1674798,0,237848581243028.0,9323,2787,2.114298516854172,20,,0.2519661889011393,1.0,0.20485115766262404,7.041446248059522,2.092433097508459,
15338,28,11427,9875,1550,9877,0,0,0,0,25450657,2146175,2.3625256191034363e+20,10851,256,1.0486764932890038,3,0.0,0.0,,0.02240308042355824,0.00010772648048429782,1.1571645569620252,NaN
30692,12,1193597,156649,61375,1132222,3748,35871,26710,2867,528489680,28435852,2.0894198545343853e+19,872115,39274,1.3016061975729658,17,0.06106720977596741,0.031681949299695644,0.6741714833791868,0.0329039030761639,0.02529360859920472,7.619563482690602,1.9275079698632704
6570,16,10497,8177,0,10497,0,4,0,0,46331863,0,6.777040688978746e+18,10209,190,1.0308041863026571,6,,0.0003810612555968372,0.0,0.018100409640849767,0.006836592124250901,1.283722636663813,
24124,34,171822,14411,83,171739,1,45249,31134,1,2724308105,300656,8.556736549668167e+18,66615,10102,1.9255619174558627,128,0.012048192771084338,0.26347538998130887,0.6880441988950277,0.058793402474654005,0.3183816738059616,11.922975504822706,0.045727962569631436
11274,19,10086,7186,1108,8978,33,16,44,28,7357913,1013308,5657153263938814.0,9472,9192,1.074052467946202,8,0.029783393501805054,0.0017821341055914458,0.8979591836734694,0.9113622843545509,1.3006387942328834,1.4035624826050654,16.712206678700362
5126,43,21206,8960,731,20475,15,375,389,14,822750,22161,578909986012860.0,14771,10546,1.3136984921058283,24,0.02051983584131327,0.018315018315018316,0.9974358974358974,0.4973120814863718,1.4212054030481402,2.3667410714285713,1.1203830369357044
25321,32,12260316,432771,34964,12225352,5975,1916187,234660,191,47650538845,105410763,9.224441960615152e+20,5230695,111999,2.4666563854140837,950,0.17089005834572704,0.156738799831694,0.12208128139043431,0.009135082652029523,0.0516568254735079,28.329800286987805,1.090285612300392
26,50,7894177,474810,26229,7867948,7280,1531056,1294744,5953,738610855877,71217030,2.7289550853959776e+21,2741125,70972,3.619335000087984,7779,0.2775553776354417,0.19459406696638057,0.8416522788259522,0.008990424207615309,0.2706570217405487,16.625970388155263,1.4263301135660733
294,52,19158,17367,39,19119,3,0,0,0,230249065,136027,5.9589367007711e+19,18973,346,1.0501619294788596,5,0.07692307692307693,0.0,0.0,0.018060340327800396,0.0038639286933557326,1.1031266194506824,inf
28608,18,2332109,188806,20414,2311695,1929,336897,202145,947,6909245598,68009216,1.739098120991457e+19,1030322,10938,2.4628130108166832,82,0.09449397472322915,0.14573592104494754,0.5966041567058018,0.004690175287690241,0.3972890036854878,12.351879707212694,0.6483917900658517
11036,2,29608,1278,855,28753,302,9760,9008,286,7248794,180667,1.4381734729382296e+16,8055,5347,3.715760694221328,44,0.3532163742690059,0.3394428407470525,0.8952494533889883,0.1805930829505539,0.5040277919457453,23.167449139280127,1.0405768862045826
20349,37,38983,26780,18,38965,0,21,20,0,382315072,188259,4.5784446528734945e+19,36009,9058,1.0634790442972957,7,0.0,0.0005389452072372642,0.9523809523809523,0.23235769437960135,0.008350326387806258,1.4556758775205376,0.0
8416,18,28998,9085,3796,25202,1,380,380,1,3937012,485955,2.7750806700576892e+16,11008,9978,2.2011032607563688,401,0.00026343519494204424,0.015078168399333387,0.9973753280839895,0.3440926960480033,0.14187018209882007,3.191854705558613,0.017471299428761574
9330,65,926033,301335,3777,922256,4,14928,12,0,9468104917,32252379,9.12328321156555e+19,840499,1812,1.0867790093713308,7,0.0010590415673815197,0.016186395100709565,0.0008036431824270024,0.001956733723312236,0.10377957909930187,3.073101365589792,0.06542788315695411
550,77,1917365,488741,391,1916974,0,72503,71100,0,102641731697,26923846,1.7755866888816692e+21,1593677,93586,1.142995658303712,56,0.0,0.03782158756456791,0.9806490765899342,0.04880969455476657,0.05780722075678974,3.9230696831246,0.0
12346,12,504721,111333,56438,448283,2222,10415,9592,351,169111792,19342390,1.915823809755793e+17,409392,326718,1.350689312124245,740,0.03937063680498955,0.023233091596156892,0.7590409116087679,0.6473239671026171,0.8827105662788292,4.533435728849487,1.694593104066359
7228,80,446429,235674,27825,418604,478,4803,2363,74,805077549,49844650,1.4178649850369516e+19,418850,62486,1.081448207246659,20,0.017178796046720575,0.011473851181546282,0.4474531338761598,0.1399685056302346,0.056780974034634085,1.8942649592233338,1.4972127296151196
13257,59,66373,45291,41,66332,0,66,64,0,1307922936,690193,1.4487212048093828e+20,61195,16198,1.0721305970238413,7,0.0,0.0009949948742688296,0.9696969696969697,0.24404501830563632,0.009028120328866804,1.4654787926961206,0.0
32,98,2133565,760141,20884,2112681,3147,53139,9393,713,7076575513,8048795,7.295265787460374e+20,1894061,36741,1.1687235421621738,431,0.15068952307986977,0.025152401143381325,0.16687986355399212,0.017220473714182602,0.009700229873959802,2.806801632854957,5.9910591525979475
16785,50,502891,210681,42018,460873,2748,5231,6997,2398,115680670,10043734,6.997687184434219e+18,427368,41764,1.1696483459102458,23,0.06540054262458946,0.011350198427766434,0.8769269331996491,0.08304781751910453,0.016531271969018872,2.3869784176076627,5.762061609830322
32127,7,2181166,68931,9151,2172015,426,212918,76039,57,6713154618,24781186,1.899328891744982e+19,1126451,3739,1.7735226758247187,221,0.046552289367282264,0.09802786813166575,0.35641499175041247,0.0017142207424836074,0.3534487706251013,31.642744193468832,0.4748883175216637
28852,16,3964951,205384,15800,3949151,1277,552603,149404,164,17040150633,73105410,2.15138008923914e+19,1960540,5127,1.8411218673340461,152,0.08082278481012659,0.1399295696720637,0.26974073806600707,0.0012930802927955478,0.7920567229487767,19.30506271179839,0.5775961792746261
404,12,13449,7940,1710,11739,4,195,10,0,10472138,1654858,1.9671551018578416e+17,10758,370,1.1714546496268647,17,0.0023391812865497076,0.016611295681063124,0.05025125628140704,0.02751133913302104,0.05323493805907725,1.6938287153652394,0.1408187134502924
41,43,30805,11171,7250,23555,543,9879,9149,442,2890928,697918,3746986861527456.0,14760,16296,1.9099099514597004,131,0.07489655172413794,0.41940140097643813,0.8778545384763001,0.529005031650706,0.7715340637254103,2.7575866081818994,0.17857964124527473
4382,84,141338,91966,60521,80817,912,743,368,133,20648078,6638057,3.820505543864089e+16,126484,25214,1.12810094031443,27,0.015069149551395383,0.009193610255268075,0.22235649546827796,0.17839505299353323,0.540454077685132,1.5368505752125785,1.639089447234348
6859,45,23128,8644,5342,17786,430,7589,7194,350,2184543,517220,2850949332682420.0,10721,12976,1.7507559883093886,142,0.08049419692998877,0.42668390869222983,0.897119341563786,0.5610515392597717,0.7662510781784371,2.675613142063859,0.188650650493712
27837,15,10093,9394,92,10001,0,31,29,0,37860065,225449,1.112519923112187e+19,9912,921,1.077686026086789,6,0.0,0.0030996900309969004,0.9354838709677419,0.09125136233032795,0.0034030909661455265,1.074409197360017,0.0
312,41,35550,21488,62,35488,0,91,42,0,422211660,308066,3.289838125574197e+18,32957,298,1.074523950053679,5,0.0,0.0025642470694319207,0.46153846153846156,0.008382559774964838,0.1283381260366142,1.6544117647058822,0.0
23133,38,611676,251627,356,611320,0,2460,2459,0,22614802,31832,4.3940551141192557e+17,567203,328879,1.0713467008375193,19,0.0,0.004024079042072891,0.9995934959349594,0.5376686350290023,0.05146681462263112,2.430883808176388,0.0
11599,37,43096,24504,66,43030,1,4431,2625,1,762386716,1073706,5.0564363663756646e+17,30189,3245,1.6286606539417412,28,0.015151515151515152,0.10297466883569603,0.592283393501805,0.0752970113235567,1.5077549894026667,1.7587332680378713,0.1471382751003604
3977,20,52794,28227,17379,35415,23,515,97,0,21564629,4157336,3.39216391556563e+17,42472,1342,1.2651359576346735,47,0.001323436331204327,0.014541860793449103,0.18029739776951673,0.025419555252490813,0.06357189551202505,1.8703369114677437,0.09100873333903155
2408,6,32280,6532,9,32271,0,128,128,0,14406754,71852,1.0424399985881902e+17,24393,4238,1.143684460893115,31,0.0,0.003966409469802609,1.0,0.13128872366790584,0.13820223724637892,4.941824862216779,0.0
3191,68,368147,131369,303,367844,1,5445,3108,0,16251703261,13080946,1.549981344490283e+20,244652,7536,1.7793243947927284,99,0.0033003300330033004,0.014802470612542274,0.570694087403599,0.02047008396102644,0.10485096042458775,2.8023886913959912,0.22295805338109567
3584,58,47054,39961,27,47027,0,12,0,0,283584519,151859,7.294442348709073e+19,46548,334,1.00847896083048,4,0.0,0.00025517256044400025,0.0,0.007098227568325753,0.003887679214439019,1.177498060609094,0.0
586,73,130339,94988,38,130301,0,131,116,0,991414280,358433,1.276300219803786e+20,121873,1683,1.0613640779247973,6,0.0,0.0010053645021910807,0.8854961832061069,0.01291248206599713,0.007767876747309631,1.3721627995115173,0.0
12751,65,2777736,535574,42263,2735473,2104,56970,4704,615,248258861575,548156291,1.1125123455749416e+22,2301761,25072,1.182956353831716,43,0.0497834985684878,0.020826379935024033,0.07962893997359244,0.009026055751878509,0.02231515565309982,5.186465362396233,2.3904057605693705
24556,9,66279,12058,1992,64287,349,179,323,258,96196227,2024015,5.050326719515705e+16,15056,4320,4.6106985884367155,93,0.17520080321285142,0.002784388756669311,0.6117424242424242,0.06517901597791155,1.9047525505285452,5.49668270028197,62.92253651477419
6606,53,466700,163268,907,465793,5,5553,2568,0,15992834585,15582053,1.576439795403348e+21,410984,1108,1.1220667846945727,18,0.005512679162072767,0.011921604661298045,0.4620367038503059,0.002374116134561817,0.010144906663503804,2.858490334909474,0.46241083467303445
19849,21,33424,23522,2,33422,0,274,221,0,210465081,11276,7.429344218270535e+19,32306,305,1.0598395439151755,32,0.0,0.008198192807133025,0.8065693430656934,0.0091251795117281,0.0028328890789905254,1.4209676047955107,0.0
27953,20,874055,158807,6215,867840,707,19401,19550,690,569535726,1922802,4.1444026724253527e+18,699895,683196,1.2517348194881104,44,0.11375703942075624,0.02235550331858407,0.9722498508056495,0.7816395993387144,0.137422873937754,5.5038820706895795,5.088547450693732
26795,25,10383701,295554,26851,10356850,3169,761740,764751,3161,178061345502,835416365,1.2115776345700516e+20,3323388,5937376,2.7804157418148314,45,0.11802167517038471,0.07354939001723497,0.9997934394810363,0.5717976663619263,1.469665173913416,35.13300784289842,1.6046587897293025
25333,4,23009,9882,1048,21961,1,838,811,1,4922469,242336,5.396059911646862e+16,19329,4064,1.1074801466834803,12,0.0009541984732824427,0.03815855379991804,0.966626936829559,0.17662653744187057,0.09122339411716568,2.3283748229103423,0.02500614877297819
20379,23,42608,10311,9974,32634,75,179,21,1,7411425,1772516,1.9276462576073462e+17,25156,1857,1.9064769306752662,150,0.007519550832163625,0.005485076913648342,0.08267716535433071,0.04358336462636125,0.03844805534600154,4.132285908253322,1.3709107366303226
824,45,23781,22016,39,23742,3,11,13,3,218715156,87764,3.038158263406884e+18,23458,229,1.0170795699327972,4,0.07692307692307693,0.00046331395838598264,0.9285714285714286,0.00962953618434885,0.07198938864848353,1.0801689680232558,166.02797202797206
22850,33,80274,59145,2,80272,0,66,50,0,85752561,2050,2.8522908244340204e+18,77286,2912,1.0404071830137829,8,0.0,0.0008222045046840741,0.7575757575757576,0.0362757555372848,0.030064452146816363,1.3572406796855185,0.0
166,84,37998,33514,2,37996,0,0,0,0,176932394,6358,6.522762611552631e+19,37740,615,1.0054554863237697,3,0.0,0.0,,0.016185062371703775,0.0027125376858975446,1.1337948320105031,NaN
27697,16,869729,15645,5180,864549,9,26905,25789,4,278551498,1676335,5.217300622058316e+18,145138,619803,5.311095437305971,82,0.0017374517374517374,0.031120271956823733,0.9582001932079959,0.7126392244020838,0.05338996507548506,55.59149888143177,0.05583022345891701
3578,38,10479,8578,1997,8482,40,3,0,0,136981288,23750751,4.274795080830336e+17,9713,8408,1.0637512475814985,7,0.020030045067601403,0.0003536901674133459,0.0,0.8023666380379807,0.32043942553941734,1.2216134297038936,56.63161408779837
7243,81,2570869,402599,19132,2551737,1174,292675,216327,313,2518355798,30272560,5.706417414336369e+18,1440783,646739,1.628127284142967,51,0.061363161195902155,0.11469638132769952,0.7361842306762997,0.2515643543097684,0.4413199412424816,6.385681534231332,0.5350052066645521
13403,42,28808,16793,79,28729,2,150,22,2,225766335,598681,2.471044267081462e+19,25765,13395,1.0871432831860672,6,0.02531645569620253,0.005221205054126493,0.14473684210526316,0.464975006942516,0.009136474728825941,1.7154766867147027,4.848776371308016
443,37,34589,22172,6392,28197,111,1036,729,19,34143684,5677761,5.220483375155035e+16,28647,7688,1.1720764631809693,12,0.017365456821026283,0.03674149732241019,0.6355710549258936,0.22226719477290469,0.6540329993673434,1.5600306693126467,0.4726387895583765
29025,10,34711,18880,459,34252,1,19,16,1,18512772,210702,3.810203300874994e+16,31975,3242,1.0706179770225457,10,0.002178649237472767,0.0005547121335980381,0.8,0.09339978681109734,0.4858736014361395,1.8385063559322035,3.9275312464166956
851,89,11071,10593,2,11069,0,0,0,0,13791005,2192,8.564669501381964e+18,11066,503,1.000311431579608,2,0.0,0.0,,0.045434016800650345,0.0016102203357379677,1.0451241385820824,NaN
3843,49,11821,11056,8,11813,0,0,0,0,12890028,7931,9.095798858813414e+18,11820,5581,1.0001236858379716,2,0.0,0.0,,0.4721258776753236,0.0014171408361245972,1.0691931982633864,NaN
27039,24,3373395,301907,24112,3349283,1930,109785,57734,985,4257504882,32328115,5.778476230826153e+18,2222276,16484,1.4551552218808361,34,0.08004313205043131,0.03277865740219623,0.5167972071789823,0.004886471937024866,0.7367867776781183,11.17362300311023,2.4419283275790384
21013,40,242744,98770,1089,241655,1,1053,838,1,397313510,464369,7.572135604559361e+18,189745,15177,1.184456316206901,18,0.0009182736455463728,0.004357451739049471,0.7950664136622391,0.06252265761460633,0.05247046946184748,2.4576693327933583,0.21073638918756765
25086,32,37123,24188,8420,28703,2,2616,30,2,117299201,34157216,3.1818745694935296e+18,31952,286,1.031055729387435,14,0.00023752969121140142,0.09114029892345747,0.01145912910618793,0.0077041187404035235,0.036864809859136254,1.534769307094427,0.0026061982900767795
11051,26,217815,89209,23864,193951,264,29,293,264,124154550,14604443,5.657954003606801e+17,195032,217815,1.1227330628550969,12,0.011062688568555145,0.0001495223020247382,1.0,1.0,0.2194336502574157,2.4416258449259605,73.98687967447721
2152,84,42945,31068,423,42522,3,335,81,1,24199891,237382,7.784324349865765e+17,40792,1573,1.0273771625661297,11,0.0070921985815602835,0.007878274775410376,0.23964497041420119,0.03662824543020142,0.03108797875363108,1.3822904596369254,0.9002222927913623
2018,20,1133937,161544,8569,1125368,122,50501,17853,67,4305338109,26792550,5.735625839435527e+19,833263,549538,1.5189689138608244,69,0.014237367254055316,0.044875098634402255,0.3526657843272821,0.4846283347311182,0.07506309214590802,7.019369335908483,0.3172665395133111
562,89,59220,38284,659,58561,1,400,168,0,60556276,222795,1.1987601216543442e+18,56783,3874,1.025761340081119,25,0.0015174506828528073,0.006830484452109766,0.41895261845386533,0.06541708882134414,0.05051575782853832,1.5468603071779334,0.22215857359635813
18310,1,370516,5287,1171,369345,498,110393,106275,435,7504219431,31891359,1.5467957016169843e+19,35381,91549,10.472174330855545,158,0.4252775405636208,0.2988885730143903,0.9583735379787359,0.2470851461205454,0.4851461264829779,70.08057499527142,1.422863163601592
26045,28,6880692,359559,8320,6872372,1304,1289268,582491,349,207156419126,307195692,1.3904848386693032e+20,3068275,29915,2.379366086366891,244,0.15673076923076923,0.1876016024743713,0.4513432803439095,0.004347673170082312,1.4898142961720395,19.13647551584024,0.8354447252239254
15285,51,104239,41783,1105,103134,117,10906,10762,115,553231323,6734872,5.092268001057027e+17,70790,1782,1.4826325084303986,50,0.10588235294117647,0.10574592278007253,0.9763222353261363,0.017095329003539942,1.086414389197825,2.49477060048345,1.001290169469585
23940,35,80493,57196,20749,59744,478,2683,1307,123,24665212,6229457,3.758320025321158e+16,70426,3083,1.1594972710391014,12,0.023037254807460602,0.044908275307980715,0.4134767478645998,0.03830146720832867,0.6562829092206508,1.407318693614938,0.512984625872876
4918,89,20956917,853946,52309,20904608,7565,1842875,1454315,6120,150007361731,363836317,4.982731235973811e+20,9752191,71915,2.8875806731188747,140,0.14462138446538836,0.08815640073231701,0.7859292924925964,0.003431563907992764,0.3010544912557038,24.541267246406683,1.640509177598173
13332,28,18471,14179,4684,13787,175,790,438,70,4142094,584028,1.1144828745747744e+18,16104,1510,1.1056111329227494,9,0.03736122971818958,0.05730035540726772,0.4538860103626943,0.081749769909588,0.003716606234600416,1.302701177798152,0.6520243976261769
14103,37,289479,91520,4502,284977,115,2752,2770,115,415348539,6497229,6.321950070818834e+18,242004,5368,1.1528989426532397,11,0.025544202576632608,0.009656919681237433,0.9661667247994419,0.018543659470980623,0.06569943361577403,3.163013548951049,2.645170863982933
25777,3,15002,9208,4,14998,0,258,258,0,140850003,38684,2.469714555869905e+18,14110,12577,1.0513801936690117,7,0.0,0.017202293639151888,1.0,0.8383548860151979,0.05703088345381215,1.6292354474370112,0.0
16613,6,13514,2162,5,13509,0,1139,852,0,46722158,31739,6.510235059790858e+18,10830,344,1.2421853773656095,8,0.0,0.08431416092975054,0.7480245829675154,0.02545508361698979,0.007176723662186931,6.250693802035153,0.0
3897,37,42567,9885,10144,32423,1284,3294,3776,558,183779863,44315786,4.914907461007868e+17,21339,18753,1.9346265962651161,38,0.12657728706624605,0.10159454708077599,0.8248143294014854,0.44055254070054267,0.3739233433345527,4.306221547799696,1.2459063079990575
488,72,12970,11900,2466,10504,5,52,57,5,389036510,91274849,1.7185015951007482e+20,12716,12963,1.0187052699884658,5,0.00202757502027575,0.0049504950495049506,1.0,0.9994602929838088,0.0022638123299338134,1.0899159663865545,0.4095701540957015
9265,6,60683,15713,5321,55362,544,928,246,23,320805718,27445737,7.482017646135812e+17,49712,12976,1.2350555642852414,11,0.10223642172523961,0.01676240020230483,0.1671195652173913,0.21383253959098925,0.4287689941037287,3.8619614332081715,6.099151702104219
985,19,354643,75436,5752,348891,711,47346,36560,200,815172894,12782210,3.325270497174463e+17,223144,4192,1.9702374928203237,55,0.12360917941585535,0.1357042744008874,0.7607632602950662,0.011820337635312131,2.451448369967694,4.701243438146244,0.9108716726983733
5070,82,17056711,775753,71162,16985549,9838,814953,249505,8611,144693158928,233154196,3.921029445431721e+21,8879523,266744,2.046799345214482,161,0.13824794131699503,0.04797919690438031,0.30250693812129376,0.01563865389992244,0.03690182921135108,21.987296214130012,2.881414242770986
3623,62,405142,200839,6603,398539,614,12177,5559,276,789173467,14249865,7.312954672299791e+17,346090,7886,1.197783006178474,22,0.0929880357413297,0.030554098846035143,0.43460245485106713,0.019464780249887695,1.0791444803962107,2.017247646124508,3.04338989704474
74,87,55687,46660,10,55677,0,5,5,0,3449250036,1341231,1.644642246086839e+21,55203,332,1.0059005765794309,3,0.0,0.00008980368913554969,1.0,0.005961894158421175,0.0020972646447620655,1.1934633519074154,0.0
11626,65,14101,10239,232,13869,12,54,65,12,1626762,26138,4.926004783070966e+16,12769,5025,1.0470726620169322,11,0.05172413793103448,0.003893575600259572,0.9848484848484849,0.3563577051272959,0.0330239630621277,1.3771852719992186,13.284482758620689
16217,5,18960,1719,261,18699,23,4403,4028,6,3365344,47369,1.6070688745469232e+16,8289,733,2.2400664362307863,38,0.08812260536398467,0.23546713728006846,0.9100768187980117,0.03866033755274262,0.20940882206736675,11.029668411867364,0.3742458772884736
7282,29,17320,3402,1946,15374,146,1722,1781,83,76178308,7666792,2.2115510263645405e+17,7816,12205,1.8511425397401886,33,0.0750256937307297,0.1120072850266684,0.9534261241970021,0.7046766743648961,0.3444564791490511,5.091122868900647,0.6698286965251095
5189,14,11143,7193,7185,3958,30,114,24,1,1583265,997459,1.6973018075900236e+16,9629,283,1.228936410547822,17,0.0041753653444676405,0.028802425467407782,0.16666666666666666,0.025397110293457776,0.0932812887442839,1.5491450020853608,0.144965754678973
21591,42,6871948,484347,20974,6850974,3575,247962,31344,809,18425474009,10792756,2.6368404703663486e+20,4956791,459461,1.5039856345314653,51,0.17044912749117955,0.03619368574453793,0.12460989834497509,0.06686037205170936,0.06987709046516591,14.18806764571681,4.709360872894864
4263,90,885627,401511,4082,881545,136,9322,9339,120,6869568571,9432564,5.61810154901727e+20,830729,12665,1.0567961774399435,9,0.03331700146986771,0.010574616156860965,0.9874180587862127,0.01430060284973245,0.012227562124080221,2.2057353347728954,3.1506582343654297
21841,21,1004515,207996,1046,1003469,49,97431,7728,0,2019538112,2204961,5.554500961854758e+18,778118,6921,1.3111322494375248,1394,0.04684512428298279,0.09709418028857891,0.07927780057447681,0.006889892137001439,0.363585878527895,4.8294919133060255,0.48247097965863495
7967,76,13184088,824479,117096,13066992,8234,1149389,717868,3597,16242578587,169000241,2.2169137163522056e+19,6496261,586032,2.6954856805365663,130,0.0703183712509394,0.08796125382184362,0.6201224405527533,0.044449946025845705,0.7326662498045327,15.990811166809586,0.7994243851203161
14669,16,558113,66890,9145,548968,1148,28952,29315,1033,2255468244,45934923,1.4597682541534308e+18,317292,322090,1.9358856204536168,115,0.12553307818480045,0.052738957462001426,0.9739202657807309,0.5771053532170008,1.5450865146454513,8.343743459410973,2.380272273589166
26197,14,60200,24001,2204,57996,1,2078,1997,1,2602345,81846,4104855089757438.0,44703,37583,1.2413770534669115,13,0.00045372050816696913,0.035830057245327264,0.9605579605579606,0.6243023255813953,0.6339675684273123,2.5082288237990085,0.012663125405029617
12570,11,62085,12347,3195,58890,427,5143,5112,219,20056671,1336776,5.259563397960863e+16,41341,31480,1.613215812602438,24,0.13364632237871674,0.08733231448463237,0.9177737881508079,0.5070467906901828,0.38133718490352236,5.028346966874545,1.530319254303447
259,90,65044,48229,579,64465,2,231,89,0,73302317,378249,1.9495500899067837e+18,62392,5022,1.0386597388080088,8,0.0034542314335060447,0.003583339796788955,0.38197424892703863,0.0772092737224033,0.037599606893662776,1.3486491529992328,0.963969824073451
29487,13,14091,13585,38,14053,0,4,0,0,5074624,8045,5.345177750193494e+18,14086,218,1.0009046302175104,2,0.0,0.0002846367323703124,0.0,0.015470867929884323,0.0009493835822047825,1.037246963562753,0.0
4433,46,51174,37443,72,51102,0,266,266,0,472366477,1962,7.562323098499718e+19,49081,5590,1.0304149571789605,10,0.0,0.005205275723063676,1.0,0.10923515847891507,0.0062463144042828895,1.366717410463905,0.0
18608,15,84046,47563,689,83357,0,1403,1388,0,374882233,3288339,2.4576492534614538e+17,68714,5701,1.1956489503666023,7,0.0,0.016831219933538876,0.9893086243763364,0.06783190157770745,1.5253691407429295,1.767045812921809,0.0
250,29,10117,9695,29,10088,0,0,0,0,567930,1447,2.6334269061573325e+17,10111,2651,1.000855554914258,2,0.0,0.0,,0.2620341998616191,0.0021566195692468153,1.043527591542032,NaN
15729,5,677602,5645,3502,674100,53,263160,257998,52,85136781,244704,2.1052343710847798e+17,90146,343332,7.044121766554423,404,0.01513420902341519,0.3903871829105474,0.980187148811039,0.5066868161546159,0.40440523947996787,120.03578387953941,0.03876717701278378
28305,2,82083,1505,639,81444,171,21173,11906,95,55053901,476829,6.983909538777181e+17,12004,796,6.829375892046192,65,0.2676056338028169,0.2599700407642061,0.5578148425787106,0.009697501309649989,0.07882963073092643,54.540199335548174,1.029371049895462
14142,33,32267,16646,46,32221,0,136,134,0,109085457,93794,9.39749769635026e+18,27844,6410,1.134218746303634,8,0.0,0.0042208497563700695,0.9852941176470589,0.1986549725725974,0.011607925910145837,1.938423645320197,0.0
9557,44,1106795,141912,18281,1088514,2498,98109,99082,2258,1769144818,29957469,4.098891358898682e+19,600428,638990,1.9248426960763987,168,0.13664460368688802,0.09013113290228697,0.9848420090053376,0.5773336525734215,0.0431615445029835,7.799164270815717,1.5160644195499824
11400,41,203638,109115,11172,192466,0,0,0,0,107595963,1920936,6.094826925832501e+18,194851,22076,1.0263694282767222,16,0.0,0.0,,0.10840805743525275,0.017653653550679507,1.8662695321449847,NaN
2090,82,29704,22934,501,29203,4,231,26,0,14283236,211011,6.336689092316212e+17,28297,1270,1.0420042274045302,11,0.007984031936127744,0.00791014621785433,0.11063829787234042,0.04275518448693778,0.02254053464185211,1.2951949071247928,1.0093406261070932
11909,65,25085,19136,1416,23669,0,11,8,0,7122537,402478,4.100182885273692e+16,23473,3942,1.0803687485621105,34,0.0,0.00046474291267058177,0.7272727272727273,0.15714570460434524,0.17371266597842408,1.310880016722408,0.0
32741,5,37304,11053,21288,16016,10026,272,1697,1498,58432824,16695302,2.713259892351852e+17,22451,4427,1.6858464795467358,42,0.4709695603156708,0.016983016983016984,0.16478927947174207,0.11867360068625349,0.2153602172969522,3.375011309146838,27.731795875058026
14020,3,29237,9619,4,29233,0,0,0,0,207798059,28927,1.1529015318473472e+19,14068,159,2.0893112983876656,19,0.0,0.0,,0.0054383144645483465,0.018023920799813284,3.0395051460650797,NaN
13085,42,933018,227681,207,932811,4,14054,13926,2,2625845961,341276,5.717792611265731e+18,759655,667159,1.1778056494243838,15,0.01932367149758454,0.015066288883814621,0.9906103286384976,0.7150548006576508,0.4592412036467206,4.097917700642566,1.2825767278592095
15711,17,10674,1630,707,9967,80,53,46,37,119700876,16799856,2.828119516221768e+18,5295,9003,1.6693685001628786,23,0.11315417256011315,0.005317547908096719,0.3458646616541353,0.84345137717819,0.04232525369363266,6.548466257668712,21.279389394465053
4832,82,3238069,615117,6170,3231899,217,117030,75594,118,26822232223,22428914,3.683569863484064e+20,2474025,29251,1.264925550239281,149,0.035170178282009724,0.03621090881862336,0.6447414432778664,0.009033470256501638,0.07281586400435607,5.264151372828259,0.9712591986622997
893,48,4517901,305520,52486,4465415,15884,788648,768696,15424,52254369065,813004477,3.0250848503297357e+20,1929683,2926442,3.027170206688583,171,0.3026330831078764,0.1766124761080437,0.955457334201747,0.6477437199265765,0.17273687070068217,14.787578554595443,1.7135430620583048
33006,4,186263,4870,6312,179951,1872,11410,13282,1872,2238738,76016,855661014592479.0,5334,178647,30.174084622352286,180,0.2965779467680608,0.06340614945179521,1.0,0.9591115787891314,2.616384247757544,38.247022587268994,4.67743191050476
253,26,1130597,204980,33151,1097446,4033,146787,78633,2088,1670098125,58671613,2.1846514412161016e+18,782375,26186,1.4998593659660804,91,0.1216554553407137,0.13375327806561782,0.5213698448481634,0.023161214827210758,0.7644689186986864,5.5156454288223244,0.9095512057732965
13490,56,1747472,37052,18,1747454,0,626352,155888,0,9684022422,116724,2.6922028887167323e+20,412931,28365,4.366624006653294,125,0.0,0.35843690306010917,0.24888241755434642,0.016232019740516586,0.03597062636915895,47.162690273129655,0.0
125,85,106615,75195,884,105731,1,533,73,0,156777553,887354,4.058462428671059e+18,102854,2332,1.0248631235506969,8,0.0011312217194570137,0.005041094853921744,0.13670411985018727,0.0218730947802842,0.038629790408417485,1.4178469313119224,0.2244000067915751
640,74,139311,100959,48,139263,0,204,166,0,1391760263,599618,1.5388944267212535e+20,130251,1288,1.0633727602006697,8,0.0,0.0014648542685422546,0.8137254901960784,0.009245501073138518,0.00904389696156912,1.3798769797640626,0.0
6684,63,5435644,599905,86010,5349634,11622,478095,452231,9482,45808750910,911764980,2.27108187594593e+19,2773701,188554,2.3955776220416705,209,0.135123822811301,0.08936966528925157,0.9234537498187729,0.03468843802132737,2.017045329592979,9.06084129987248,1.5119651883439722
1828,63,23217,20435,7,23210,0,11,10,0,2601631327,903611,8.111279553858715e+20,22820,175,1.028811563930842,5,0.0,0.00047393364928909954,0.9090909090909091,0.007537580221389499,0.0032074240688232058,1.1361389772449229,0.0
32756,5,25509,13126,512,24997,16,170,175,13,20306260,416930,5.949335923753416e+17,24197,22246,1.0536802152419469,8,0.03125,0.006800816097931752,0.9408602150537635,0.8720843623819045,0.03413197751857462,1.9433947889684595,4.595036764705882
22535,33,20208449,448914,57018,20151431,23597,2566870,2417221,22044,246015237303,613303908,1.4747829585656326e+20,3978643,9423200,4.859322071691557,183,0.413851766108948,0.127379043205418,0.9331217112590123,0.4663000114457077,1.6681453760645115,45.01630379092655,3.2489784480603245
