dt,n_keep,n_post_bid,n_post_ask,n_fill_bid,n_fill_ask,n_fill,n_pair,realized_bp,forced_n,forced_pnl_bp,forced_cost_bp,n_timeout,timeout_pnl_bp,timeout_cost_bp,total_bp,q_abs_mean,q_abs_max,p_absq_ge2,t_off_med,pair_pnl_mean,p_off_0.25s,p_off_1s,p_off_5s,p_off_10s,p_off_30s,p_off_60s
2026-07-02,83756,11935,10660,1035,1036,2071,1035,536.471046021232,1,-3.8994777486907277,1.2039024869106694,0,0.0,0.0,532.5715682725413,0.5002414292612265,1,0.0,10.995,0.5183295130639921,0.01642512077294686,0.09178743961352658,0.30241545893719807,0.46570048309178746,0.7980676328502415,0.9207729468599034
2026-07-03,29684,6615,5753,506,507,1013,506,-180.19862994316168,1,-21.414811430242448,2.3089151021600163,0,0.0,0.0,-201.61344137340413,0.5004935834155972,1,0.0,19.327,-0.35612377459122874,0.003952569169960474,0.05138339920948617,0.1956521739130435,0.34782608695652173,0.6027667984189723,0.7964426877470355
2026-07-04,1139,669,843,47,47,94,47,-83.09577365468105,0,0.0,0.0,0,0.0,0.0,-83.09577365468105,0.5,1,0.0,63.972,-1.7679951841421495,0.0,0.02127659574468085,0.1276595744680851,0.23404255319148937,0.3191489361702128,0.46808510638297873
2026-07-05,2705,1377,1258,158,158,316,158,27.84811233468178,0,0.0,0.0,0,0.0,0.0,27.84811233468178,0.5,1,0.0,26.740000000000002,0.1762538755359605,0.012658227848101266,0.10759493670886076,0.2088607594936709,0.31645569620253167,0.5759493670886076,0.7341772151898734
2026-07-06,45438,7531,8055,751,751,1502,751,598.435223102904,0,0.0,0.0,0,0.0,0.0,598.435223102904,0.5,1,0.0,10.022,0.7968511625870899,0.023968042609853527,0.12649800266311584,0.322237017310253,0.4980026631158455,0.7922769640479361,0.9014647137150466
2026-07-07,134142,18812,14307,1451,1452,2903,1451,290.0396450339049,1,-19.21893846625454,0.9007453247492166,0,0.0,0.0,270.82070656765035,0.5001722356183259,1,0.0,10.982,0.1998894865843582,0.03170227429359063,0.0957960027567195,0.31633356305995863,0.47691247415575466,0.8070296347346657,0.9407305306685044
2026-07-08,148086,18568,16189,1273,1273,2546,1273,-370.70193519789353,0,0.0,0.0,0,0.0,0.0,-370.70193519789353,0.5,1,0.0,10.76,-0.29120340549716667,0.019638648860958365,0.09897879025923016,0.30557737627651216,0.4783974862529458,0.7800471327572663,0.9269442262372348
2026-07-09,83047,10966,10172,863,863,1726,863,185.47564218767246,0,0.0,0.0,0,0.0,0.0,185.47564218767246,0.5,1,0.0,10.901,0.2149196317354258,0.023174971031286212,0.11239860950173812,0.3082271147161066,0.4820393974507532,0.7752027809965237,0.9385863267670915
2026-07-10,85768,10760,10968,853,853,1706,853,-35.212273202540416,0,0.0,0.0,0,0.0,0.0,-35.212273202540416,0.5,1,0.0,10.318,-0.04128050785760889,0.015240328253223915,0.11371629542790153,0.3212192262602579,0.4935521688159437,0.794841735052755,0.9355216881594373
2026-07-11,21627,7189,6105,367,366,733,366,74.6416423414501,1,-3.590625982823799,0.8970889612081052,0,0.0,0.0,71.0510163586263,0.5006821282401092,1,0.0,56.943,0.2039389135012298,0.0,0.0546448087431694,0.13114754098360656,0.1912568306010929,0.33879781420765026,0.5136612021857924
2026-07-12,23207,6030,4953,299,299,598,299,56.8557403190739,0,0.0,0.0,0,0.0,0.0,56.8557403190739,0.5,1,0.0,31.044,0.19015297765576566,0.033444816053511704,0.10033444816053512,0.20066889632107024,0.27424749163879597,0.4916387959866221,0.6454849498327759
2026-07-13,113664,11913,11971,851,851,1702,851,165.8231510165432,0,0.0,0.0,0,0.0,0.0,165.8231510165432,0.5,1,0.0,8.599,0.19485681670569124,0.02937720329024677,0.11633372502937721,0.35487661574618096,0.5464159811985899,0.8260869565217391,0.9447708578143361
2026-07-14,129352,13211,12669,926,926,1852,926,209.39271866964998,0,0.0,0.0,0,0.0,0.0,209.39271866964998,0.5,1,0.0,10.8025,0.22612604607953618,0.023758099352051837,0.10583153347732181,0.3185745140388769,0.4870410367170626,0.7926565874730022,0.9352051835853131
2026-07-15,112300,15205,11581,857,857,1714,857,42.975524971099105,0,0.0,0.0,0,0.0,0.0,42.975524971099105,0.5,1,0.0,13.312,0.05014647021131751,0.022170361726954493,0.08984830805134189,0.2707117852975496,0.4177362893815636,0.7409568261376897,0.8938156359393232
2026-07-16,128684,13728,12655,784,784,1568,784,114.67883456211341,0,0.0,0.0,0,0.0,0.0,114.67883456211341,0.5,1,0.0,10.307,0.1462740236761649,0.021683673469387755,0.12244897959183673,0.32142857142857145,0.4961734693877551,0.7627551020408163,0.9107142857142857
2026-07-17,138763,13169,12879,1043,1043,2086,1043,203.76372917152318,0,0.0,0.0,0,0.0,0.0,203.76372917152318,0.5,1,0.0,8.519,0.19536311521718444,0.028763183125599234,0.12080536912751678,0.3480345158197507,0.5436241610738255,0.8187919463087249,0.9319271332694151
2026-07-18,33003,10358,6237,338,339,677,338,56.99934477430929,1,-4.987892929532826,0.9652321449861798,0,0.0,0.0,52.01145184477647,0.5007385524372231,1,0.0,60.6495,0.16863711471689138,0.0029585798816568047,0.029585798816568046,0.13609467455621302,0.17751479289940827,0.3136094674556213,0.4940828402366864
2026-07-19,42711,12215,7492,405,406,811,405,-64.54071838453716,1,4.171355982549597,1.6002003156037978,0,0.0,0.0,-60.36936240198756,0.5006165228113441,1,0.0,49.032,-0.15935979848033863,0.007407407407407408,0.04197530864197531,0.12839506172839507,0.18765432098765433,0.41975308641975306,0.5654320987654321
2026-07-20,108826,12492,9933,623,624,1247,623,-27.926172210355055,1,1.357095086174335,1.5333285258515192,0,0.0,0.0,-26.56907712418072,0.5004009623095429,1,0.0,12.121,-0.04482531654952665,0.019261637239165328,0.09951845906902086,0.29213483146067415,0.45746388443017655,0.7399678972712681,0.8972712680577849
2026-07-21,90251,11166,10691,812,812,1624,812,-163.46532540598446,0,0.0,0.0,0,0.0,0.0,-163.46532540598446,0.5,1,0.0,11.711500000000001,-0.2013119771009659,0.027093596059113302,0.10591133004926108,0.3091133004926108,0.45935960591133007,0.7820197044334976,0.9310344827586207
2026-07-22,110459,12648,11968,946,946,1892,946,-189.1556503408401,0,0.0,0.0,0,0.0,0.0,-189.1556503408401,0.5,1,0.0,9.7695,-0.19995311875353042,0.02748414376321353,0.1331923890063425,0.346723044397463,0.5031712473572939,0.8002114164904862,0.9397463002114165
2026-07-23,120866,11451,12863,973,973,1946,973,389.3153041058535,0,0.0,0.0,0,0.0,0.0,389.3153041058535,0.5,1,0.0,8.1,0.40011850370591273,0.029804727646454265,0.12127440904419322,0.35251798561151076,0.5673175745118191,0.8437821171634121,0.9445015416238438
2026-07-24,106132,11175,10591,770,771,1541,770,131.92831359822037,1,-8.842220705259816,0.90091819934203,0,0.0,0.0,123.08609289296055,0.500324464633355,1,0.0,9.346499999999999,0.1713354722054808,0.02207792207792208,0.13246753246753246,0.35584415584415585,0.5155844155844156,0.7909090909090909,0.9311688311688312
2026-07-25,20981,4394,5787,249,248,497,248,94.72425701608385,1,-0.07690458920980159,1.060273852697245,0,0.0,0.0,94.64735242687405,0.5010060362173038,1,0.0,48.039500000000004,0.38195264925840283,0.0,0.036290322580645164,0.16129032258064516,0.22983870967741934,0.39919354838709675,0.5443548387096774
2026-07-26,22570,6067,4612,213,213,426,213,-36.74627553197488,0,0.0,0.0,0,0.0,0.0,-36.74627553197488,0.5,1,0.0,51.029,-0.1725177255022297,0.009389671361502348,0.051643192488262914,0.12206572769953052,0.19718309859154928,0.39906103286384975,0.539906103286385
2026-07-27,108932,10908,9621,795,795,1590,795,239.11916762890198,0,0.0,0.0,0,0.0,0.0,239.11916762890198,0.5,1,0.0,6.692,0.30077882720616606,0.03773584905660377,0.1761006289308176,0.42515723270440253,0.5924528301886792,0.8427672955974843,0.9270440251572327
2026-07-28,140086,11993,11349,910,909,1819,909,-430.67159998192113,1,3.6399872530196795,1.5080244708318857,0,0.0,0.0,-427.03161272890145,0.5002748763056625,1,0.0,7.442,-0.4737861385939723,0.0319031903190319,0.1474147414741474,0.40374037403740376,0.5863586358635864,0.845984598459846,0.9559955995599559
2026-07-29,169323,14547,12225,1269,1269,2538,1269,57.52484046043075,0,0.0,0.0,0,0.0,0.0,57.52484046043075,0.5,1,0.0,6.95,0.045330843546439036,0.04491725768321513,0.14736012608353033,0.40583136327817176,0.6028368794326241,0.8849487785657998,0.9747832939322301
2026-07-30,110074,9954,8973,1029,1029,2058,1029,399.9275379651707,0,0.0,0.0,0,0.0,0.0,399.9275379651707,0.5,1,0.0,6.277,0.3886564994802437,0.027210884353741496,0.1729834791059281,0.42662779397473277,0.6297376093294461,0.9086491739552964,0.9786200194363459
2026-07-31,127195,10775,10387,1031,1031,2062,1031,-653.0395511524637,0,0.0,0.0,0,0.0,0.0,-653.0395511524637,0.5,1,0.0,6.902,-0.6334040263360463,0.04655674102812803,0.17943743937924345,0.4248302618816683,0.5984481086323957,0.8632395732298739,0.9582929194956353
2026-08-01,13345,3042,2180,190,190,380,190,39.657172951939366,0,0.0,0.0,0,0.0,0.0,39.657172951939366,0.5,1,0.0,31.145,0.20872196290494402,0.015789473684210527,0.08947368421052632,0.24736842105263157,0.3157894736842105,0.48947368421052634,0.6684210526315789
2026-08-02,31461,4035,4260,315,315,630,315,111.80911882185949,0,0.0,0.0,0,0.0,0.0,111.80911882185949,0.5,1,0.0,13.177,0.354949583561459,0.022222222222222223,0.12380952380952381,0.326984126984127,0.44761904761904764,0.7365079365079366,0.8761904761904762
2026-08-03,86140,7864,8056,631,631,1262,631,24.088090993523487,0,0.0,0.0,0,0.0,0.0,24.088090993523487,0.5,1,0.0,9.438,0.03817447067119404,0.02694136291600634,0.15847860538827258,0.3502377179080824,0.5213946117274167,0.8050713153724247,0.936608557844691
2026-08-04,79691,5839,6676,475,475,950,475,45.142482501934595,0,0.0,0.0,0,0.0,0.0,45.142482501934595,0.5,1,0.0,9.911,0.0950368052672306,0.03368421052631579,0.12842105263157894,0.3431578947368421,0.5073684210526316,0.8168421052631579,0.9536842105263158
2026-08-05,84954,6537,5891,546,546,1092,546,-5.509750165363663,0,0.0,0.0,0,0.0,0.0,-5.509750165363663,0.5,1,0.0,6.919499999999999,-0.010091117518980924,0.04945054945054945,0.17399267399267399,0.4084249084249084,0.5879120879120879,0.8406593406593407,0.9413919413919414
2026-08-06,68278,5967,5307,412,412,824,412,308.9482027735095,0,0.0,0.0,0,0.0,0.0,308.9482027735095,0.5,1,0.0,9.294,0.7498742785764804,0.021844660194174758,0.1407766990291262,0.38106796116504854,0.5169902912621359,0.8155339805825242,0.9247572815533981
2026-08-07,50880,4411,5132,350,350,700,350,-92.60102310981182,0,0.0,0.0,0,0.0,0.0,-92.60102310981182,0.5,1,0.0,8.6645,-0.2645743517423196,0.02857142857142857,0.11428571428571428,0.34,0.54,0.7971428571428572,0.9
2026-08-08,4842,1152,1458,48,48,96,48,-22.621224014869426,0,0.0,0.0,0,0.0,0.0,-22.621224014869426,0.5,1,0.0,74.6505,-0.4712755003097799,0.0,0.0,0.08333333333333333,0.22916666666666666,0.3541666666666667,0.4583333333333333
2026-08-09,4476,1206,1223,53,53,106,53,-21.370727130945973,0,0.0,0.0,0,0.0,0.0,-21.370727130945973,0.5,1,0.0,155.329,-0.403221266621622,0.0,0.018867924528301886,0.03773584905660377,0.07547169811320754,0.22641509433962265,0.33962264150943394
