col,family
cdtot10__xvol,48 流動性 × ボラティリティ
cdtot10__ivol,48 流動性 × ボラティリティ
spread_bp__xvol,48 流動性 × ボラティリティ
spread_bp__ivol,48 流動性 × ボラティリティ
obi5__xvol,48 流動性 × ボラティリティ
obi5__ivol,48 流動性 × ボラティリティ
churn_10s__xvol,48 流動性 × ボラティリティ
churn_10s__ivol,48 流動性 × ボラティリティ
cxl_rate_10s__xvol,48 流動性 × ボラティリティ
cxl_rate_10s__ivol,48 流動性 × ボラティリティ
new_rate_10s__xvol,48 流動性 × ボラティリティ
new_rate_10s__ivol,48 流動性 × ボラティリティ
gap1_b__xvol,48 流動性 × ボラティリティ
gap1_b__ivol,48 流動性 × ボラティリティ
wal_hhi__xvol,48 流動性 × ボラティリティ
wal_hhi__ivol,48 流動性 × ボラティリティ
slip50k_rt__xvol,48 流動性 × ボラティリティ
slip50k_rt__ivol,48 流動性 × ボラティリティ
prs_imb__xvol,48 流動性 × ボラティリティ
prs_imb__ivol,48 流動性 × ボラティリティ
obi5__m10,68 移動分布
obi5__sd10,68 移動分布
obi5__m60,68 移動分布
obi5__sd60,68 移動分布
obi5__m300,68 移動分布
obi5__sd300,68 移動分布
obi5__sk300,68 移動分布
obi5__rng300,68 移動分布
obi5__lag1,69 ラグ
obi5__dlag1,69 ラグ
obi5__lag2,69 ラグ
obi5__dlag2,69 ラグ
obi5__lag5,69 ラグ
obi5__dlag5,69 ラグ
obi5__lag10,69 ラグ
obi5__dlag10,69 ラグ
obi5__reg,59 レジーム
obi5__pct,68 移動分布
delta_bp__m10,68 移動分布
delta_bp__sd10,68 移動分布
delta_bp__m60,68 移動分布
delta_bp__sd60,68 移動分布
delta_bp__m300,68 移動分布
delta_bp__sd300,68 移動分布
delta_bp__sk300,68 移動分布
delta_bp__rng300,68 移動分布
delta_bp__lag1,69 ラグ
delta_bp__dlag1,69 ラグ
delta_bp__lag2,69 ラグ
delta_bp__dlag2,69 ラグ
delta_bp__lag5,69 ラグ
delta_bp__dlag5,69 ラグ
delta_bp__lag10,69 ラグ
delta_bp__dlag10,69 ラグ
delta_bp__reg,59 レジーム
delta_bp__pct,68 移動分布
spread_bp__m10,68 移動分布
spread_bp__sd10,68 移動分布
spread_bp__m60,68 移動分布
spread_bp__sd60,68 移動分布
spread_bp__m300,68 移動分布
spread_bp__sd300,68 移動分布
spread_bp__sk300,68 移動分布
spread_bp__rng300,68 移動分布
spread_bp__lag1,69 ラグ
spread_bp__dlag1,69 ラグ
spread_bp__lag2,69 ラグ
spread_bp__dlag2,69 ラグ
spread_bp__lag5,69 ラグ
spread_bp__dlag5,69 ラグ
spread_bp__lag10,69 ラグ
spread_bp__dlag10,69 ラグ
spread_bp__reg,59 レジーム
spread_bp__pct,68 移動分布
cdtot10__m10,68 移動分布
cdtot10__sd10,68 移動分布
cdtot10__m60,68 移動分布
cdtot10__sd60,68 移動分布
cdtot10__m300,68 移動分布
cdtot10__sd300,68 移動分布
cdtot10__sk300,68 移動分布
cdtot10__rng300,68 移動分布
cdtot10__lag1,69 ラグ
cdtot10__dlag1,69 ラグ
cdtot10__lag2,69 ラグ
cdtot10__dlag2,69 ラグ
cdtot10__lag5,69 ラグ
cdtot10__dlag5,69 ラグ
cdtot10__lag10,69 ラグ
cdtot10__dlag10,69 ラグ
cdtot10__reg,59 レジーム
cdtot10__pct,68 移動分布
ofi_10s__m10,68 移動分布
ofi_10s__sd10,68 移動分布
ofi_10s__m60,68 移動分布
ofi_10s__sd60,68 移動分布
ofi_10s__m300,68 移動分布
ofi_10s__sd300,68 移動分布
ofi_10s__sk300,68 移動分布
ofi_10s__rng300,68 移動分布
ofi_10s__lag1,69 ラグ
ofi_10s__dlag1,69 ラグ
ofi_10s__lag2,69 ラグ
ofi_10s__dlag2,69 ラグ
ofi_10s__lag5,69 ラグ
ofi_10s__dlag5,69 ラグ
ofi_10s__lag10,69 ラグ
ofi_10s__dlag10,69 ラグ
ofi_10s__reg,59 レジーム
ofi_10s__pct,68 移動分布
rv_10s__m10,68 移動分布
rv_10s__sd10,68 移動分布
rv_10s__m60,68 移動分布
rv_10s__sd60,68 移動分布
rv_10s__m300,68 移動分布
rv_10s__sd300,68 移動分布
rv_10s__sk300,68 移動分布
rv_10s__rng300,68 移動分布
rv_10s__lag1,69 ラグ
rv_10s__dlag1,69 ラグ
rv_10s__lag2,69 ラグ
rv_10s__dlag2,69 ラグ
rv_10s__lag5,69 ラグ
rv_10s__dlag5,69 ラグ
rv_10s__lag10,69 ラグ
rv_10s__dlag10,69 ラグ
rv_10s__reg,59 レジーム
rv_10s__pct,68 移動分布
churn_10s__m10,68 移動分布
churn_10s__sd10,68 移動分布
churn_10s__m60,68 移動分布
churn_10s__sd60,68 移動分布
churn_10s__m300,68 移動分布
churn_10s__sd300,68 移動分布
churn_10s__sk300,68 移動分布
churn_10s__rng300,68 移動分布
churn_10s__lag1,69 ラグ
churn_10s__dlag1,69 ラグ
churn_10s__lag2,69 ラグ
churn_10s__dlag2,69 ラグ
churn_10s__lag5,69 ラグ
churn_10s__dlag5,69 ラグ
churn_10s__lag10,69 ラグ
churn_10s__dlag10,69 ラグ
churn_10s__reg,59 レジーム
churn_10s__pct,68 移動分布
cxl_imb_10s__m10,68 移動分布
cxl_imb_10s__sd10,68 移動分布
cxl_imb_10s__m60,68 移動分布
cxl_imb_10s__sd60,68 移動分布
cxl_imb_10s__m300,68 移動分布
cxl_imb_10s__sd300,68 移動分布
cxl_imb_10s__sk300,68 移動分布
cxl_imb_10s__rng300,68 移動分布
cxl_imb_10s__lag1,69 ラグ
cxl_imb_10s__dlag1,69 ラグ
cxl_imb_10s__lag2,69 ラグ
cxl_imb_10s__dlag2,69 ラグ
cxl_imb_10s__lag5,69 ラグ
cxl_imb_10s__dlag5,69 ラグ
cxl_imb_10s__lag10,69 ラグ
cxl_imb_10s__dlag10,69 ラグ
cxl_imb_10s__reg,59 レジーム
cxl_imb_10s__pct,68 移動分布
wal_hhi__m10,68 移動分布
wal_hhi__sd10,68 移動分布
wal_hhi__m60,68 移動分布
wal_hhi__sd60,68 移動分布
wal_hhi__m300,68 移動分布
wal_hhi__sd300,68 移動分布
wal_hhi__sk300,68 移動分布
wal_hhi__rng300,68 移動分布
wal_hhi__lag1,69 ラグ
wal_hhi__dlag1,69 ラグ
wal_hhi__lag2,69 ラグ
wal_hhi__dlag2,69 ラグ
wal_hhi__lag5,69 ラグ
wal_hhi__dlag5,69 ラグ
wal_hhi__lag10,69 ラグ
wal_hhi__dlag10,69 ラグ
wal_hhi__reg,59 レジーム
wal_hhi__pct,68 移動分布
n_pers10s_share__m10,68 移動分布
n_pers10s_share__sd10,68 移動分布
n_pers10s_share__m60,68 移動分布
n_pers10s_share__sd60,68 移動分布
n_pers10s_share__m300,68 移動分布
n_pers10s_share__sd300,68 移動分布
n_pers10s_share__sk300,68 移動分布
n_pers10s_share__rng300,68 移動分布
n_pers10s_share__lag1,69 ラグ
n_pers10s_share__dlag1,69 ラグ
n_pers10s_share__lag2,69 ラグ
n_pers10s_share__dlag2,69 ラグ
n_pers10s_share__lag5,69 ラグ
n_pers10s_share__dlag5,69 ラグ
n_pers10s_share__lag10,69 ラグ
n_pers10s_share__dlag10,69 ラグ
n_pers10s_share__reg,59 レジーム
n_pers10s_share__pct,68 移動分布
live_imb__m10,68 移動分布
live_imb__sd10,68 移動分布
live_imb__m60,68 移動分布
live_imb__sd60,68 移動分布
live_imb__m300,68 移動分布
live_imb__sd300,68 移動分布
live_imb__sk300,68 移動分布
live_imb__rng300,68 移動分布
live_imb__lag1,69 ラグ
live_imb__dlag1,69 ラグ
live_imb__lag2,69 ラグ
live_imb__dlag2,69 ラグ
live_imb__lag5,69 ラグ
live_imb__dlag5,69 ラグ
live_imb__lag10,69 ラグ
live_imb__dlag10,69 ラグ
live_imb__reg,59 レジーム
live_imb__pct,68 移動分布
n_flr_n01_10s__m10,68 移動分布
n_flr_n01_10s__sd10,68 移動分布
n_flr_n01_10s__m60,68 移動分布
n_flr_n01_10s__sd60,68 移動分布
n_flr_n01_10s__m300,68 移動分布
n_flr_n01_10s__sd300,68 移動分布
n_flr_n01_10s__sk300,68 移動分布
n_flr_n01_10s__rng300,68 移動分布
n_flr_n01_10s__lag1,69 ラグ
n_flr_n01_10s__dlag1,69 ラグ
n_flr_n01_10s__lag2,69 ラグ
n_flr_n01_10s__dlag2,69 ラグ
n_flr_n01_10s__lag5,69 ラグ
n_flr_n01_10s__dlag5,69 ラグ
n_flr_n01_10s__lag10,69 ラグ
n_flr_n01_10s__dlag10,69 ラグ
n_flr_n01_10s__reg,59 レジーム
n_flr_n01_10s__pct,68 移動分布
slope_asym__m10,68 移動分布
slope_asym__sd10,68 移動分布
slope_asym__m60,68 移動分布
slope_asym__sd60,68 移動分布
slope_asym__m300,68 移動分布
slope_asym__sd300,68 移動分布
slope_asym__sk300,68 移動分布
slope_asym__rng300,68 移動分布
slope_asym__lag1,69 ラグ
slope_asym__dlag1,69 ラグ
slope_asym__lag2,69 ラグ
slope_asym__dlag2,69 ラグ
slope_asym__lag5,69 ラグ
slope_asym__dlag5,69 ラグ
slope_asym__lag10,69 ラグ
slope_asym__dlag10,69 ラグ
slope_asym__reg,59 レジーム
slope_asym__pct,68 移動分布
gap1_b__m10,68 移動分布
gap1_b__sd10,68 移動分布
gap1_b__m60,68 移動分布
gap1_b__sd60,68 移動分布
gap1_b__m300,68 移動分布
gap1_b__sd300,68 移動分布
gap1_b__sk300,68 移動分布
gap1_b__rng300,68 移動分布
gap1_b__lag1,69 ラグ
gap1_b__dlag1,69 ラグ
gap1_b__lag2,69 ラグ
gap1_b__dlag2,69 ラグ
gap1_b__lag5,69 ラグ
gap1_b__dlag5,69 ラグ
gap1_b__lag10,69 ラグ
gap1_b__dlag10,69 ラグ
gap1_b__reg,59 レジーム
gap1_b__pct,68 移動分布
vol_imb_10s__m10,68 移動分布
vol_imb_10s__sd10,68 移動分布
vol_imb_10s__m60,68 移動分布
vol_imb_10s__sd60,68 移動分布
vol_imb_10s__m300,68 移動分布
vol_imb_10s__sd300,68 移動分布
vol_imb_10s__sk300,68 移動分布
vol_imb_10s__rng300,68 移動分布
vol_imb_10s__lag1,69 ラグ
vol_imb_10s__dlag1,69 ラグ
vol_imb_10s__lag2,69 ラグ
vol_imb_10s__dlag2,69 ラグ
vol_imb_10s__lag5,69 ラグ
vol_imb_10s__dlag5,69 ラグ
vol_imb_10s__lag10,69 ラグ
vol_imb_10s__dlag10,69 ラグ
vol_imb_10s__reg,59 レジーム
vol_imb_10s__pct,68 移動分布
