user,n_orders,n_days,cluster,cluster_sil,emb_x,emb_y,sim_mean
0x0100e22f222753f6021abeb3f7e4af4c57467cc9,14349,14,2,2,0.2178254922497328,0.17937440460733647,0.4351263034076889
0x01633008559b785867064655f2b4fa96713e1e17,6432710,34,1,2,-0.11049333359805817,-0.09357053595508384,0.5759870439913182
0x01c7bf4d597cc6345f7faa4a42fd8b3866cc16a6,5962,29,1,2,-0.08838141045803512,0.12486580410374522,0.43903949732097225
0x023a3d058020fb76cca98f01b3c48c8938a22355,618422,10,2,2,0.0017966212880385674,-0.15954796494048187,0.5699569186066828
0x034d4f0b00827e4ac77d910071377f707ddd23d3,112729,95,2,2,-0.011395487749781191,-0.17643562273828658,0.5819972072152814
0x043785e0466d97d64b28dfe747db4280efaeab6e,6784,23,2,2,0.11941314670405047,-0.0530923926079084,0.5059356795692096
0x058bcf02ecb84f10270262339689f8fdfc52a24c,55674,13,2,2,-0.046172088923141154,-0.17366400146104877,0.579523921136287
0x06b786a0d3dbc3e9f71e42a365800361f8006980,136000,73,2,2,0.30544078880116987,0.10682710252315061,0.48965515824535744
0x06f2813038572bee8a76d6b7896a8ddc0e991701,10916,69,1,1,-0.09054716750585719,-0.027116780408462385,0.31689764412329624
0x07d431758c8bbbc111996d0af6f09c48416d2160,1432147,85,2,2,-0.008745319124758484,-0.20890960834327033,0.5720712833572901
0x088cfcdb313a2cd0d1de497eda65125f05c212da,34711,10,1,2,-0.21204840664614572,-0.131911912408269,0.46926274846250327
0x08b6ba90a7613ddc7e86e02f41d0e08c80ad41e0,128507,10,1,2,-0.3570065698615486,0.17754856119104603,0.3931628119433668
0x09748ec2bb6a4df6bd217abf8d5d761f6b6172a8,123988,61,2,2,0.017535166985874814,-0.1859531362817215,0.5407649094691198
0x09f15dacf13c0fcb64594452506b52393fb13c39,5974705,25,1,2,-0.2624785655283701,0.04117230446755832,0.5202073846729426
0x0a97692d91fa9195a52da81cca2051c032c5347d,90166,52,1,2,-0.23127221580157015,0.01992972277620854,0.504013064409694
0x0aafd0eddbffd00ccea26e90436d50a4f8c22839,12988615,75,1,2,-0.28621472878339044,0.052694026565226794,0.5245135830489298
0x0b1ace05eb9ef1c3a1951b763700ecad24f27741,16597836,32,1,2,-0.24252594497066876,0.19567438792781572,0.4521354958419499
0x0bfd7d7721f4c116e853c18ea7998e1cc2350a7d,10383779,25,1,2,-0.27462984200928964,0.16835010648575774,0.45715968041592503
0x0c3405f5fcb19e6e42f7a05fad4ea3e52346b6d9,11989,49,2,2,0.22870324916444928,0.1616135704348721,0.4603496734914563
0x0cefeb5cb11a8ab051bb8489f1bdc25e7fcb8dab,591452,37,2,2,0.09488981329180168,-0.15657783965682534,0.5384853019205051
0x0f341e7dfa122b8c7206f161f5877360fcb1701c,25197,26,2,2,0.22497837423739858,-0.012315154766751187,0.53563495383634
0x10761b48b1892a0fec8d808464d0c75216f6166d,1053559,23,2,2,0.012311684922956912,-0.1775752687682257,0.5426189831032004
0x121c93d3accf50bab046fe499fcefc07fbe6386a,86536,97,2,2,0.3085886702478451,0.12351329883905028,0.49479391281095564
0x123dbca6a27005a3c4ce10cb66ee8ece8fc13bff,62089,11,1,2,-0.31182751614146614,0.0033137637095320836,0.4673925972174775
0x12b7485201d198e54d814e0d409d3be3f2116fe4,55442,45,2,2,0.2604570185105895,0.01953570959858588,0.5403519801362207
0x1325073d3699a4b1c3268996a2437c170c33e7dc,21293,20,2,2,0.30316941769602135,0.11021901173935948,0.4929525411609238
0x156af5e38df5a367fe380fc0d41680371eeaf303,1066517,75,2,2,0.059624708044628764,-0.18168837670593782,0.5709811663501221
0x15bdd7a0f3c58ba3b15cd31701c2db46e13afb78,18466,43,2,2,0.274349951596974,0.1266968571032368,0.519212977335105
0x17c3c8fdbcb7d1b240ce08965e09b1fc91cba868,154568,30,2,2,-0.1446127053156718,-0.08594952097035226,0.5157942011633156
0x188f2447f7517f46a6c617aecf950b740cd8eb98,7295,29,2,2,0.21437218191913152,0.13641917727274191,0.43454723121786254
0x196b168da239b62db3a200f21f82a4917674ad93,14466,35,2,2,0.19158516215751498,-0.03518762429058123,0.5275000816541734
0x19d5976cac6edabdb42b4d96821d67908842fda4,19358,52,2,2,0.2686657537512709,0.1385102224599476,0.4775063752388835
0x1c1c270b573d55b68b3d14722b5d5d401511bed0,12889444,27,1,2,-0.3248156439355074,0.08907464508144552,0.4916727981167266
0x1cc5d14c14359d992cb206f237542137e27fc16b,8930,13,2,2,0.24743075857825345,0.068777401380654,0.44835664368370454
0x1e8ea5bc8b3e3eddd35c203807a8f9cf158d266d,43046,83,2,2,-0.03280953551917704,-0.18352355511996432,0.5754472466587192
0x1f65221514b3d735a5b11a007cdf0c670dfded6b,80290,30,1,2,-0.34858799210610647,0.1665916333426445,0.4120085714613855
0x1fd011219f4453774929ddeddad3361cb889d9a1,264988,69,2,2,0.1838111798373434,-0.10860821991178699,0.5654965057981988
0x200b916188b5db8f52ede5b8a1955a36a09b49b5,23747,27,2,2,0.21249393593952437,0.023177889077251688,0.5443184132871495
0x202486b34776b26b474aedb348658aaab5d2dff4,1120691,19,2,2,-0.04955637368005276,-0.16759896981901337,0.5479827371492312
0x2025137a136bea7446deba681cbfc7cf1970840e,7894977,50,2,2,0.07167099480831307,-0.061728234460770366,0.528359618206516
0x211b221752f592aa807355786b59202f5d630e40,46251,28,1,2,-0.38097945359905017,0.17156063599416538,0.4174401232638817
0x22e79b99477ce72b85cb30ce2a54275dade0f166,25293,96,2,2,0.28188396998545934,0.16249536376441231,0.4807209264281227
0x23101557bcfad601087937192a86089d081e57f2,7450,29,2,2,0.2887384835021378,0.1409462895792714,0.4607284240326234
0x249161f12ffea65f52f3b3c56592c92676357448,43513,21,2,2,0.29167487457488106,0.07973501310994295,0.4987681276685728
0x24a9e3e4c567d0aa90f1374eb334e04976bdcacd,124662,81,2,2,0.2591493009097991,-0.00875877369239822,0.5389305183043304
0x25773676902085225ae5751075e4161369334897,16610811,58,2,2,-0.031926870763418706,-0.11097664445567719,0.5594260637021204
0x25ad068ba92b61ce2217c41270a9a69c247679af,17450501,46,1,2,-0.1424724415031717,-0.05793081757564195,0.5407186472669675
0x25e7de497c501f102e88f1798c003042f14eb9bb,70687,49,2,2,0.21406586184184115,-0.04821339180184852,0.5397260731455333
0x265eac78fb57495674227c93065d67abe6f97f70,5256,27,2,2,0.17765180500371844,0.12802068195790955,0.4218220905303709
0x26e7261bd729e6effd5aef57899d95973a55a887,8299,40,2,2,0.2381078645502097,0.12322247524975635,0.44985417846504394
0x26f68941b957f1edf0b2702296dc8d7a5af70686,217860,26,1,2,-0.25936015459298356,-0.01937561857470267,0.5003246605362894
0x27abb587437e568d67dc965d654be54819898878,119596,26,1,2,-0.3103173795843389,0.04244283477047435,0.48088665224626015
0x289263a96d7bfb5e39190bf70fd7d0c6f36e80b1,5689,40,2,2,0.16587439985269387,-0.08754293645727192,0.5153497531452864
0x29823106527c93f4cca0e2da2d0a91332ae317ba,39883,63,2,2,0.30415185856090854,0.12310706834189357,0.5002488041409514
0x29a9a6fd105e41553351630fbc67feb1fa8e4c2d,18161,15,1,2,-0.1106502696603282,-0.13155547718526314,0.5447433406293634
0x2b2054e2608c2c3283f368388aa107e66bdc4612,1308268,54,1,2,-0.3364738585653848,0.2424539935977901,0.3919700558649174
0x2b81ceb026946fb7cd225d759b811eb6e4a2d839,132159,16,2,2,0.054339799910343184,-0.02472228681076207,0.4285877171935799
0x2bfab9feba64c091da9ed2e3d82620257d546eb2,37699,83,2,2,0.29954346569119294,0.16397346901930535,0.4920012898238746
0x2ca478d068ab83150596400a324dd08098d132ac,77703,62,2,2,0.2740525499815863,0.009083738125128957,0.5209760552219571
0x2d1485a896e1ebeb6d36399af12cef09856457ba,33866,29,2,2,0.223441111914646,-0.023215098334923037,0.5404973109378697
0x2d2346c225d586be7304c8804a94e9ce5ce752c3,87919,56,1,2,-0.29937931275992574,0.11183792862927323,0.4147447989144061
0x2d8f1ef6c05fdee6a7be8f9daf1b33a108e230fe,53219,45,2,2,0.26642948945712963,0.011307774625959586,0.5297424136181981
0x2eddf3aa5c4df34f9263a98b564bec3b4ec78179,9608087,87,2,2,-0.03466246838369938,-0.10483052989111159,0.5765785019011875
0x2f616a2199a38bda70fc237aa10769802885164e,11156,14,1,2,-0.22775490262260367,0.17001772167423637,0.391875970694902
0x2f9b46001cdaa10f7dcf7c9e9b68bcda24679df9,242730,13,2,2,-0.12010985090671618,-0.16570973336399522,0.5382442242329537
0x303729b53e97d3f43a1bd13e7f4c6bf77ae41e83,3074754,89,2,2,-0.03243146285515131,-0.14133346707333752,0.5754369850639987
0x3137dab4798758869ec683b221a0a8067ae30fae,117134,20,2,2,0.06265859368814432,-0.20293548401289568,0.5345016599406647
0x330e4c08a52ced70a718be6ed8841f1f53863ac1,1194267,12,1,2,-0.1347777708852759,-0.05478288867214218,0.5480989022027684
0x339944abe7045835aeb68142d1b17944270eb323,30081,65,2,2,0.3095551818280037,0.13957988524874085,0.5010511751471474
0x33ad48ed92e3e91a98278f0f7456eae6eafa516e,6661363,41,2,2,-0.02682543252159119,-0.1295035557798841,0.5864241620962098
0x33cca19afbbd4589929e5605251fc9ddbfb4c087,181928,12,1,2,-0.3570793209908865,0.16141311108910522,0.3998690722698034
0x33e4d46f9fb8df2289b9ba1e2889bcf223a9f8b9,12794,13,2,2,0.2389214791617603,-0.0019284630317130218,0.5262562570449185
0x342f1fe54b05917262ca8cbb89c55d3112cc0877,26768,19,2,2,0.2969857808669748,0.10039819801490377,0.5058055123624134
0x34827044cbd4b808fc1b189fce9f50e6dafae7c9,2566322,80,2,2,-0.15339767088031672,-0.0884126986071178,0.5656424938189031
0x34ffa20a0893afb2c186864df704a8f5b0add738,19298,19,2,2,0.3016928041863396,0.126557683288122,0.5126946880390104
0x35383287fa793321d3fc8861d10c128dcc8acbf5,10178,32,2,2,0.2788129505720494,0.19976880693189183,0.46041672060929884
0x354bcb431a332079950d2ce3a4698745e0f66425,4188379,80,1,2,-0.06100654219315665,-0.1360397365623125,0.5656741784424913
0x35f13dc71426d4a429cf8bad69c4b39abbbf9896,4651715,93,1,2,-0.13275457447769382,-0.10967028991701218,0.5806027212463818
0x36076e4bfad9624d7feba562326fdfa2063ede23,12441,11,2,2,0.2809921151831581,0.10397610221613394,0.49797606161297236
0x3674dfce1c83ef21ee451d1c17d724796785ede7,120550,39,2,2,0.11296145039304792,-0.15573641220112897,0.547958182141371
0x388d9e1ccaec74527f73f8c87b5928ba28c06c03,13305196,81,1,2,-0.2816487416880372,0.06056944960299852,0.5259275808097932
0x3895d155b005191686476a39580d43258a518e46,38383,27,2,2,0.2559338533288396,0.09117886561560751,0.4522592628010246
0x399965e15d4e61ec3529cc98b7f7ebb93b733336,7433596,43,1,2,-0.2529459482831239,0.0330910750294636,0.5383843681810667
0x3bcae23e8c380dab4732e9a159c0456f12d866f3,16622,35,2,2,0.27514811194187533,0.2043264532950219,0.4040432943365707
0x3c40dd9f547aec5b71566c61ab74783d97e01af1,59182,46,1,2,-0.3434370387070273,0.21335077607946953,0.395290912533224
0x3ca452d5b16a4a534d47c6687085bd874720d34c,10089,19,1,2,-0.2577082420722802,-0.006984187344772923,0.5081141555818425
0x3cb96d6601635037071ab1e909bb6949470f1b70,11299,41,2,2,0.2820401610947232,0.14290840345048395,0.44890424961715125
0x3eb6bed67d046fbffb8ada21167e592f3fef5470,291148,81,2,2,0.004344393814791663,-0.1748901548168418,0.5679961852669105
0x417e99d72cfef3a31d9a525c41236912752f2c1e,73509,97,2,2,0.008278951822196455,-0.16836010373297,0.568943468291558
0x41b2afeacac13c39511500f3a0a507f7a8b32cce,48404,42,2,2,0.2548299983830958,0.014701416955496325,0.5390582306128909
0x41c55afe804a7e56ab39a7e541acb0c32dcc5737,47062,57,2,2,0.3256152901307407,0.1861097183495123,0.45689677979750676
0x4230d84bc168643535bddcc4b4d3aeec3989c19d,3373475,24,1,2,-0.30470329341644314,0.04592335371053235,0.5135333374717198
0x44a3e107c375c1abfa28c1ac5e92bc85f0b435dd,4256920,74,1,2,-0.1245394349132237,-0.0852597194077087,0.5377148976132213
0x45bef7096101ffe85c7e4fd0cfbfb3cb2bfa61e3,9970,37,1,2,-0.1385451495925903,0.0953758330417319,0.4695035952990667
0x46921f6961bdb411b756c9712f6bdb58fbd9164f,2237896,39,1,2,-0.3141064561177381,0.1978699429810571,0.458251874414515
0x46e8b6782a42baa35d3390883fc4dc2da56c6d41,754835,25,1,2,-0.20918049055877946,-0.12470288846496262,0.486197648275256
0x476e75242409c8db8afd6c5cf3e10b501bc5aad3,424857,68,1,2,-0.2936936810023121,0.04373455071902911,0.5051971937987074
0x47ddfe2e3cb39e16f783b129cc240b588a98d424,17698,41,2,2,0.11273813038600745,0.05876124349763764,0.490528907093464
0x483e1d004247248d516865b9b9e893d48359ce10,73558,89,2,2,-0.0614126412651698,-0.17156326292763158,0.5841726805609369
0x48ee1b9177d277fdad4d0302d6ab8dca69c795ee,4751584,50,2,2,-0.030497058778239095,-0.1093270903908234,0.5556306777047111
0x493364de7f4a39ed24f9c68ece229973f324d369,56724,26,2,2,0.14616401878361898,0.13751930893718406,0.40327372619692625
0x49342dc3bd40dd04c44c092d4a73687a1602cc4f,33329,17,2,2,-0.004585047416084266,-0.11753917888766166,0.5161081067700941
0x4b3adc2574a649c17c3c7d5ed2b7197b23eab284,5420,12,2,2,0.26458883327100796,0.16680878347792308,0.4719685474345814
0x4c78a97cef589b01bb91dbf893fffa14243d2444,23119,28,1,1,-0.09505878787247717,0.04538839905847614,0.312695578921382
0x4e1a1ee0aea336607f18107af0aae5387c41ee44,16185,44,2,2,-0.12059073105914185,-0.16538876046830367,0.5350800831296921
0x4e60e3a4a32d63d245aa4e4ce304b4254b088f95,23528657,50,1,2,-0.2699856767840405,0.07198316080999058,0.5115177202777793
0x4fc827306f1458aa22dd9bba99b5535f1b551e65,1106911,44,1,2,-0.32734986160059415,0.12143946996786514,0.47188073625204896
0x50e8db5da4198e49197743f8006b318cb6a08b49,33398,87,2,2,-0.04645717779998014,-0.18044172141518586,0.572620086764968
0x52ea814df88c423bd5325e84f4b6f8bf429a61d5,467020,53,2,2,0.17121626067537293,-0.09150552499019743,0.5651699314199707
0x5396afee01e323088d59c74cc036743cea1a51c3,7514,10,2,2,0.24705416572349817,-0.0006256640553107608,0.5284606109123752
0x53cc2ef0a7c76fd25c4fc5ab6a6d14d1b8fcce16,10307,25,2,2,0.17941686859715428,-0.08805666976271069,0.4416207537945882
0x562a90a48f2402faa592cae68410e97944a467b1,6274,18,2,2,0.24436082607521054,0.11490920251758265,0.47911278077544284
0x5661e424b3b482231b8fc2a59c96dbe157fd70fc,353281,68,1,2,-0.29444251703684865,0.04283039882862286,0.5057965180968933
0x5663bbff80ca0a833b7fb6225770d9ba8cd31f3f,16829,24,2,2,0.2992527509580981,0.13598384511277828,0.5054946289255164
0x56edf34cbfc2f46580654ca81ce6fdf8f06aed38,103616,82,2,2,0.2640823895188619,-0.00001565215401274361,0.5374474789432258
0x57dd78cd36e76e2011e8f6dc25cabbaba994494b,1338758,33,2,2,0.02567376060570742,-0.1187442106508518,0.5749021880839198
0x58e4ae56be8da7e60de849e0e76f58324f443dfa,59306,46,2,2,0.27252171791325036,0.0066933331152833385,0.5207667885560081
0x596dd434720415354727498476ddeee5ac89b3e7,1134194,20,1,2,-0.11334700112828693,-0.1400475957976016,0.5824444032324737
0x5a209e55c592687bb3f105f2f645c09238612d1b,2727980,64,2,2,0.02994005858265773,-0.12318372247320135,0.5799169400496862
0x5a76851beb5cdb8c96b1e819502cf1688c2b4ddf,90548,97,2,2,0.30106453185146076,0.1554251245944548,0.4680943352284953
0x5c265304d7ed55f34025ea841fa2b1e02d2b8727,35799,31,1,2,-0.07387733369633125,-0.12072033586372528,0.5342880153325504
0x5c89da21263aefbd8b388bc4cf0611182f477c28,934640,42,2,2,0.03834217876419633,-0.09539998814431903,0.5298995179740154
0x5c92c6e4b3bacd41390944cd70a59e3f88562d97,244671,67,2,2,0.10931794394749234,-0.022754115136984582,0.540846377139254
0x5cbdb794b3b36df58a7ce6c1a552f117f061103b,75896,26,2,2,0.2631701197363447,0.1344080040664714,0.5051136843007902
0x5d205e841672012f9d9f32d0c59e56e8ea8082e5,424833,19,1,2,-0.009641742323426461,-0.11836245915308942,0.5278058451947838
0x5da0437e89eef1fb67b7199875d241024ece8efa,17328,31,2,2,0.20880248154647393,0.15198668506762147,0.4498241991042553
0x5e75b7c318ace8af56f8903dfa323b288be7dfae,160030,83,1,2,-0.35674546518960376,0.16200298537382204,0.4430189380126327
0x5fa3968b8f255076d1e23ae755fd93222e509627,2786363,59,1,2,-0.21458429094994666,-0.08703770052504742,0.5171871028582562
0x5ffb7fd74981720f09170072206601381b0a1b74,12060,11,1,2,-0.24117319233531834,0.03925131420369653,0.46682075141297463
0x600e4b5de210b8fa6566c3a8cdad62f917205402,6185,12,1,2,-0.133969813047832,0.11691864610675691,0.40741698712872065
0x60373c5dc22d7d81bd4060cccb793db31d9b1f23,289940,74,2,2,0.19153074312596174,-0.09400521199117068,0.5621143217318849
0x621a5180165a0e81a60c44f6a53e5e6001fedf3b,17313,28,1,2,-0.2497507191777012,0.13527954852652208,0.45860292752956755
0x628309320e6815510a899e22e5718f67c805bb21,10870,21,2,2,0.28517017022182495,0.16661930025541488,0.4705555459707901
0x630a4e7fa5b5cb48125c16808572bd2ae34d2321,1295410,27,1,2,-0.2863696808237572,0.23722640274189674,0.42933052139335315
0x6392801cc088ca7ecf7436351fd6334d0f7ecffc,79302,33,2,2,0.255224041910131,0.07368228618752899,0.5191053275419788
0x63f6411ca61733af716c9a50a56a84ea38a0af59,3947918,16,1,2,-0.17584814570232676,-0.006572772230474199,0.5596473239083575
0x63ff1846f76ff2fd202d4ef3e7cf7e956071bcac,104693,13,1,2,-0.2861471392132354,-0.012612248180382186,0.48581470733569265
0x645b2eeaa0a46df3c4211bebda1b2c7703e287b8,632960,65,1,2,-0.34589245716204015,0.1367405944234434,0.45756707320822654
0x649b2718840b5e43f962691c2a2c070b44c0e65c,48140,87,2,2,-0.008983305539331918,-0.17803583461863653,0.580588719963526
0x64ab81622de692bcdabcfdd16f982cb0a2a732f3,1148155,26,1,2,-0.35939465664711934,0.1070864712363732,0.45041349685834375
0x64dac3fb8023b1d591212c8e6e2fc268bbbff1cf,5944,18,2,2,0.008299550075566445,-0.16936157887669134,0.532614634709182
0x64dca76a688c927eccd1101099ef2a2c630e0672,7993,22,2,2,0.18271455196868405,0.1679162500961062,0.43992552543801633
0x663c31fa96318714f3f22a471b15cfc274e946e0,31413,54,2,2,0.18317243977547348,-0.047569373495179305,0.4597757886095388
0x669d24a6cbe89d6aca157d6a8d578475e81b8817,65713,89,2,2,0.012387366190586056,-0.1756781891398725,0.5828015248852412
0x6809111be108b5f2fc57ac50799039af8ee14f8f,35359,66,2,2,0.18501969477936583,-0.04826495962212641,0.4623858763056754
0x680f3431758ec9c95bae1ab71ad5a3588fd2e71c,122880,20,1,2,-0.33932995624399187,0.21897505529446004,0.4180074872537034
0x6833635133dd351288c2b77c09d60965ac1ed5c0,29934,78,2,2,0.2075347955798857,0.06422200356230118,0.5152524064644874
0x690e0ead2da0fb07205394e5b9970b4692a79e63,21330,36,2,2,0.3031850608208195,0.1424108429362203,0.5019905853294376
0x6944592202ee61777ed79c803969951dd67b7bf9,70211,30,1,2,-0.13349989676808816,-0.10023353562273107,0.5391546851210659
0x69ee6ed88b70856983bcc13b1c454c7957411bac,30920,64,2,2,0.18501995136426103,-0.045854486645695906,0.460671105400258
0x6b3008d6e60617f44b1135ffc669fc87caec75b2,316242,10,2,2,-0.08566248965743405,-0.14963595254817974,0.5575610331978693
0x6db7204f8783dfddf80b957ba5e40e24251e304d,5735,33,2,2,0.10081325882208239,0.07956951702436843,0.5017666533559155
0x6e6f2ca77afaee5a22dc3cf0f903f39a548a82a6,103127,50,1,2,-0.23165100870741198,0.025042595763789213,0.5038880221973854
0x6ebb12c7f8b43adf4c58a5f5a377ac24c1569fb4,21923,15,2,2,0.07173612312745596,-0.14470803389437328,0.5388059261347502
0x6ecbb68c07bd4be7adb7f0365e9263e382aeca2d,81548,83,2,2,0.03662009047450853,-0.1800445822833374,0.5826442610440521
0x6f63b2b24858391a8cc023f37c381ddceb902bf7,785656,32,2,2,-0.12008420591428762,-0.1519555210443466,0.5466951402725636
0x6fa109ac9a34c760d2fa8635bfe9ccbf9743b286,42973,68,1,2,-0.22134973466750457,0.07972277855718532,0.4204347420481783
0x6fc0af3756c7300943019e7349bcfcb80e76966c,17045,24,2,2,-0.1861134290225151,-0.10612626761858289,0.4713425054068816
0x6fe7f3bc9a5f94a0a4bb3513ce23c8a2a17fc367,7258,20,1,2,-0.12940230550730236,0.08771224295343255,0.3616826746499884
0x707c049276cbed4436dc9b63295e94132d37081d,276835,36,2,2,0.07094494156331163,-0.19220699556163132,0.5550301970202087
0x7225a33aff56591393b77d411bce2b4664d4c723,669862,26,2,2,-0.10250025456396852,-0.17184665473153898,0.5595345273912695
0x723fe6e68bced0a7029d336ba84d5e08080fd5d9,82679,74,2,2,0.30657524854745083,0.16828196140667134,0.46408250400939643
0x75f15ad634f336f63754254c0ea13d953cf6fc4e,228527,39,2,2,0.1352026845982577,-0.1908983544077613,0.5026791274736288
0x75f3665323cce024368870bfd89db0c21e1ce76b,16450,79,2,2,-0.03617548545028263,-0.17176074008638378,0.5637422994559609
0x76537e159ef79ff8dc8ae21ee0763a120262d004,57442,46,2,2,0.27417064937611035,0.012877485441468646,0.5179020395787736
0x768fd9e9ebf2befd03c455ad5d85d520bc1e006e,38430,33,2,2,0.23778838745251077,0.006119835359054606,0.5418963074215969
0x76987ceada087975a0cedef7753f25bf86234480,1864482,76,2,2,0.075051720408674,-0.09490419979223909,0.5358821742017501
0x77001f3760e212769cb102dd82477e1b07f84216,542054,57,1,2,-0.1446421715063448,-0.0691149278722955,0.5602749238994928
0x7717a7a245d9f950e586822b8c9b46863ed7bd7e,874109,20,2,2,-0.12691546124448502,-0.14579529719973158,0.5540316400881584
0x78f4c1da82b1d44df1fd987c51793ca755eacd34,36825,33,2,2,0.17145850070542057,-0.029643741057119064,0.5382338222609266
0x7a371461689eb40c25bcb726d3aef33061b8da50,33253,17,2,2,0.3108391765724008,0.1206749100963998,0.49574137164173526
0x7a833ef6cc97e6c027d5fed9965fdad5ef84d889,13458,54,2,2,0.221382727829571,0.13479277416812777,0.44373241717770007
0x7ab12f7a0925ef24927343d47199e75a91fc78aa,55294,52,1,2,-0.1792698048194494,0.04038197664270651,0.48505802320860447
0x7b7f72a28fe109fa703eeed7984f2a8a68fedee2,11837854,31,1,2,-0.16948877428587902,-0.037533377476095794,0.5624691215161453
0x7c0af245ea07157014ff24cf280012b04399a22c,5025,29,2,2,0.07630331851628391,-0.03259677134058067,0.5039395977743784
0x7c7b412019186684b51bdd98d4cbc33ccf1eee7d,11919,18,2,2,0.24797798573574664,0.12909531890009301,0.4514583450806078
0x7de1e2309e13a32e56d58cd17c6a156f86f8f867,10369,12,1,2,0.022695778122151178,-0.07620907660378798,0.5146971003020666
0x7eec11611ed1c91abeb5029b8c95cebe2f083816,2684953,61,2,2,0.047525127530257276,-0.1845663206487433,0.5845980116005987
0x7f4435c031a7106f969a43f1724bfa8d10628726,558120,16,1,2,-0.35210014112653637,0.16464325319845158,0.43125238054400805
0x7f6cde7e5c25825e2d630fef1d13bcd13e4869f1,130846,52,2,2,0.07495528618729258,-0.16529293357041755,0.4853085080692062
0x7fd284b3b84e67530e8d89e86288bff9fa0b20c7,604302,32,2,2,-0.06560433845820823,-0.08537967782708693,0.4982083223936483
0x7fdafde5cfb5465924316eced2d3715494c517d1,654950,26,1,2,-0.31178148072705836,0.10608608642496055,0.474100471112332
0x80027b436d46ceee244e77135611e6ae705dbb34,78315,34,1,2,-0.3589286293717964,0.15023419298202356,0.4223446849891326
0x806ea832ae8703cf703a8792268c8141d182158c,83711,96,2,2,0.3036725661627455,0.11205762639507544,0.4945327542486896
0x8199c938d7f3976b6c47a6a85cec5bff490ee001,12522,41,1,2,-0.3199380227674034,0.042941266739462115,0.3976218295793168
0x83027df4f3f749a1f9dd8bbc976eee49653c1d72,6957,50,1,2,-0.12817782707750214,0.02013672190754324,0.4818064450265829
0x83bec364a5206feaa378718a46e1c947de5f057f,66472,64,1,2,-0.1890668628343967,-0.04879982353674847,0.5136433091544336
0x847bd1ef4fede0fe191129894d63044843f4d473,5353041,62,1,2,-0.2999604441425131,0.2187879711649963,0.43344795246388157
0x84965752dc5abd206f1eeae2ff58b41e5e3c7806,29628,40,2,2,0.3107575481886088,0.11749455851958103,0.4907662206151543
0x84abc08c0ea62e687c370154de1f38ea462f4d37,8263,10,1,1,0.037500772693517474,0.30212272956048075,0.23671823176728957
0x84f9ced63237634cdea962fe18a3a718364a7ce1,26589,19,2,2,0.2534781830520455,-0.001839880948077176,0.5294400726859709
0x856c35038594767646266bc7fd68dc26480e910d,151941,26,1,2,-0.37696169127996293,0.13552112842757985,0.43238186070461526
0x86c4e46e1e6177996ede8ad50149af10b17fe99d,41030,28,2,2,0.28673555046416027,0.06655201491232683,0.5043527607143781
0x872fabfd6a78a76bf0219086c011b1e5d4c95312,89353,67,2,2,0.2620390289740349,0.017506437414071055,0.5371100440817511
0x890ee2210dc42e041dac383ec776be6d31c9fdce,9096,15,2,2,0.24006813511199837,-0.002383809509062155,0.482652816542364
0x89b4909d0d0b214199d592a436fd277455378d6c,5286,17,2,2,0.1590221595814112,-0.10851106599357825,0.5323780511257934
0x89f76594c34cfc4a75ce92db7caaad980e210a0a,804570,87,1,2,-0.1608943644859791,0.031133651752943463,0.5298737803743128
0x8a265d24c0c4e611119ba4c8fcab93fd987d343a,13318,27,2,2,0.29153259538240556,0.18229843393650869,0.46615220902331056
0x8b8ed3d4775e6a76a82f022ab62281a2974df1ca,926148,65,2,2,-0.009223643314043484,-0.17328315235448266,0.5683337721910495
0x8c14e3341eb81a21358ae62fff9598e7d8505185,94841,67,2,2,0.20320425314767077,-0.05354002176538588,0.5479485565305147
0x8f679eb8059c5f498deea67f3b383ded582045b4,203753,41,2,2,0.10482485898535084,-0.09705464543364521,0.5631881972297481
0x90ace6f5de13a41c614ce2ec64d609c7639fdd10,47708,31,1,2,-0.18151944803746942,-0.047742266931353576,0.5385710455820178
0x90cc9850f850bb51a2cc6054a8a57246c02b40ed,50133,37,1,2,-0.11626844319573809,-0.02073815685260004,0.5254663926899317
0x912f6ba145f003477d44922dfd1a0a1bfe015b27,30673,26,1,2,-0.31401896720826905,0.16053962456396415,0.40810811469090846
0x91344baffce7b403d57a6d7260f500a4d501f73b,87436,73,2,2,0.2836676957904471,0.1044381424720491,0.5168719000257296
0x91ecbd8d6dc9c40378df888782767fbbc10e41fa,674007,38,2,2,0.1450831781608831,0.17607738533466985,0.35797287046944126
0x91f112e9eac73fc22f44166090c1b2cf695101fe,59475,17,2,2,0.12213666563328526,-0.18972307647130585,0.5124544414651839
0x949b24b7a2afc81b9c01e7d61da85ba06444eb05,50371,31,1,2,-0.14873123933815885,-0.09444762378004704,0.542514815408289
0x94dac1facdc4afd2614c3119447187b4143bc449,132424,17,2,2,-0.11893883778206273,-0.14430915880742545,0.5465828070943163
0x96992ad32f605888e9dc145cce867bc350cd0ff6,10193,34,1,2,-0.2833795189498635,0.04632693756144441,0.47303053302389275
0x97f5eab68d91a9a8b037493323fa5d5df95a13b8,69932,24,2,2,0.14988456347892273,0.053708361292297155,0.5149423741849691
0x984494c0d7324fd4981ef44d42b01c66125934ea,9594,12,2,2,0.2363235520889483,-0.020260709014204417,0.5259033867122356
0x984e16e759ac515784f90dd88443260e482c63c1,86016,93,2,2,-0.010931397109362593,-0.17818982965158178,0.581771224142849
0x985f02b19dbc062e565c981aac5614baf2cf501f,10122,37,1,2,-0.19253078413518662,0.012382981613541759,0.4756454673915189
0x9887ac3b69538d77caa7f88c0688b740fb05a11f,521969,71,1,2,-0.29616973850136463,0.037064921141792724,0.5026828681436412
0x98da633cc3814857680eb313de6770b7a801f13b,10879497,40,1,2,-0.18202751830554084,-0.04400412383109273,0.5451325970312562
0x994ca87d1da1824a2d2f1a8e4b6ddb70ae48e7f5,724239,66,2,2,0.13133406958724234,-0.17406893428986756,0.5482769709380406
0x99c641913b895b0180d6c8ece787a36dd8f99344,21532393,95,1,2,-0.19920031242550307,-0.007371284116003156,0.5329334781531628
0x9a3664a58b6a6579319c44bdd06a381ec8b47b6a,92544,85,2,2,-0.023114766421600676,-0.17732310557089628,0.5879365142724952
0x9a7236c4afec1f5731abce7992ff0529e94adfc2,17707,16,2,2,-0.055033888761245785,-0.0812827514682754,0.5119065917118168
0x9b883651182137f33efda174f831d9918182afe0,34562,83,2,2,-0.02352516233825578,-0.18563453191281917,0.5761785584288542
0x9b89b84179fb680d97c7b2ea80ad2e88e0811869,3830465,85,1,2,-0.1808354576913223,-0.043453851824988364,0.5422428821582709
0x9bc74cd18a8373eaf3b16abfc62c67dfb2312a1e,27751,47,1,2,-0.3516843441783704,0.11756747966443831,0.4545572377976378
0x9c70d39a75f55ef8ae41af10292a1c915e3c4323,440862,79,1,2,-0.16329766407084714,-0.044652666956731354,0.5462993357702031
0x9c80801cdbd3280dfca2dc787aadfba8d2d6cb8f,152452,33,2,2,0.025974312957376337,-0.16439708509517253,0.5287400608181201
0x9e8565802b38e9d629a7da7a916f11682d23bfeb,5430,13,2,2,0.25792668829290927,0.11564814698835982,0.5022981297096227
0x9ea9f8d0697672dd2a504c3ae4f85eee67c5b4e4,52850,20,1,2,-0.1559890924149993,0.05845004985760499,0.4402876613732464
0x9f3781a54303ce694e47f7b6b694c87b87983216,10102,39,1,2,-0.11070725777632776,0.1632829291831251,0.4139098611656935
0xa0273bcc0a3f0acd195a302f72c86afbd632aaa3,63203,50,2,2,0.2599600242844824,0.0063483563566340195,0.5421564038812401
0xa123089267e1dcb7ad841071355617c65b34397b,35765,41,2,2,0.18700205270836404,-0.10165044023549605,0.4873573152812195
0xa242b590f63941749be337eed817af40b61fdd7c,374794,15,2,2,0.06679264651655503,-0.18473851740034308,0.5452150898403344
0xa24c5ca26c41cc52aeac1d6886d37f6dd5d6949f,5793,54,2,2,0.288830088008562,0.14205866803131262,0.49147202184998406
0xa2aba48c45719262eee06ecf328ca4dce7e750d9,54648,31,1,2,-0.0865468754420298,-0.1092261741918607,0.508723131942795
0xa312114b5795dff9b8db50474dd57701aa78ad1e,42568,37,2,2,-0.20796479814579108,0.0008601833212453584,0.4820499128914639
0xa31441e058492bc7cfffda9aa7623c407ae83a81,25322,48,1,2,-0.2616859020622955,0.07541911329941578,0.4368750718596883
0xa33a2a0179eb17700f12877f3c331b295037ee7b,15102853,35,1,2,-0.21034846522973724,0.08606796058657794,0.5071523362149575
0xa38f19c4ccbcfd64cff676d72c436f7e6239dccf,3175347,81,2,2,-0.01326580846173331,-0.14403449183742972,0.5911122852875197
0xa3b5671871105a2aa47be6a5a76c68de70ed0600,67542,20,2,2,0.015749277027951158,-0.18573694741543995,0.5680250968406915
0xa3cb11aab38f6054d6a4e82479f94ba362478d20,131805,10,2,2,-0.05543548142042834,-0.15673376331234665,0.5352942976753663
0xa52ac093d552f673e41a73e4b87256dec9e407ea,57406,29,1,2,-0.06826234920608361,-0.10918339607479696,0.5357326541570664
0xa5e3b79ebb74c75d6f415aa0b5892c83a3628fa7,36409,32,2,2,0.27649718200934875,0.024784072688699223,0.516326978988823
0xa65699549996aad69084920bd9bd8ef8c911d62d,59522,88,2,2,-0.03624501996943096,-0.1822411076205284,0.5747006139099153
0xa6fc599a28c4b23b7f74bd391c56dfda70d48693,8855,72,1,2,-0.30545316687300056,0.14034320429460823,0.4083588440306004
0xa70ac79d24b8ea7dc8899d6c2df26488130b4be9,93974,52,1,2,-0.2351851410578102,0.01905906275280188,0.504648817815466
0xa7abe1c2dc27f2ac6832422ac6fe887e1410df4b,7719,30,2,2,0.20804591288794141,0.06712571184064592,0.5360677201475623
0xa811c97b3006406f302dc0c2c2d50a22869ec80b,68471,89,2,2,0.01832563146575373,-0.1784684077852977,0.582195342661478
0xa81c5104c30beadbdc51e8321dc8516060d2addf,48208,64,1,2,-0.2611105224984086,-0.0020322786156414894,0.5178035945178036
0xa82b3328d8fe43a222f2a70317281ca03bccf4bb,17352,11,2,2,0.29991455767514436,0.10011491907385167,0.49876135346603456
0xa86290d695158a6e2fe31daef34738dfc57c587f,6218,28,2,2,0.20586492097688985,0.10231360892621195,0.4490834225904572
0xa946d863699513cbb79a0a8af9ad0ffffb355e16,587122,10,2,2,0.0015492847139598458,-0.20592851356073133,0.5379945062168331
0xa95db61bd736644051f14c644c92b93a63ce8242,504756,12,1,2,-0.36350449557671644,0.1401981390529759,0.41878228179948107
0xa96371088cca02a8567005bf820597bcfb0d90e7,339537,18,1,2,-0.37229081870158187,0.21741125365277014,0.39506607541774275
0xa96e8f0b9e6592b77d567c712beac79f956a2d7d,1004548,21,2,2,-0.09130092612985248,-0.16006440941851913,0.5528144780360735
0xaaf4aa93e98c43355c1fe96fa760aa5c239a4b15,114535,91,2,2,-0.0019846143533052874,-0.18434655410582307,0.5839089203286845
0xabb89568d273847c32fb80b7b73b12f1b38d7151,31175,14,2,2,-0.021723132490604615,-0.13121960463179866,0.5393558017910043
0xaca2d79168f9e9072c089e5f7d6eb0daefc13915,19893295,32,1,2,-0.2513217353463014,0.19187270825689537,0.45624866286466004
0xae913ca2740030dded1d6833eb354100a6820bfb,51340,46,2,2,0.28076950126262207,0.084823562805003,0.5311412815930188
0xaea14980ffb4e1642576be82e80a22c0f789af38,541351,24,2,2,0.04385253094952763,-0.14205727505498114,0.5820712102394123
0xaea8e3bd369217cc6e3e6abddf0da318fba8e59b,17325,21,2,2,0.007186571052373066,-0.046266102551355257,0.5167522942805486
0xaf1cb7f8573bc7cb2f0d006c19c68e5b2e745982,23855,45,2,2,0.21140974890119865,-0.02691736850276256,0.5076716986138898
0xaff160dbf3b6659803442deebcaf8d7066aa78dd,29102,14,1,2,-0.32166989005876045,0.11544371977229077,0.361354403793555
0xb0a9214592fb899aefab0b615f2b870276cee092,1158216,89,2,2,0.052801090437866585,-0.12922599464080214,0.5825753956108635
0xb0d5ef823c1c215d28db12b8264c2a4ffea141ef,28093,44,1,2,-0.3492243558111439,0.2132118780574727,0.3967395360593623
0xb10b836f1f356011da24cc664e3ee83aab35dbdd,62939,46,2,2,0.2689625751534259,0.014518888012020812,0.5318011082599348
0xb24e468b4d79732f51b551b3177b973dde8ca82c,869952,16,1,2,-0.1041721294038036,-0.10073252409164159,0.5595785978259327
0xb2c3ff17659ed46003b74a873ed9ac400126aa4f,64540,14,1,2,-0.32685431634840173,0.06191548708168759,0.40428488482161773
0xb30bda7a381f676e7ccbc22c22c9e594a10d2ead,81106,62,2,2,0.2689526093206093,0.008587183608617025,0.5229600419071831
0xb53a6b2c1454edff28f37277d82e1e744c614cd4,5020,12,2,2,0.23270801887099818,-0.014545719602141731,0.48885280604527204
0xb635691cf71ca849a4e5c912eb1478b4749b1708,54121,18,1,2,-0.08840082382441372,-0.10578336804867364,0.5341815008633435
0xb65cedab8ef0c61fe3897051d8974abffedf031e,39792,79,2,2,0.27553358577018355,0.12962887473145204,0.5176516971310643
0xb72c32cba7373d8b4818ef054eedc0320c33a9cc,5431,52,1,2,-0.24486786198411323,0.06142927333052586,0.471898547492946
0xb81103c054e34f4da5ae2b5d26cf46439049f547,33281,46,1,2,-0.31982174959090137,0.04104603660333225,0.468203257444343
0xbb3d566db8cedfc90c37fa20bd32e44e5d42a779,87157,20,2,2,-0.03556853288750338,-0.13662865505442237,0.5334809398627471
0xbb7797df392cced85a782528a43782d1f8d65b18,10037,24,2,2,0.2139870524192546,0.1429057030410427,0.4365395202474355
0xbb8858832dad3d05c84a47bc4f4c936917aba683,42429,31,2,2,0.2915353163743156,0.10082292648580661,0.5104455544534848
0xbbde240ded67e3cc306c83d8f5a44237df02cba0,5960,15,2,2,0.10879026801260716,-0.03186869822823191,0.45946369749074334
0xbc0a7a472bfcc6243bb28fca1d2f5e43edbe7553,12272,17,2,2,0.20620474397307273,0.09310072260237211,0.48489162483174175
0xbcd420d13362532756c968f663f96ba95e240dd2,33566,15,1,2,-0.2205532329454853,0.13296811469180353,0.42915569543078413
0xbd7b48a5f74fec74643899795b6964a8fac7e69a,138427,73,2,2,0.22207013763822034,-0.0017138178558231063,0.5375757493277413
0xbda495ebf6fc94d61f9a7f22b9877273378ed82b,68343,87,2,2,-0.03846298579437466,-0.16569574486444666,0.5866363767758942
0xbeccae9ffcb69e9d42a1d4e744abf8056149562d,7941891,84,2,2,-0.07706932548698973,-0.13045824341237694,0.5508940455362785
0xbed1f9b853becedcc054299a0d962096c19a0790,311915,26,2,2,0.09912660949181393,-0.178874786491966,0.5341640052231268
0xbf05192ab8cd05ce1baf15060dc579fd188fb9ce,59145,60,2,2,0.3013459284253173,0.10070263609409266,0.5164722344082898
0xbfa317b7468a97e4e6a7a3c138b86ca0b7395477,79756,88,2,2,-0.0017703535877940134,-0.18242151370659573,0.5824004632744633
0xc06dd151c27dbe535ae95797e8aab1bb8b8cc7c0,1588958,75,2,2,0.10710290893375124,-0.17493408479422584,0.5713907704137301
0xc1914d36f97dc5557e4df26cbdab98e9c988ef37,4674105,92,2,2,0.08858869264700049,-0.13276464242232658,0.5877790747750126
0xc1f8dc3c50ba9905f714f979ecbd814808ff0a28,32767,65,2,2,0.18602665983044758,-0.053133796054016844,0.4581968883429053
0xc3cea15cfe9201b52cf5d85a7613b76625b87781,10521,16,2,2,0.2750287608790287,0.11381000317628046,0.5184889604365716
0xc42ec9d9156d9196f9a3887380ccfaaa518e4c8d,8438522,74,1,2,-0.24323555378202238,0.039938460526611076,0.5242140112122342
0xc6a650caa665df54709c27c74b7bdd87186cb80f,12117,18,2,2,0.21872858543155838,0.2072269202896643,0.39830616431068333
0xc8264ebc379e26946e7d31ae4746c27182849755,2332275,18,1,2,-0.2142762963435516,0.004903092368861137,0.5554660440792509
0xc897e2a9cf140a9035e2aebaa834ae98196c152a,182307,23,2,2,0.10751670304390792,-0.062124810473537274,0.5776707137779118
0xc8c776a88c4b3f4792c2b1b57e555e44e7b139c3,9656,15,2,2,0.23035775967614816,0.005930377861733563,0.5265392788921035
0xc926ddba8b7617dbc65712f20cf8e1b58b8598d3,1174930,17,2,2,-0.0370291663439762,-0.15308515453716492,0.5439223864392781
0xc9b21c274a570445c82179f5e8f6bdb1c9b0481e,129467,72,2,2,0.21214419443197832,-0.0018610069212019482,0.5399185486285577
0xcac19662ec88d23fa1c81ac0e8570b0cf2ff26b3,12793,10,1,2,-0.2588851847526882,-0.00956487941722314,0.4773492262393336
0xcb02837caaee310c178501855b63bf7f4f4b1f8b,55387,86,2,2,0.3014714846793481,0.15108352379712764,0.46489125184402713
0xcb44a705a86ce19ea5e0b0c67f1a9df24436d1f6,6233,11,1,2,-0.3343739005593776,0.04966438367739335,0.436119120177926
0xcc5b1fef95f632c4a25f95ad88bfe12f928d04cb,117986,32,2,2,0.1959594549317629,-0.0074171044376235475,0.4915607596899765
0xcc775e17055e1ac99b8d85d41586c9efc912cce4,86640,74,2,2,0.2543852223101749,0.015020385561873973,0.543404486479237
0xcd7f60e9437ece5f14cd8860401fc86ba99a3216,51404,15,2,2,0.14789246132239428,-0.1286024105150564,0.5600430326983923
0xce975678a14f17a15c946b95704744cd7c677e78,4518113,48,1,2,-0.1874791880820537,-0.029481122692438754,0.5271840328098203
0xcf35be72d88d933e0ef2c69c7b9dcb23bb9fe5bd,8129,19,2,2,0.1533119292607752,-0.005019140038462378,0.4663579287315467
0xcfea17596c15e0f4fe3ba9cab1fcbe804bbbdbbf,80751,85,2,2,0.0372654022586018,-0.17327872580023276,0.5852448275282358
0xd071d6d6ea52f5aa34b79e47f908ee48c8215837,6544651,12,2,2,-0.11786819656227743,-0.0662686754174884,0.5461534073877712
0xd0956a1eba0a9060baf5f73ee26b9601dc47ec43,3943367,16,1,2,-0.17491751793363564,-0.007096939109451729,0.5597727071232922
0xd0f9337179d095d744be87b33d569e5c1aa8ce0b,6419343,95,1,2,-0.1962716116404649,0.02408425124955145,0.5462693541032398
0xd180f9dbdbd1d36156ea4cc6efa151cd6e14df59,426309,72,2,2,0.19347184499448522,-0.08818133207575234,0.5314872999671307
0xd2c555b02faa9814a6cc9f458dd41f7bc6d0d381,6864897,27,1,2,-0.2622426913999831,0.10043337689545269,0.4699315519034767
0xd2ccf2ebc5be12ef15235ed6dd70d3ec84859541,10121,15,1,2,-0.032808391170300995,-0.029406055772573467,0.5611426989514846
0xd33c704c68518e527bdcb36f7966c80edcffbdf2,202304,54,2,2,0.16011707801745012,-0.10293925656736601,0.534517670142972
0xd3a3fbb529f427147f118deb7ef95ba7b3fa3115,14055,11,1,2,-0.35145225501448807,0.14721372422709658,0.4164477011713559
0xd46ee4619bad797c572647408406eaf896110003,13640467,75,1,2,-0.21574925661817487,0.02835033913562746,0.5429881796318965
0xd4a7ae4d2cba3f780150cda7dfbab2a62a6bb939,71200,31,1,2,-0.10905696718548247,-0.11196613519994231,0.5241828889491976
0xd63a59f21a5ad8c2b23e64ecafdcaa9178c8f002,8110,11,1,2,-0.35346201413321837,0.211487528295953,0.3813937561374846
0xd7d8d163c5c5be51b00f74983f842cab6dab9a9d,595515,69,2,2,0.11120105783468694,-0.08087807906172652,0.5793436946621826
0xd842ac3fe223fc514c6ca3f928a3c980d1b5100e,490636,49,1,2,-0.19011459672784237,0.036991917107981234,0.5198728031164035
0xd8592afc09c864df215d8012122aed08e4ae453f,24661,32,2,2,0.1626526014216854,0.11994419641959822,0.47579498409223064
0xd8ad0fd8b59b759d9ba4f1293b1f8d8d113b7598,1455247,97,2,2,0.12584049982995646,-0.16238431251278493,0.5551905385951312
0xd8c07f55f3ef301e1a78306ffb295e8743720843,11062,38,1,2,-0.08605499816119497,0.04275231317365679,0.46335099818841474
0xd9d870eea60fe5ee868b4f7c8227b422c8520f2f,101285,78,2,2,0.27701554009238016,0.07854719024827805,0.5075539505598825
0xda3768e9299e1fd81708ec030dac5ea37125f7b5,3069424,64,2,2,-0.004064919937986245,-0.16008324270918659,0.5467291325076749
0xda8ea8c8da09afec518a955aba00c3f3efa8f168,23071,62,2,2,0.29980212244495663,0.08001438177732664,0.48565710276467766
0xdb4171a29650d9c8cd1b8f33c15644a2a97587dd,34314,36,1,2,-0.3432653914312769,0.11148069320802693,0.4687351360564018
0xdb62206f826446d0c2a8801eb51332cb844d6773,11023,88,2,2,0.2754604304427937,0.1994210278072967,0.43383036605340797
0xdb6995164092fc54a0c33fdf032450d1f6f558a6,12717,10,2,2,0.23823555103049696,-0.01682991597916161,0.5272260395869237
0xdb7cc8d3b4bfb4365f59f0f66cd8a84b74b29a5c,14872,16,2,2,0.27954959490348663,0.04429301340378198,0.48611184594702317
0xdd4f66125defd0265f806a0ccfd0ee63e2bb4f02,7644,32,1,2,-0.1878539428714789,0.007766978129461929,0.5100176686297511
0xdeb4e421c6c2ef444878739d1620fd715ca5fd44,81967,14,1,2,-0.2108294822904907,0.03648523516091106,0.5129510922180076
0xe056eebc2c7acfc782d47ebe18ad71735480f72a,3380729,80,1,2,-0.09492605239806506,-0.03787949494305934,0.5520628044133811
0xe0afe5de6831901db80d7ca9d17475f78b1a870c,587348,63,2,2,0.25427414348115646,0.00034016662404515315,0.4931740012131519
0xe2990ce029db870c805e90a1a8a1d8a1c52255d6,157852,57,1,2,-0.11615466490180933,0.09610554648898956,0.4468680081725912
0xe31501c472d557bfa145ce105d325fb2dd4cb867,507845,72,2,2,0.07068385289248573,-0.1545714172894623,0.5381659151020973
0xe3150c2b6e20f1a3510a6c8e394d11460389c2cf,84749,48,1,2,-0.3414795294690784,0.21954920528090885,0.3956047501251393
0xe3a0d8e565159f5bea7ae719db0a4f058f6da0b4,20653,97,2,2,0.29351050659121053,0.165589203737176,0.46739885275583415
0xe5ddb76c071ab59b96e97a839a941d02fa99ecba,652423,30,2,2,0.13601014792797186,-0.1596099541104918,0.5473420975009763
0xe67f141977da22e5c34d15c19b35f180a1532715,11374,45,2,2,0.20765586781580037,0.16722996088635925,0.42819922068206806
0xe6fe2362f915d627ecbf401b0ceef3dd2b2b79bd,7414,43,2,2,0.30915852504526053,0.170048902186923,0.4283310684052237
0xe90bf24e807df04f1513d50002d78bfc22ee84d9,2499265,16,1,2,-0.16341418658717258,-0.05569987737876347,0.5448051106006334
0xe97ac035f289f2eb4c04b1dddd1d2d99d85c85b6,17473,63,2,2,0.28963595073382553,0.20076933627167523,0.4560218211599891
0xe9ffe7698f46f96f980f2877e18c43f5b4165903,25897,71,2,2,-0.1329730780373504,0.07543112931731276,0.4992223501623413
0xea0e878d5da1f786c035355cd7a8d381a6276766,3939607,16,1,2,-0.17554356957917122,-0.006485404694579363,0.5594331374236095
0xea2bcc91f16ad5e1be8956003fd96efa4592d147,10210,50,2,2,0.2687168529276772,0.1627055465109942,0.4816887802983564
0xeb9391195e31aee7bd1d4a33afc36acb67b5b3ec,53223,36,2,2,0.20313750830904595,0.0906696806637839,0.46202500257644974
0xec242b06eeffd5d7adfbd06a9ae5216de6470dcb,17794,10,2,2,0.03324697422553504,-0.2215827690417426,0.45971559980298016
0xec7c3257d80aa80d06d996517020744e40a70b05,29726,81,2,2,-0.0642993864064368,-0.16838494795984413,0.5736624419706571
0xecb63caa47c7c4e77f60f1ce858cf28dc2b82b00,16758370,81,1,2,-0.12104361826677813,-0.09202555634580407,0.5849590305944341
0xf12474d3dc642f9712d94643477affebeebcd738,25152,22,2,2,0.14199909738389108,-0.11990898681861913,0.5048324294952862
0xf129e9c78fcdbf02051f87ea0333c121825a1125,10674,17,2,2,-0.02611492927270122,-0.144743382815109,0.4999517822304259
0xf1e79e5cf063073deec9a0d86c178f7cde84d479,65456,27,1,2,-0.3161941506424353,0.06936559674523288,0.47249197308310154
0xf1e8f807dc77c51d6bd69611bd4923e1d4cfedac,7095,16,1,2,-0.07321625146219694,-0.010709119181947347,0.4501508562958586
0xf21cd17b9db49fdb21bfdf714558cf8bde3221bd,107427,84,2,2,0.029298642913918982,-0.17109865658104828,0.5864771817236907
0xf27ebb91ea420f73b59b205ac7e0b77a90ec8f3c,15542342,67,1,2,-0.11973459188883605,-0.1139016890279968,0.5849570184014578
0xf28e1b06e00e8774c612e31ab3ac35d5a720085f,257790,60,1,2,-0.2869909416270579,0.014512640945358356,0.5145489715635294
0xf30120f0487a9093dbd47a69527ac9a9edbb7895,3965043,16,1,2,-0.17581025809208367,-0.006290734290590818,0.5595384604404556
0xf315686b49d91440f57d2ecfec4f7bc3d397ae76,9203,14,2,2,0.1438985699710079,0.054905170699490156,0.4845401815683392
0xf33981c8ba5f42082f001cbc31a2a16fd0d60fbd,77864,32,2,2,0.21446095964195883,0.08185373574398189,0.4605908424466607
0xf36c562be0598b8ce109998b6aa2d53ffcd8316b,2110224,97,2,2,0.15859712172931698,-0.006722774038661648,0.5765462444710732
0xf3ea98c72ff0b195db5512abe4c6e4e6fe8534b4,410143,22,1,2,-0.3556896820777444,0.12862102399389783,0.4419539164377211
0xf3f602af378305e77053b41805efed36a5512458,42310,23,1,2,-0.13229063095476026,0.05153326186560834,0.469717311815383
0xf3fee21b8910c0cb6c021c2ff1719b2d4c0530bb,7218,11,1,2,-0.350205051954069,0.15884025455783127,0.4122422848020615
0xf4683f9c264f357c03d33159ec6d91f6f2768a1a,499411,24,2,2,-0.013275191353930314,-0.20364208030805966,0.5354131275813765
0xf4d1786a740d5debdfef3b617f14c8a3cb87cb23,55469,18,1,2,-0.08762613319155792,-0.10090897743768133,0.5360211591835742
0xf6e3c3686e5b892315dcb4bbd2ea8228b2299405,32055,20,2,2,0.2966625518375943,0.16122057150643937,0.49277035270467673
0xf71a6ab898ad4c1c97fbdb22e955584d68cec699,709742,27,1,2,-0.25460953874191716,0.20260565582976633,0.43670972746936465
0xf8790e4ef0e8a05e008fade5d8f0c3912565a4c6,18185,32,2,2,0.14662877497983068,-0.08045605224078929,0.5125198208049859
0xf8b5bde5f6aa989c01754931e077e1e5a915e2bb,762351,62,2,2,0.09611151932032162,-0.11578830780578221,0.5175675048932786
0xf8cb65125d9f17b6b12b6d5bf992eefb45180c0b,727314,13,2,2,-0.16669633444736218,-0.10845046850518955,0.5432543167852506
0xf9109ada2f73c62e9889b45453065f0d99260a2d,20623268,88,1,2,-0.12449563544680613,-0.11091454373975608,0.56408276591152
0xf9a28ab8bd579e6a75cc5dd138954e3db8967c5a,1605365,71,1,2,-0.18892593648306422,0.006691873566704511,0.5279210072345137
0xf9bcefe0d06b955465aa9673b29aa66de754f8dc,5762,34,1,2,-0.27453592751436723,0.019077138894919056,0.46298854303765424
0xfb8cffce52cd694ee1ae8749f174b9840bb80cbd,589658,72,1,2,-0.30062450290851234,0.043293160308383115,0.5026081056002221
0xfc27136e42af1732ddc9ce2605ea9bff1b959d9d,7367317,71,2,2,-0.04873628240584197,-0.14173195354324455,0.5769666827932369
0xfc667adba8d4837586078f4fdcdc29804337ca06,16964419,97,2,2,-0.010365763017344742,-0.12563389622982815,0.5614101237749789
0xfc722d0de76547188bf2b562c2c3f9fd9035f30e,6090,50,1,2,-0.19498330145859485,0.21686272435938567,0.42033691747609636
0xfc8c156428a8e48cb8d0356db16e59bec4c0ecea,1724138,55,2,2,0.14677469814348187,-0.010406983722183676,0.5411184495654493
0xfc9b35c8bfd6416fae3934bd3d03009d76c6c695,16344,23,2,2,0.21608780154762372,-0.01366906370224217,0.528306966012678
0xfdba13d24cb423a393603d72ca80f31b251a3727,14041,64,2,2,-0.0845689512744347,-0.1604196402714659,0.5251668182462182
0xfe7ce058edc7cfcde9ef8262ba51f8d4796ab7ae,17321,29,2,2,-0.18929106290735853,-0.08207701484316593,0.48710783845366434
0xff3b20a3756d4708789dc12b5c65c8cccb5405c0,12409,20,2,2,0.047283951975987795,-0.048140183631231764,0.42700455676108307
