n_orph,n_trunc,n_fillev,n_live_end,dt,n_raw,n_ev,n_wallet,warmup
623,0,16016,988,2026-05-04,2548804,2336699,394,0
340,0,19078,1184,2026-05-05,2945767,2725492,440,0
120,0,34961,1581,2026-05-06,4127030,3835331,477,0
78,0,28686,1318,2026-05-07,4417745,4207883,425,0
118,0,30997,1643,2026-05-08,4724540,4475820,538,0
10,0,19452,1800,2026-05-09,644109,613783,374,0
39,0,22175,1849,2026-05-10,661506,617221,454,0
232,0,77858,2631,2026-05-11,4946155,4596072,811,0
320,0,66800,2613,2026-05-12,6680019,6293658,770,0
135,0,62229,2760,2026-05-13,5958127,5642719,756,0
151,0,62220,2819,2026-05-14,6956624,6437158,544,0
274,0,72804,2533,2026-05-15,8909345,8441760,699,0
16,0,18838,2395,2026-05-16,962860,888259,509,0
42,0,25084,2471,2026-05-17,1419526,1328154,415,0
875,0,70293,2862,2026-05-18,9682210,9145420,788,0
139,0,67995,3124,2026-05-19,11791386,10066414,755,0
613,0,47186,3881,2026-05-20,11210461,8202028,595,0
27,0,62706,3859,2026-05-21,11328159,8397586,576,0
65,0,38077,3690,2026-05-22,7845285,5437566,507,0
38,0,23322,3640,2026-05-23,1407313,1264800,327,0
52,0,19751,3909,2026-05-24,1596093,1385319,405,0
16,0,25869,3950,2026-05-25,1924691,1820510,512,0
128,0,76268,4426,2026-05-26,11484395,8530447,1058,0
700,0,120140,6010,2026-05-27,14336084,11084920,1281,0
197,0,87200,5795,2026-05-28,12961044,10062913,916,0
157,0,48587,5564,2026-05-29,8457351,6333116,742,0
23,0,16406,5787,2026-05-30,1403127,1171705,392,0
5,0,20512,5747,2026-05-31,1419378,1255912,498,0
232,0,57838,5707,2026-06-01,8149715,6504779,854,0
207,0,60940,6168,2026-06-02,7961566,6465460,774,0
176,0,53239,5710,2026-06-03,7664278,6090498,709,0
221,0,71292,5947,2026-06-04,12581760,9981280,826,0
252,0,120504,6137,2026-06-05,18584231,15089357,1052,0
105,0,54054,6632,2026-06-06,3374329,3084761,590,0
147,0,63890,7012,2026-06-07,3835695,3594879,670,0
153,0,111768,7314,2026-06-08,15267795,12767810,1061,0
1015,0,120607,8128,2026-06-09,15946689,12950395,1136,0
364,0,118365,8421,2026-06-10,19906266,16928921,822,0
377,0,74480,8647,2026-06-11,16483190,14029607,777,0
338,0,61362,8157,2026-06-12,12838630,10743607,729,0
29,0,23072,8054,2026-06-13,1605829,1493373,322,0
88,0,29015,8270,2026-06-14,1666063,1536424,475,0
201,0,51340,8004,2026-06-15,6990148,5918479,740,0
398,0,56217,8165,2026-06-16,9807936,8230557,879,0
275,0,58675,8086,2026-06-17,10993610,9240428,749,0
195,0,54531,8356,2026-06-18,8712663,7420414,771,0
122,0,42894,8416,2026-06-19,4007299,3404204,586,0
34,0,20180,8217,2026-06-20,1916415,1766704,403,0
29,0,21880,8269,2026-06-21,1688451,1555145,410,0
201,0,63657,1849,2026-06-22,8838674,7509823,939,5
485,0,146977,3238,2026-06-23,14973095,12769984,1447,5
614,0,147194,3617,2026-06-24,17327014,13599841,1889,5
268,0,126435,3867,2026-06-25,14289750,12086406,1739,5
347,0,112467,3243,2026-06-26,15432619,13324049,1172,5
412,0,24604,3938,2026-06-27,1779067,1621240,476,5
114,0,31845,3561,2026-06-28,2341100,2135369,531,5
197,0,103051,4469,2026-06-29,13460115,11495333,1372,5
168,0,55842,4609,2026-06-30,9616315,8433040,883,5
253,0,91888,4053,2026-07-01,12748768,10769471,1296,5
450,0,124418,4565,2026-07-02,22528117,18202647,1655,5
169,0,64575,4680,2026-07-03,6395045,5732218,913,5
17,0,18912,4897,2026-07-04,1602194,1375437,406,5
17,0,50898,4780,2026-07-05,2553437,2228875,509,5
373,0,105614,4670,2026-07-06,14847051,12564221,1010,5
382,0,118978,4741,2026-07-07,22738040,17735434,1501,5
450,0,103636,5078,2026-07-08,25815505,21227227,1278,5
381,0,119223,5384,2026-07-09,22056011,19509792,1181,5
282,0,101218,5084,2026-07-10,21169251,17866765,939,5
27,0,26866,5005,2026-07-11,3090630,2958166,345,5
1,0,34246,4799,2026-07-12,3693465,3413675,352,5
35,0,107541,4906,2026-07-13,23933554,20648605,1055,5
47,0,109684,5118,2026-07-14,22646904,19276357,896,5
109,0,93807,5124,2026-07-15,20758595,17265374,1179,5
137,0,108551,6158,2026-07-16,27063355,22253139,1361,5
142,0,160971,6011,2026-07-17,35213663,28855558,1412,5
451,0,21410,6344,2026-07-18,2289359,2082968,400,5
73,0,33567,6241,2026-07-19,4737758,4324583,451,5
95,0,101381,6377,2026-07-20,28337947,23536259,820,5
99,0,124812,6231,2026-07-21,23435358,19154240,1126,5
23,0,127680,6672,2026-07-22,25871266,21605900,989,5
18,0,144770,6895,2026-07-23,33623664,27340165,944,5
8,0,119789,6530,2026-07-24,29925164,24951225,967,5
4,0,23920,6214,2026-07-25,2771951,2551687,433,5
0,0,29355,6305,2026-07-26,4258122,3872886,446,5
5,0,141511,5457,2026-07-27,32768213,27756888,1075,5
29,0,171669,5449,2026-07-28,42951118,36417774,1375,5
42,0,231685,7327,2026-07-29,56131485,46754521,1841,5
1426,0,223034,8897,2026-07-30,39028920,32630452,1485,5
162,0,219186,8434,2026-07-31,40070811,33443351,1356,5
8,0,36480,8624,2026-08-01,3390404,3012039,503,5
5,0,67255,8403,2026-08-02,7663215,6910551,580,5
139,0,157864,8441,2026-08-03,33904756,27975403,1114,5
245,0,178293,8373,2026-08-04,40493067,35419433,1073,5
138,0,234914,8349,2026-08-05,43228962,36800897,1031,5
59,0,144084,8172,2026-08-06,38824321,32920527,980,5
35,0,133288,7952,2026-08-07,30547793,25541473,934,5
2,0,14505,7822,2026-08-08,2613002,2148656,363,5
58,0,17386,7881,2026-08-09,2823857,2444360,317,5
